"Cutoff","SHR","CI_95","p_value","optimal","Sensitivity_5y","PPV_5y","AUC_5y"
"50th","1.22","1.08–1.38","0.001","","58.5% (54.2–63.4)","6.9% (6.1–7.7)","0.531 (0.507–0.555)"
"55th","1.27","1.12–1.43","1.56e-04","","55.1% (50.4–59.7)","7.2% (6.4–8.0)","0.539 (0.514–0.564)"
"60th","1.26","1.12–1.42","1.96e-04","","49.4% (44.5–54.2)","7.2% (6.3–8.2)","0.536 (0.511–0.562)"
"65th","1.25","1.11–1.42","3.30e-04","","44.5% (39.6–49.3)","7.4% (6.4–8.4)","0.538 (0.512–0.564)"
"70th","1.16","1.02–1.32","0.022","","34.8% (30.3–39.3)","6.8% (5.8–7.8)","0.516 (0.493–0.540)"
"75th","1.22","1.07–1.40","0.003","","31.6% (27.2–36.1)","7.3% (6.1–8.5)","0.525 (0.502–0.548)"
"80th","1.21","1.05–1.39","0.008","","25.4% (21.4–29.6)","7.3% (5.9–8.6)","0.520 (0.498–0.543)"
"85th","1.34","1.15–1.56","1.65e-04","","20.0% (16.2–23.9)","7.5% (6.0–9.1)","0.519 (0.499–0.539)"
"90th","1.52","1.29–1.80","9.71e-07","*","14.8% (11.6–18.3)","8.1% (6.3–9.9)","0.519 (0.501–0.537)"
"95th","1.46","1.17–1.82","6.94e-04","","7.4% (5.1–10.2)","7.5% (5.1–10.1)","0.507 (0.494–0.520)"
