"cutoff","horizon","Se","Se_lo","Se_hi","PPV","PPV_lo","PPV_hi","AUC","AUC_lo","AUC_hi"
50,5,0.585398606286581,0.542036964895532,0.634212741400454,0.0687595916889397,0.0613758326324315,0.0768554559044744,0.530509913919985,0.507116436372718,0.554726581920223
55,5,0.550940811652286,0.5039397860859,0.596745575420012,0.0715377850936986,0.063501522213532,0.0799187543677609,0.539004466691914,0.513800200325269,0.563572334455196
60,5,0.494002966596541,0.4450483732543,0.542434513724666,0.0719856262851273,0.0632738262370404,0.0816535291027234,0.53639420454373,0.511087720829841,0.561741396887151
65,5,0.44455794009134,0.396050710782869,0.493487209871328,0.0738643919286332,0.0643963990467105,0.0840907481880237,0.537946122957203,0.512116694109985,0.563523425344102
70,5,0.348193710425808,0.303294686050974,0.393061441722413,0.0678942978821193,0.05750841916134,0.0783393250723418,0.51601293778708,0.492646586136371,0.539598838138265
75,5,0.315984375858359,0.272073672642004,0.361234151033223,0.0730014739194503,0.0610714154374915,0.0849156567354478,0.525299213845566,0.501566771392988,0.548006942188133
80,5,0.254281331697375,0.213583294457968,0.296449954920444,0.0725691141000999,0.0594851199547222,0.0862376835574683,0.51967267863207,0.498320112314613,0.542600661309801
85,5,0.199779499982298,0.162372440506129,0.238984856943913,0.0754933103612958,0.0599427288889675,0.0910034135051144,0.518982504720293,0.498756643242962,0.539017462325635
90,5,0.148063059637312,0.116121343897814,0.183469458894251,0.0812765976359848,0.0626315272121312,0.0992554393330445,0.518683662918276,0.501198466253579,0.536629434542513
95,5,0.0740260945993407,0.0510117226636476,0.101808631821868,0.0746916700274768,0.0511607693740387,0.100651193922119,0.50668572658196,0.494427734918217,0.520457930747751
