"held_cohort","cutoff","HR","HR_lo","HR_hi","pvalue","selected"
"FHS",50,1.23070788429508,1.04307599936569,1.45209159964102,0.0139063675946815,FALSE
"FHS",55,1.29789984595148,1.10150897903101,1.5293057452902,0.00183987733709369,FALSE
"FHS",60,1.33847604160702,1.13668787453103,1.57608623624594,0.000471210306163357,FALSE
"FHS",65,1.360025404419,1.15385471686835,1.60303465733123,0.000246238897040523,TRUE
"FHS",70,1.27912255509185,1.08041810848192,1.51437161049036,0.00426420213031667,FALSE
"FHS",75,1.27503393880646,1.0700529972219,1.51928133403582,0.00658494026927436,FALSE
"FHS",80,1.30504416593326,1.08368514969091,1.57161909575139,0.00499392305107265,FALSE
"MESA",50,1.20152305557373,1.01303791359501,1.42507761427413,0.0349659673673764,FALSE
"MESA",55,1.24643183221926,1.05238324817816,1.47626096772157,0.0107321524199968,FALSE
"MESA",60,1.30021501824125,1.09843710478856,1.53905861909637,0.00227972174774748,TRUE
"MESA",65,1.29729135117089,1.09463568404941,1.53746572886876,0.00267041946495302,FALSE
"MESA",70,1.18827239306511,0.997651735340603,1.41531481388003,0.0531610212896423,FALSE
"MESA",75,1.14564489488854,0.954491936893458,1.37507942650194,0.144323388999894,FALSE
"MESA",80,1.21536893782905,1.00253087362511,1.47339268435544,0.0470669585277203,FALSE
"MrOS",50,1.35015591355615,0.991046434473236,1.83939009061626,0.0570463014207206,FALSE
"MrOS",55,1.4448458133294,1.06458602609897,1.96093070274946,0.0181962585461529,FALSE
"MrOS",60,1.50802032613107,1.1175909128248,2.03484591537743,0.00720511947657395,FALSE
"MrOS",65,1.50458219524815,1.11761634284258,2.0255319249359,0.00708121023330137,TRUE
"MrOS",70,1.4695439911709,1.08986475298063,1.98149314956778,0.011594796668359,FALSE
"MrOS",75,1.35477742249213,0.996265300579711,1.84230230986306,0.0528547751977684,FALSE
"MrOS",80,1.27982479076035,0.9249443038903,1.77086500036336,0.136468442791581,FALSE
"SOF",50,1.14191533342386,0.969609749035544,1.34484067430796,0.111797821287298,FALSE
"SOF",55,1.18121100198044,1.00425253608481,1.389351165235,0.0443032226087795,FALSE
"SOF",60,1.20907307116728,1.02829904391083,1.4216270063445,0.0215791742756753,FALSE
"SOF",65,1.22487412677403,1.04037137558809,1.44209717956952,0.014887654925409,TRUE
"SOF",70,1.13003671416294,0.954815227242114,1.33741370992229,0.154997774873049,FALSE
"SOF",75,1.07391942541136,0.899756082647117,1.2817950937134,0.429570658312686,FALSE
"SOF",80,1.12023005249839,0.928964505193319,1.35087547856245,0.234608885703361,FALSE
"CV_pooled",NA,1.25443155168105,1.07168993456465,1.46833376623265,0.00477462628560398,NA
