"cutoff","HR","HR_boot_lo","HR_boot_hi"
50,1.22109483299236,1.08578531024603,1.37973366774945
55,1.26524524960118,1.12354652118506,1.42501078268104
60,1.26034712129972,1.11798777023594,1.41331310021118
65,1.25320897530454,1.11580130925628,1.41522049131361
70,1.16064942998354,1.03142701649127,1.30956762482366
75,1.22464560994696,1.08172222468098,1.40296381273317
80,1.21113602571429,1.05578038072735,1.39768664238177
85,1.33804151485056,1.14209835916021,1.56047136604784
90,1.52140097236196,1.28589454064685,1.80498132776088
95,1.46068135279314,1.16185081012308,1.82153304937877
