group,N (%),"Dementia, n (%)","Death, n (%)","HR [95% CI], p"
BAI>=0 & Percentile>=90,732 (11.1%),154 (21.0%),173 (23.6%),"1.73 [1.42, 2.11], p<0.001"
BAI>=0 & Percentile<90,1820 (27.6%),289 (15.9%),474 (26.0%),ref
BAI<0 & Percentile>=90,15 (0.2%),7 (46.7%),1 (6.7%),"6.92 [3.43, 13.96], p<0.001"
BAI<0 & Percentile<90,4026 (61.1%),587 (14.6%),970 (24.1%),ref
Percentile>=90,747 (11.3%),161 (21.6%),174 (23.3%),"1.52 [1.29, 1.80], p<0.001"
Percentile<90,5846 (88.7%),876 (15.0%),1444 (24.7%),ref
BAI>=0,2552 (38.7%),443 (17.4%),647 (25.4%),"0.94 [0.83, 1.06], p=0.303"
BAI<0,4041 (61.3%),594 (14.7%),971 (24.0%),ref
BAI>=BAI 90 Percentile (5.6y),660 (10.0%),126 (19.1%),159 (24.1%),"0.89 [0.74, 1.07], p=0.202"
BAI<BAI 90 Percentile (5.6y),5933 (90.0%),911 (15.4%),1459 (24.6%),ref
BAI_res>=BAI_res 90 Percentile (7.0y),660 (10.0%),161 (24.4%),180 (27.3%),"1.38 [1.17, 1.63], p<0.001"
BAI_res<BAI_res 90 Percentile (7.0y),5933 (90.0%),876 (14.8%),1438 (24.2%),ref
