visitnumber,nsrrid,PID,pptidr,parent,age,BA,BAI
shhs1,204541,366984,366984,FOFF,54,55.239273437082,1.239273437082
shhs1,204142,1817354,1817354,FOFF,63,58.0748078475229,-4.9251921524771
shhs1,204551,2736732,2736732,FOFF,73,72.3918562007166,-0.608143799283397
shhs1,204056,803610,803610,FOFF,64,59.2409343601924,-4.7590656398076
shhs1,204490,5806703,5806703,FOFF,60,66.5174415034083,6.51744150340831
shhs1,204398,4265576,4265576,FOFF,54,55.0090866953624,1.0090866953624
shhs1,204180,1792969,1792969,FOFF,70,73.0792949718298,3.0792949718298
shhs1,204319,360093,360093,FOFF,60,50.3216444592429,-9.6783555407571
shhs1,204360,456255,456255,FOFF,57,54.0158537855366,-2.9841462144634
shhs1,204183,4676278,4676278,FOFF,53,54.4468053637901,1.4468053637901
shhs1,204438,2790369,2790369,FOFF,65,68.6729700665033,3.6729700665033
shhs1,204493,2299924,2299924,FOFF,68,76.196095218132,8.196095218132
shhs1,204133,2456687,2456687,FOFF,69,72.5948369512758,3.59483695127579
shhs1,204049,2537618,2537618,FOFF,56,60.1527474996272,4.1527474996272
shhs1,204304,418058,418058,FOFF,65,70.9706920665115,5.9706920665115
shhs1,204362,8917236,8917236,FOFF,76,78.5073713021551,2.50737130215509
shhs1,204542,4786060,4786060,FOFF,64,60.0027300531222,-3.9972699468778
shhs1,204497,6456485,6456485,FOFF,53,49.1857913794684,-3.8142086205316
shhs1,204434,8287911,8287911,FOFF,40,42.2328882383504,2.2328882383504
shhs1,204254,475802,475802,FOFF,61,56.8377147930825,-4.1622852069175
shhs1,204269,805118,805118,FOFF,62,68.942442569839,6.942442569839
shhs1,204094,332171,332171,FOFF,57,59.0758175110454,2.0758175110454
shhs1,204129,7697094,7697094,FOFF,64,66.7333789135799,2.7333789135799
shhs1,204083,9598824,9598824,FOFF,69,68.9336450495709,-0.0663549504291012
shhs1,204044,89854,89854,FOFF,59,65.0740129019122,6.0740129019122
shhs1,204213,4952060,4952060,FOFF,51,48.8709864970704,-2.1290135029296
shhs1,204268,4391713,4391713,FOFF,60,66.1071984494306,6.1071984494306
shhs1,204208,4543947,4543947,FOFF,71,72.0248066452281,1.0248066452281
shhs1,204046,3433929,3433929,FOFF,69,70.0147294624876,1.01472946248759
shhs1,204058,4497693,4497693,FOFF,65,68.9433930170599,3.9433930170599
shhs1,203993,3129385,3129385,FOFF,70,75.5893872600158,5.5893872600158
shhs1,204484,2251926,2251926,FOFF,57,48.4071713527273,-8.5928286472727
shhs1,204506,1560624,1560624,FOFF,55,59.3576463512682,4.3576463512682
shhs1,204220,1409414,1409414,FOFF,41,49.1760527916896,8.1760527916896
shhs1,204396,1484421,1484421,FOFF,56,58.6050879197611,2.6050879197611
shhs1,204514,1778094,1778094,FOFF,61,64.8004970733887,3.8004970733887
shhs1,204467,8932077,8932077,FOFF,40,50.3334038258022,10.3334038258022
shhs1,204552,5890218,5890218,FOFF,70,65.2176091183952,-4.7823908816048
shhs1,204123,5440822,5440822,FOFF,68,73.3278527759373,5.3278527759373
shhs1,204051,1424754,1424754,FOFF,53,42.7232408506755,-10.2767591493245
shhs1,204114,4084472,4084472,FOFF,74,64.556932613391,-9.443067386609
shhs1,204112,1452365,1452365,FOFF,54,53.5340889876969,-0.465911012303103
shhs1,204168,5550363,5550363,FOFF,52,54.3342874321265,2.3342874321265
shhs1,204264,1316385,1316385,FOFF,71,72.6767517929112,1.6767517929112
shhs1,204247,9986747,9986747,FOFF,72,78.1877961926339,6.1877961926339
shhs1,204096,4653785,4653785,FOFF,69,58.1045743917461,-10.8954256082539
shhs1,204471,4477912,4477912,FOFF,61,60.953146908031,-0.0468530919689982
shhs1,204124,5102989,5102989,FOFF,76,66.6458238599547,-9.3541761400453
shhs1,204602,1191018,1191018,FOFF,63,,
shhs1,204628,8850611,8850611,FOFF,51,51.6953259136038,0.695325913603803
shhs1,204339,199374,199374,FOFF,52,57.4475553516877,5.4475553516877
shhs1,204165,4138203,4138203,FOFF,58,61.1856077928861,3.1856077928861
shhs1,204202,1713363,1713363,FOFF,68,69.2953317916993,1.2953317916993
shhs1,204453,2780082,2780082,FOFF,54,55.6295029509672,1.6295029509672
shhs1,204558,9153238,9153238,FOFF,71,66.0720058125949,-4.92799418740511
shhs1,204068,6613283,6613283,FOFF,54,53.6086981382555,-0.391301861744502
shhs1,204555,7992637,7992637,FOFF,63,57.4708470086783,-5.5291529913217
shhs1,204475,8243022,8243022,FOFF,57,47.0704951307954,-9.9295048692046
shhs1,204622,1036558,1036558,FOFF,42,45.4517850808301,3.4517850808301
shhs1,204642,7840785,7840785,FOFF,51,46.4944387006247,-4.5055612993753
shhs1,204531,2545652,2545652,FOFF,41,48.1220871554272,7.1220871554272
shhs1,204259,7857949,7857949,FOFF,68,68.0289248069068,0.0289248069068009
shhs1,204620,8343924,8343924,FOFF,49,54.798480530478,5.798480530478
shhs1,204424,5946565,5946565,FOFF,53,48.8557665040705,-4.1442334959295
shhs1,204218,8088298,8088298,FOFF,48,35.4099540236972,-12.5900459763028
shhs1,204487,3867655,3867655,FOFF,71,80.2494107739143,9.24941077391431
shhs1,204522,8664206,8664206,FOFF,56,63.6652731817943,7.6652731817943
shhs1,204392,2951897,2951897,FOFF,48,43.4316843893805,-4.5683156106195
shhs1,204101,7734726,7734726,FOFF,56,61.3100194012079,5.3100194012079
shhs1,204669,9796073,9796073,FOFF,52,46.6446636477343,-5.3553363522657
shhs1,204483,78430,78430,FOFF,58,60.6571088511067,2.6571088511067
shhs1,204358,1955999,1955999,FOFF,53,54.440379382734,1.440379382734
shhs1,204445,7008721,7008721,FOFF,64,66.1090676962589,2.1090676962589
shhs1,204030,2256064,2256064,FOFF,54,50.2322933181005,-3.7677066818995
shhs1,204156,9768349,9768349,FOFF,63,64.2224772127422,1.22247721274221
shhs1,204627,9321763,9321763,FOFF,56,55.9966424944042,-0.003357505595801
shhs1,204274,7166607,7166607,FOFF,70,62.5303694035747,-7.4696305964253
shhs1,204373,5579813,5579813,FOFF,56,58.6378463960436,2.6378463960436
shhs1,204395,4730963,4730963,FOFF,56,52.2510309012519,-3.7489690987481
shhs1,204632,6505594,6505594,FOFF,50,59.3626750497819,9.3626750497819
shhs1,204341,5750904,5750904,FOFF,55,45.7837270308204,-9.2162729691796
shhs1,204587,1920123,1920123,FOFF,58,64.8609533194902,6.86095331949021
shhs1,204099,7022007,7022007,FOFF,60,63.6043042593011,3.6043042593011
shhs1,204644,4333388,4333388,FOFF,67,56.7949211874393,-10.2050788125607
shhs1,204422,2407439,2407439,FOFF,43,49.9310732612233,6.9310732612233
shhs1,204401,4434948,4434948,FOFF,49,48.5978514634137,-0.402148536586303
shhs1,204060,6765313,6765313,FOFF,61,53.3799575311685,-7.6200424688315
shhs1,204478,8835891,8835891,FOFF,66,57.8278865069918,-8.1721134930082
shhs1,204087,8902472,8902472,FOFF,65,67.4812574868471,2.4812574868471
shhs1,204316,1960238,1960238,FOFF,71,67.1464196731235,-3.8535803268765
shhs1,204564,4038267,4038267,FOFF,50,64.5500760960072,14.5500760960072
shhs1,204263,9940870,9940870,FOFF,57,67.3221772110892,10.3221772110892
shhs1,204520,5678352,5678352,FOFF,75,72.3729311626094,-2.6270688373906
shhs1,204239,3542775,3542775,FOFF,47,45.002698014102,-1.997301985898
shhs1,204270,9602033,9602033,FOFF,70,68.6573499623752,-1.34265003762479
shhs1,204145,1709015,1709015,FOFF,53,54.5174948533092,1.5174948533092
shhs1,204244,616135,616135,FOFF,40,46.237155186802,6.237155186802
shhs1,204171,9947765,9947765,FOFF,50,41.8677211874498,-8.1322788125502
shhs1,204616,3912221,3912221,FOFF,67,74.6203609841578,7.6203609841578
shhs1,204660,2519673,2519673,FOFF,61,64.8524212853226,3.85242128532261
shhs1,204584,5759912,5759912,FOFF,50,56.7004261678979,6.7004261678979
shhs1,204394,8704073,8704073,FOFF,49,54.7190403906027,5.7190403906027
shhs1,204009,1459868,1459868,FOFF,50,54.9193062463799,4.9193062463799
shhs1,204214,7156240,7156240,FOFF,80,77.123331792265,-2.87666820773499
shhs1,204488,2292584,2292584,FOFF,57,61.6540856417538,4.6540856417538
shhs1,204149,3982184,3982184,FOFF,54,64.5069954376803,10.5069954376803
shhs1,204364,9785621,9785621,FOFF,45,56.1058727741892,11.1058727741892
shhs1,204111,9519117,9519117,FOFF,47,63.6821352843062,16.6821352843062
shhs1,204059,5942768,5942768,FOFF,72,80.7407272242368,8.74072722423681
shhs1,204336,4680842,4680842,FOFF,73,76.7236526873116,3.7236526873116
shhs1,204064,3678521,3678521,FOFF,53,52.5901802456629,-0.4098197543371
shhs1,204036,1446194,1446194,FOFF,55,53.5300262159458,-1.4699737840542
shhs1,204619,3767993,3767993,FOFF,70,71.1165308262768,1.1165308262768
shhs1,204320,9243578,9243578,FOFF,65,56.7004275789252,-8.2995724210748
shhs1,204327,8884136,8884136,FOFF,56,61.1714757955696,5.1714757955696
shhs1,204154,4029335,4029335,FOFF,51,58.0734563911392,7.0734563911392
shhs1,204138,3126571,3126571,FOFF,72,61.7975061865066,-10.2024938134934
shhs1,204204,1554759,1554759,FOFF,44,45.0558340880331,1.0558340880331
shhs1,204057,798211,798211,FOFF,75,71.1535259831711,-3.84647401682891
shhs1,204626,4651107,4651107,FOFF,47,52.513313046615,5.513313046615
shhs1,204315,3727348,3727348,FOFF,47,50.4559010163668,3.4559010163668
shhs1,204420,9004051,9004051,FOFF,65,74.0902406768801,9.0902406768801
shhs1,204511,3134752,3134752,FOFF,64,59.2711376135223,-4.7288623864777
shhs1,204164,2026062,2026062,FOFF,71,69.7012241393786,-1.2987758606214
shhs1,204104,5462338,5462338,FOFF,65,75.4276994825319,10.4276994825319
shhs1,204230,9982799,9982799,FOFF,51,39.0751463576102,-11.9248536423898
shhs1,204595,2393381,2393381,FOFF,43,45.8286420460137,2.8286420460137
shhs1,204477,4493698,4493698,FOFF,76,74.6021331174807,-1.3978668825193
shhs1,204462,9335164,9335164,FOFF,56,59.3117985433808,3.3117985433808
shhs1,204072,2178217,2178217,FOFF,66,65.4924577062683,-0.507542293731703
shhs1,204647,4305180,4305180,FOFF,61,63.7251029985836,2.7251029985836
shhs1,204391,9352801,9352801,FOFF,72,72.025658381176,0.0256583811760009
shhs1,204492,7092480,7092480,FOFF,69,61.5306841981395,-7.4693158018605
shhs1,204241,6313327,6313327,FOFF,47,51.7159823041803,4.7159823041803
shhs1,204092,753807,753807,FOFF,56,53.4227928215794,-2.5772071784206
shhs1,204048,1408823,1408823,FOFF,62,63.7800240191816,1.7800240191816
shhs1,204012,9249975,9249975,FOFF,61,57.0000284634478,-3.9999715365522
shhs1,204554,1398019,1398019,FOFF,55,61.7030014191231,6.7030014191231
shhs1,204275,3505789,3505789,FOFF,50,39.7589449359794,-10.2410550640206
shhs1,204162,2113664,2113664,FOFF,52,57.2037273856976,5.2037273856976
shhs1,204663,8833586,8833586,FOFF,59,58.6575761338346,-0.342423866165397
shhs1,204173,1101362,1101362,FOFF,68,63.5653958667688,-4.4346041332312
shhs1,204273,6024179,6024179,FOFF,54,50.6793137110966,-3.3206862889034
shhs1,203985,5350455,5350455,FOFF,61,60.4730563244109,-0.526943675589102
shhs1,204476,6455960,6455960,FOFF,66,63.6387243099512,-2.3612756900488
shhs1,204212,105186,105186,FOFF,58,56.9801744333009,-1.0198255666991
shhs1,204329,8074549,8074549,FOFF,74,72.6192848798043,-1.3807151201957
shhs1,204640,2951357,2951357,FOFF,67,61.911206807718,-5.088793192282
shhs1,204452,8234146,8234146,FOFF,77,76.4653090119192,-0.534690988080797
shhs1,204042,9528114,9528114,FOFF,52,58.2528470645068,6.2528470645068
shhs1,204074,2501678,2501678,FOFF,54,55.8151351334412,1.8151351334412
shhs1,204205,2587342,2587342,FOFF,78,75.5446952364905,-2.4553047635095
shhs1,204256,5121352,5121352,FOFF,56,60.6056284742606,4.6056284742606
shhs1,204559,8537406,8537406,FOFF,57,57.6668217526224,0.666821752622397
shhs1,204312,1874801,1874801,FOFF,51,39.541698284526,-11.458301715474
shhs1,204637,6868219,6868219,FOFF,56,51.4509200142354,-4.5490799857646
shhs1,204405,7462463,7462463,FOFF,50,51.5987174951282,1.5987174951282
shhs1,204426,6901701,6901701,FOFF,40,46.7363869642159,6.7363869642159
shhs1,204004,596390,596390,FOFF,65,61.265794877571,-3.734205122429
shhs1,204656,5223426,5223426,FOFF,48,43.3664432221778,-4.6335567778222
shhs1,204643,7373224,7373224,FOFF,72,65.8174049921526,-6.1825950078474
shhs1,204367,7623352,7623352,FOFF,62,61.4132696742686,-0.586730325731402
shhs1,204545,7864221,7864221,FOFF,49,52.2618661369121,3.2618661369121
shhs1,204311,3985085,3985085,FOFF,49,57.4958659264902,8.4958659264902
shhs1,204458,720496,720496,FOFF,67,64.2226612340451,-2.77733876595489
shhs1,204035,9027077,9027077,FOFF,47,48.3199648576163,1.3199648576163
shhs1,204001,9717695,9717695,FOFF,61,56.7686287989042,-4.2313712010958
shhs1,204366,8011343,8011343,FOFF,69,68.9261125811868,-0.0738874188132002
shhs1,204198,4571989,4571989,FOFF,76,76.5909633285721,0.590963328572101
shhs1,204185,2077156,2077156,FOFF,61,65.2143557263713,4.2143557263713
shhs1,204047,9540494,9540494,FOFF,55,59.0483846848679,4.0483846848679
shhs1,204091,2772693,2772693,FOFF,77,72.7764972439552,-4.22350275604479
shhs1,204330,2536635,2536635,FOFF,74,69.4441919298801,-4.55580807011989
shhs1,204532,3398800,3398800,FOFF,63,62.4680056012649,-0.531994398735101
shhs1,204416,3990788,3990788,FOFF,71,72.1933897950224,1.1933897950224
shhs1,204103,9107272,9107272,FOFF,53,54.6931005134564,1.6931005134564
shhs1,204027,6831564,6831564,FOFF,47,43.5867589543108,-3.4132410456892
shhs1,204193,9214284,9214284,FOFF,65,59.3270455039038,-5.6729544960962
shhs1,204440,4889855,4889855,FOFF,57,59.7583232219079,2.7583232219079
shhs1,204557,4486911,4486911,FOFF,76,69.7705872374042,-6.2294127625958
shhs1,204007,1913949,1913949,FOFF,60,60.906747378681,0.906747378680997
shhs1,204184,4534322,4534322,FOFF,56,64.2643622641803,8.26436226418031
shhs1,204137,8791757,8791757,FOFF,55,64.8151714839362,9.8151714839362
shhs1,204411,7725336,7725336,FOFF,51,58.3136777862556,7.3136777862556
shhs1,204005,9285036,9285036,FOFF,75,76.2349123637746,1.2349123637746
shhs1,204528,3588036,3588036,FOFF,64,57.2760074777886,-6.7239925222114
shhs1,204321,5871994,5871994,FOFF,56,64.6488662840817,8.64886628408171
shhs1,204638,7638802,7638802,FOFF,57,68.0430062132626,11.0430062132626
shhs1,204572,9121957,9121957,FOFF,46,42.8189182699955,-3.1810817300045
shhs1,204588,8797663,8797663,FOFF,67,69.9855402203633,2.9855402203633
shhs1,204222,470433,470433,FOFF,64,65.5187621253683,1.5187621253683
shhs1,204228,6455991,6455991,FOFF,58,65.7375994340864,7.73759943408641
shhs1,204192,2689125,2689125,FOFF,61,59.0404682949431,-1.9595317050569
shhs1,204537,1212625,1212625,FOFF,70,72.24255998349,2.24255998349
shhs1,204456,3360649,3360649,FOFF,55,53.3832015079181,-1.6167984920819
shhs1,204612,1395525,1395525,FOFF,57,66.7427864548736,9.7427864548736
shhs1,204039,2512048,2512048,FOFF,68,57.320274504532,-10.679725495468
shhs1,204344,4995684,4995684,FOFF,43,41.8477333774005,-1.1522666225995
shhs1,204251,4659074,4659074,FOFF,60,62.4739048172846,2.4739048172846
shhs1,204454,1314924,1314924,FOFF,57,42.0798083839387,-14.9201916160613
shhs1,204097,2990923,2990923,FOFF,60,64.0437131636483,4.04371316364831
shhs1,204026,8038278,8038278,FOFF,74,71.8945112695268,-2.1054887304732
shhs1,204250,4317774,4317774,FOFF,64,63.3140271667076,-0.685972833292404
shhs1,204029,5586352,5586352,FOFF,60,65.7028760367087,5.7028760367087
shhs1,204245,9858239,9858239,FOFF,62,64.3244091952951,2.3244091952951
shhs1,204150,4197985,4197985,FOFF,66,66.7759084898961,0.775908489896096
shhs1,204481,5252141,5252141,FOFF,69,66.9622087353647,-2.0377912646353
shhs1,204278,8106450,8106450,FOFF,58,69.7135190900089,11.7135190900089
shhs1,204429,6586146,6586146,FOFF,62,61.526365269315,-0.473634730684999
shhs1,204536,4137075,4137075,FOFF,42,50.1267584637817,8.1267584637817
shhs1,203986,4145736,4145736,FOFF,62,69.8710749076126,7.8710749076126
shhs1,204203,5043085,5043085,FOFF,54,51.8738778728574,-2.1261221271426
shhs1,204439,4554731,4554731,FOFF,58,50.9650749446857,-7.0349250553143
shhs1,204621,85697,85697,FOFF,55,61.9911210512694,6.9911210512694
shhs1,204580,6517250,6517250,FOFF,55,58.4167591274118,3.4167591274118
shhs1,204449,9319791,9319791,FOFF,44,34.1053673543438,-9.8946326456562
shhs1,204654,570363,570363,FOFF,45,57.2962578216447,12.2962578216447
shhs1,204146,8429081,8429081,FOFF,58,53.5785530463428,-4.4214469536572
shhs1,204470,7473002,7473002,FOFF,58,53.9879873018055,-4.0120126981945
shhs1,204291,9498948,9498948,FOFF,60,61.4091663104232,1.4091663104232
shhs1,204010,8151308,8151308,FOFF,54,57.2777941922145,3.2777941922145
shhs1,204606,9432975,9432975,FOFF,50,56.0736679786234,6.0736679786234
shhs1,204151,4148052,4148052,FOFF,55,58.6832559352731,3.6832559352731
shhs1,204079,4865945,4865945,FOFF,67,63.5548910105665,-3.4451089894335
shhs1,204249,6219150,6219150,FOFF,51,48.9712041358274,-2.0287958641726
shhs1,204592,4545938,4545938,FOFF,47,47.5333977909903,0.5333977909903
shhs1,204147,2393223,2393223,FOFF,52,58.0389667345078,6.0389667345078
shhs1,204466,631718,631718,FOFF,47,42.9805456636274,-4.0194543363726
shhs1,204258,1333389,1333389,FOFF,51,50.7996097297327,-0.200390270267299
shhs1,204499,921228,921228,FOFF,57,44.8019620702371,-12.1980379297629
shhs1,204486,3468603,3468603,FOFF,69,70.0684347017985,1.06843470179849
shhs1,204359,5635944,5635944,FOFF,65,70.3362539507047,5.3362539507047
shhs1,203988,2683437,2683437,FOFF,75,76.6291394818505,1.6291394818505
shhs1,204455,2471184,2471184,FOFF,52,55.1163869727406,3.1163869727406
shhs1,204623,5295118,5295118,FOFF,54,61.4286752887086,7.4286752887086
shhs1,204174,2155371,2155371,FOFF,52,53.479886898104,1.479886898104
shhs1,204601,3185155,3185155,FOFF,55,64.2093085933444,9.2093085933444
shhs1,204495,9909126,9909126,FOFF,65,62.9355163932347,-2.0644836067653
shhs1,204235,2375218,2375218,FOFF,58,52.8526070153568,-5.1473929846432
shhs1,204232,2157209,2157209,FOFF,58,54.5242490538632,-3.4757509461368
shhs1,204159,2696516,2696516,FOFF,67,53.718563823276,-13.281436176724
shhs1,204190,969383,969383,FOFF,55,61.5842414560372,6.5842414560372
shhs1,204307,6488762,6488762,FOFF,59,69.4923071802668,10.4923071802668
shhs1,204540,6656915,6656915,FOFF,43,54.1710827129972,11.1710827129972
shhs1,204017,2493105,2493105,FOFF,70,79.7898590816297,9.7898590816297
shhs1,204604,4110010,4110010,FOFF,46,45.1436662779561,-0.8563337220439
shhs1,204568,49050,49050,FOFF,45,49.8714508235732,4.8714508235732
shhs1,204021,8622593,8622593,FOFF,69,65.9184885638252,-3.08151143617479
shhs1,204140,3483604,3483604,FOFF,68,70.0426549330767,2.0426549330767
shhs1,204388,3911170,3911170,FOFF,50,55.9571220614769,5.9571220614769
shhs1,204211,827505,827505,FOFF,71,73.2540940540703,2.25409405407029
shhs1,204282,953708,953708,FOFF,52,51.6160479248565,-0.383952075143497
shhs1,204221,8596555,8596555,FOFF,54,49.221716308779,-4.778283691221
shhs1,204482,8238815,8238815,FOFF,67,73.9152978467604,6.9152978467604
shhs1,204333,115455,115455,FOFF,44,50.3319889586216,6.3319889586216
shhs1,204368,2482038,2482038,FOFF,45,50.3508339303515,5.3508339303515
shhs1,204567,743113,743113,FOFF,57,55.6420904169429,-1.3579095830571
shhs1,204590,7272395,7272395,FOFF,47,55.7132118079724,8.7132118079724
shhs1,204170,1442241,1442241,FOFF,71,76.3383565401044,5.3383565401044
shhs1,204386,8576760,8576760,FOFF,47,39.17667271913,-7.82332728087
shhs1,204668,9611469,9611469,FOFF,52,63.4496308265557,11.4496308265557
shhs1,204385,3082408,3082408,FOFF,63,67.568123955311,4.568123955311
shhs1,204324,1217017,1217017,FOFF,50,42.4899722053344,-7.5100277946656
shhs1,204294,1050915,1050915,FOFF,53,61.2947094944557,8.2947094944557
shhs1,204570,3770191,3770191,FOFF,56,75.1672028529104,19.1672028529104
shhs1,204293,6212344,6212344,FOFF,60,62.9981186452982,2.9981186452982
shhs1,204349,4991558,4991558,FOFF,73,84.1568159205379,11.1568159205379
shhs1,204441,310604,310604,FOFF,52,55.2142420354077,3.2142420354077
shhs1,204109,188347,188347,FOFF,63,56.3096638378646,-6.6903361621354
shhs1,204219,2674806,2674806,FOFF,50,35.9341810962927,-14.0658189037073
shhs1,204016,5157146,5157146,FOFF,70,62.3667811343694,-7.6332188656306
shhs1,204252,2340959,2340959,FOFF,61,68.9492227318924,7.94922273189241
shhs1,204428,1391580,1391580,FOFF,74,72.6463631996712,-1.3536368003288
shhs1,204515,3595672,3595672,FOFF,74,71.1619794697771,-2.83802053022291
shhs1,204299,2190034,2190034,FOFF,43,38.6277308373525,-4.3722691626475
shhs1,204045,6261505,6261505,FOFF,50,60.7196048771914,10.7196048771914
shhs1,204189,6629667,6629667,FOFF,59,67.3427030535619,8.34270305356191
shhs1,204345,213485,213485,FOFF,76,74.9705433622986,-1.0294566377014
shhs1,204120,27195,27195,FOFF,63,60.3627107673338,-2.6372892326662
shhs1,204500,6668249,6668249,FOFF,41,41.4148903666927,0.414890366692703
shhs1,204054,2332175,2332175,FOFF,64,64.7771623585228,0.777162358522801
shhs1,204412,1583953,1583953,FOFF,41,42.3582741572216,1.3582741572216
shhs1,204513,7350083,7350083,FOFF,66,74.2079789821161,8.2079789821161
shhs1,204550,1560177,1560177,FOFF,50,54.1025373683898,4.1025373683898
shhs1,204231,6492678,6492678,FOFF,69,68.6159775706612,-0.384022429338799
shhs1,204375,7336322,7336322,FOFF,67,60.1638413980909,-6.8361586019091
shhs1,204141,4830853,4830853,FOFF,67,64.140792881946,-2.859207118054
shhs1,204585,4038105,4038105,FOFF,73,73.2867289894415,0.286728989441499
shhs1,204242,4391617,4391617,FOFF,49,55.8982354149028,6.8982354149028
shhs1,204188,3848689,3848689,FOFF,61,53.6087130506299,-7.3912869493701
shhs1,204653,7499423,7499423,FOFF,57,59.3326092898395,2.3326092898395
shhs1,204469,153220,153220,FOFF,50,48.5161076136235,-1.4838923863765
shhs1,204314,4439176,4439176,FOFF,59,58.3719664541011,-0.628033545898902
shhs1,204525,89930,89930,FOFF,65,62.216121058616,-2.783878941384
shhs1,204512,204831,204831,FOFF,66,58.8811797270083,-7.1188202729917
shhs1,204377,4149795,4149795,FOFF,66,63.3002870696904,-2.6997129303096
shhs1,204167,6214538,6214538,FOFF,51,45.9366591842983,-5.0633408157017
shhs1,204106,5016103,5016103,FOFF,56,56.1852555477023,0.185255547702297
shhs1,204067,6945908,6945908,FOFF,53,49.1588260097491,-3.8411739902509
shhs1,204633,9572461,9572461,FOFF,60,59.4026915922074,-0.597308407792603
shhs1,204535,1634637,1634637,FOFF,76,58.2153021107036,-17.7846978892964
shhs1,204615,6477487,6477487,FOFF,47,40.0385123582361,-6.9614876417639
shhs1,204605,5280292,5280292,FOFF,58,58.4384884770647,0.438488477064702
shhs1,204625,7608042,7608042,FOFF,43,43.5606506415536,0.5606506415536
shhs1,204119,7384257,7384257,FOFF,61,69.0445156958442,8.0445156958442
shhs1,204200,7016955,7016955,FOFF,51,59.8044425046793,8.8044425046793
shhs1,204020,9443991,9443991,FOFF,69,72.5805727730885,3.58057277308851
shhs1,204194,1466246,1466246,FOFF,71,74.3988133935776,3.3988133935776
shhs1,204187,408261,408261,FOFF,53,56.5976186703517,3.5976186703517
shhs1,204130,1388055,1388055,FOFF,65,69.0470008293698,4.04700082936979
shhs1,204658,7776636,7776636,FOFF,59,60.1321698169133,1.1321698169133
shhs1,204196,599416,599416,FOFF,44,41.7995319592323,-2.2004680407677
shhs1,204370,4586394,4586394,FOFF,55,56.9531834245296,1.9531834245296
shhs1,204415,586259,586259,FOFF,65,68.9106883549622,3.9106883549622
shhs1,204132,2086463,2086463,FOFF,74,71.2875919041592,-2.7124080958408
shhs1,204472,5011133,5011133,FOFF,51,50.8159609415587,-0.1840390584413
shhs1,204378,2883737,2883737,FOFF,71,65.6839016094774,-5.3160983905226
shhs1,204255,2605488,2605488,FOFF,51,54.0186322688624,3.0186322688624
shhs1,204651,9343319,9343319,FOFF,69,71.1377888801557,2.1377888801557
shhs1,204015,5864989,5864989,FOFF,49,40.9184458316738,-8.0815541683262
shhs1,204088,6362957,6362957,FOFF,66,69.8225389283277,3.8225389283277
shhs1,204085,5112837,5112837,FOFF,53,50.9212137569816,-2.0787862430184
shhs1,204444,5264399,5264399,FOFF,62,75.2731721202702,13.2731721202702
shhs1,204143,2767351,2767351,FOFF,47,42.3343285727986,-4.6656714272014
shhs1,204418,3353159,3353159,FOFF,59,63.5937204873375,4.5937204873375
shhs1,204534,4415520,4415520,FOFF,69,68.1649672162334,-0.835032783766593
shhs1,204459,3619029,3619029,FOFF,67,72.3613557673308,5.36135576733081
shhs1,203982,7509141,7509141,FOFF,57,66.3420246733304,9.3420246733304
shhs1,204172,8577592,8577592,FOFF,52,,
shhs1,204347,3526906,3526906,FOFF,50,46.5690367501378,-3.4309632498622
shhs1,204583,8239858,8239858,FOFF,54,62.51974464108,8.51974464108
shhs1,204328,4947472,4947472,FOFF,58,68.8059490203281,10.8059490203281
shhs1,204579,8501977,8501977,FOFF,48,53.1717185615375,5.1717185615375
shhs1,204498,605961,605961,FOFF,63,59.9948446327813,-3.0051553672187
shhs1,204262,7629817,7629817,FOFF,69,77.0224526258444,8.02245262584439
shhs1,204121,4320576,4320576,FOFF,57,40.1000218845516,-16.8999781154484
shhs1,203996,3012542,3012542,FOFF,54,61.4535893629694,7.4535893629694
shhs1,204322,8048830,8048830,FOFF,68,74.9716027362398,6.9716027362398
shhs1,204518,7344282,7344282,FOFF,63,,
shhs1,204461,4655570,4655570,FOFF,51,51.8332042422076,0.8332042422076
shhs1,204427,1692219,1692219,FOFF,45,43.6309254946855,-1.3690745053145
shhs1,204408,8851516,8851516,FOFF,68,73.4214669442882,5.4214669442882
shhs1,204538,6635630,6635630,FOFF,67,70.7933279884613,3.7933279884613
shhs1,204393,5215506,5215506,FOFF,50,54.8468392287061,4.8468392287061
shhs1,204122,2450126,2450126,FOFF,63,54.5607965589125,-8.4392034410875
shhs1,204591,8270655,8270655,FOFF,55,60.6103099047137,5.6103099047137
shhs1,204425,297674,297674,FOFF,71,56.4494463360156,-14.5505536639844
shhs1,204080,9496896,9496896,FOFF,55,58.2452928302913,3.2452928302913
shhs1,204502,3049377,3049377,FOFF,71,77.5202946233407,6.5202946233407
shhs1,204305,9022601,9022601,FOFF,65,61.1127662608198,-3.8872337391802
shhs1,204076,9570552,9570552,FOFF,64,52.8835468156777,-11.1164531843223
shhs1,204128,6770033,6770033,FOFF,75,74.0728238801431,-0.927176119856895
shhs1,204296,3696257,3696257,FOFF,56,56.9747654616132,0.974765461613202
shhs1,204084,5521843,5521843,FOFF,62,69.4695941988763,7.46959419887629
shhs1,204617,5472065,5472065,FOFF,49,50.9538215183535,1.9538215183535
shhs1,204070,8480966,8480966,FOFF,50,47.0605564410265,-2.9394435589735
shhs1,204266,3249660,3249660,FOFF,46,39.1393931164606,-6.8606068835394
shhs1,204186,8021297,8021297,FOFF,52,66.8184652336953,14.8184652336953
shhs1,204098,5595609,5595609,FOFF,64,58.08720952036,-5.91279047964
shhs1,204473,447154,447154,FOFF,67,75.0655453383161,8.0655453383161
shhs1,204073,4849604,4849604,FOFF,48,50.9547403134187,2.9547403134187
shhs1,204000,4380417,4380417,FOFF,60,48.6375233718955,-11.3624766281045
shhs1,204018,4279919,4279919,FOFF,66,69.0142075462862,3.0142075462862
shhs1,204363,1804087,1804087,FOFF,70,73.9571698435238,3.9571698435238
shhs1,204354,7218144,7218144,FOFF,54,54.4960455672803,0.496045567280298
shhs1,204191,7654263,7654263,FOFF,81,73.3446277431598,-7.6553722568402
shhs1,203992,9809915,9809915,FOFF,48,48.7111974215537,0.711197421553699
shhs1,204243,4251338,4251338,FOFF,55,50.5919944272937,-4.4080055727063
shhs1,204003,3069396,3069396,FOFF,57,50.7107061275353,-6.2892938724647
shhs1,204306,1561066,1561066,FOFF,52,55.1011587154071,3.1011587154071
shhs1,204350,6473385,6473385,FOFF,53,54.6160409800482,1.6160409800482
shhs1,204298,7800845,7800845,FOFF,68,62.7048901892044,-5.2951098107956
shhs1,204397,7772175,7772175,FOFF,64,58.2905200387495,-5.7094799612505
shhs1,204276,8598567,8598567,FOFF,65,67.068081847587,2.068081847587
shhs1,204352,3638082,3638082,FOFF,46,44.9323280676533,-1.0676719323467
shhs1,204300,4024221,4024221,FOFF,76,73.1374031488089,-2.8625968511911
shhs1,204169,3281826,3281826,FOFF,45,42.9251806361631,-2.0748193638369
shhs1,204229,1079777,1079777,FOFF,76,73.1691362392485,-2.8308637607515
shhs1,204110,7711093,7711093,FOFF,48,51.4366467140558,3.4366467140558
shhs1,204271,3666170,3666170,FOFF,62,64.6314224850903,2.6314224850903
shhs1,204181,7154021,7154021,FOFF,71,70.8593102053845,-0.140689794615497
shhs1,204335,1586142,1586142,FOFF,68,75.5692694336006,7.5692694336006
shhs1,204082,6196324,6196324,FOFF,65,66.4822746254178,1.4822746254178
shhs1,204052,4674701,4674701,FOFF,64,63.5166118908475,-0.4833881091525
shhs1,204253,2308491,2308491,FOFF,55,49.5750061544639,-5.4249938455361
shhs1,204533,3407333,3407333,FOFF,58,59.4991838517645,1.4991838517645
shhs1,204117,1518866,1518866,FOFF,68,67.9496953270374,-0.0503046729625964
shhs1,204233,4067914,4067914,FOFF,64,62.8271053781985,-1.1728946218015
shhs1,203984,9201136,9201136,FOFF,77,72.3692849514543,-4.6307150485457
shhs1,204516,3427028,3427028,FOFF,70,71.2547962953024,1.2547962953024
shhs1,204608,8961016,8961016,FOFF,56,51.8324667286741,-4.1675332713259
shhs1,204033,6828862,6828862,FOFF,78,78.8929456121416,0.892945612141602
shhs1,204357,1463967,1463967,FOFF,48,52.8554756147338,4.8554756147338
shhs1,204414,5804619,5804619,FOFF,71,72.9332846553816,1.9332846553816
shhs1,204093,4477542,4477542,FOFF,67,60.7289845783633,-6.2710154216367
shhs1,203983,9473084,9473084,FOFF,57,55.3954164681128,-1.6045835318872
shhs1,204524,1694955,1694955,FOFF,62,62.0173681623452,0.0173681623451998
shhs1,204556,848128,848128,FOFF,72,80.3362605415273,8.3362605415273
shhs1,204464,6362908,6362908,FOFF,68,68.4968506108598,0.496850610859795
shhs1,204011,4724103,4724103,FOFF,71,72.5404894744133,1.54048947441331
shhs1,204384,9857332,9857332,FOFF,62,53.0524718771283,-8.9475281228717
shhs1,204313,7808714,7808714,FOFF,65,66.7463739727889,1.7463739727889
shhs1,204323,6340481,6340481,FOFF,67,64.1203548417865,-2.87964515821351
shhs1,204340,2206588,2206588,FOFF,63,58.2545186905698,-4.7454813094302
shhs1,204649,3460865,3460865,FOFF,70,68.7913083715335,-1.2086916284665
shhs1,204178,3540447,3540447,FOFF,67,75.0497283161074,8.04972831610741
shhs1,204163,5603090,5603090,FOFF,51,58.1387280992858,7.1387280992858
shhs1,204443,1701564,1701564,FOFF,49,48.5345690400686,-0.465430959931403
shhs1,204574,2924,2924,FOFF,61,63.6426960793241,2.6426960793241
shhs1,204236,5144075,5144075,FOFF,65,63.7438719074234,-1.2561280925766
shhs1,204581,8462987,8462987,FOFF,70,77.0527901125511,7.05279011255109
shhs1,204577,9834011,9834011,FOFF,56,68.3289731590119,12.3289731590119
shhs1,204071,7579436,7579436,FOFF,72,70.6588815747541,-1.3411184252459
shhs1,204650,7675269,7675269,FOFF,71,74.2100513029607,3.21005130296069
shhs1,204318,5075390,5075390,FOFF,47,40.9513707636485,-6.0486292363515
shhs1,204648,4525788,4525788,FOFF,65,60.4949173354393,-4.5050826645607
shhs1,204301,6296144,6296144,FOFF,42,50.0191194747285,8.0191194747285
shhs1,204523,1577686,1577686,FOFF,57,53.0280839459231,-3.9719160540769
shhs1,204573,5464684,5464684,FOFF,59,55.4205784011723,-3.5794215988277
shhs1,204260,5329632,5329632,FOFF,69,64.1242584812833,-4.87574151871669
shhs1,204563,5064205,5064205,FOFF,45,49.5472044296246,4.5472044296246
shhs1,204240,3006651,3006651,FOFF,65,72.8695357139442,7.8695357139442
shhs1,204297,2139837,2139837,FOFF,62,70.3543187640062,8.35431876400619
shhs1,204153,3151913,3151913,FOFF,61,75.065260611405,14.065260611405
shhs1,204325,5369227,5369227,FOFF,59,63.9123306943918,4.9123306943918
shhs1,204008,9926341,9926341,FOFF,50,36.8209460728728,-13.1790539271272
shhs1,204451,2746625,2746625,FOFF,66,64.5975556761547,-1.4024443238453
shhs1,204437,2237607,2237607,FOFF,73,75.0470841500872,2.0470841500872
shhs1,204508,6357531,6357531,FOFF,52,47.8607534606506,-4.1392465393494
shhs1,204665,9382485,9382485,FOFF,65,70.1275890731445,5.12758907314451
shhs1,204246,8796551,8796551,FOFF,70,69.0789930810262,-0.921006918973802
shhs1,204089,9570313,9570313,FOFF,60,61.9364148313647,1.9364148313647
shhs1,204265,3646117,3646117,FOFF,63,68.0145582656227,5.0145582656227
shhs1,204077,7871948,7871948,FOFF,63,64.6649420075381,1.6649420075381
shhs1,204465,8329094,8329094,FOFF,57,54.888167281842,-2.111832718158
shhs1,204317,4175089,4175089,FOFF,61,59.4844047627606,-1.5155952372394
shhs1,204182,6085937,6085937,FOFF,48,51.2423890530286,3.2423890530286
shhs1,204613,1961656,1961656,FOFF,58,57.6226960727872,-0.3773039272128
shhs1,204463,1985330,1985330,FOFF,75,73.1075828347699,-1.8924171652301
shhs1,204381,9198143,9198143,FOFF,56,53.7578885187801,-2.2421114812199
shhs1,204144,1395154,1395154,FOFF,60,58.0314190145678,-1.9685809854322
shhs1,204562,9540434,9540434,FOFF,42,54.1666656565378,12.1666656565378
shhs1,204302,8480761,8480761,FOFF,54,47.5203728270055,-6.4796271729945
shhs1,204460,661209,661209,FOFF,73,62.9868669546703,-10.0131330453297
shhs1,204227,9219319,9219319,FOFF,61,65.1854014556083,4.1854014556083
shhs1,204261,5353223,5353223,FOFF,74,62.0761148144711,-11.9238851855289
shhs1,204131,6756595,6756595,FOFF,65,63.30121540282,-1.69878459718
shhs1,204600,8807964,8807964,FOFF,52,62.7665578331207,10.7665578331207
shhs1,204040,7631116,7631116,FOFF,76,60.187676328304,-15.812323671696
shhs1,204517,7303109,7303109,FOFF,74,71.1453612364089,-2.8546387635911
shhs1,204634,9876519,9876519,FOFF,44,45.0343450394043,1.0343450394043
shhs1,204667,5776288,5776288,FOFF,51,42.5868670100414,-8.4131329899586
shhs1,204053,4779980,4779980,FOFF,49,50.4754577785669,1.4754577785669
shhs1,204491,4229202,4229202,FOFF,50,51.7370773334938,1.7370773334938
shhs1,203989,8257948,8257948,FOFF,68,69.4711087511799,1.4711087511799
shhs1,204607,300881,300881,FOFF,56,52.5225961959446,-3.4774038040554
shhs1,204489,3815365,3815365,FOFF,65,66.7120769494575,1.7120769494575
shhs1,204023,403555,403555,FOFF,55,58.7913504044906,3.7913504044906
shhs1,204115,2419521,2419521,FOFF,49,57.4535327374061,8.4535327374061
shhs1,204013,3113129,3113129,FOFF,54,50.0796039150909,-3.9203960849091
shhs1,204365,9785238,9785238,FOFF,66,66.6785536922474,0.678553692247405
shhs1,204611,286458,286458,FOFF,49,54.2365523370862,5.2365523370862
shhs1,204657,2642954,2642954,FOFF,54,46.6195592453275,-7.3804407546725
shhs1,204334,2269777,2269777,FOFF,51,42.3466545693346,-8.6533454306654
shhs1,204226,5230692,5230692,FOFF,58,59.1466968201463,1.1466968201463
shhs1,204646,3517330,3517330,FOFF,51,55.6382721532465,4.6382721532465
shhs1,204158,9627685,9627685,FOFF,51,55.3430755784353,4.3430755784353
shhs1,204629,5899409,5899409,FOFF,55,67.7413625410435,12.7413625410435
shhs1,204043,460297,460297,FOFF,69,68.8694008165894,-0.130599183410595
shhs1,204404,6149177,6149177,FOFF,59,66.9678486300297,7.96784863002971
shhs1,204494,2417295,2417295,FOFF,64,66.7333261632159,2.73332616321591
shhs1,204383,7246534,7246534,FOFF,63,63.3021910215438,0.302191021543798
shhs1,204069,4325169,4325169,FOFF,58,60.2864431494146,2.2864431494146
shhs1,204127,8036133,8036133,FOFF,51,51.0807065926871,0.0807065926871005
shhs1,204125,2405665,2405665,FOFF,47,53.5202838596773,6.5202838596773
shhs1,204197,1364862,1364862,FOFF,67,68.6218607912113,1.6218607912113
shhs1,204201,3019858,3019858,FOFF,55,57.7797796060829,2.7797796060829
shhs1,204289,9739678,9739678,FOFF,69,73.1743348095523,4.17433480955231
shhs1,204343,1188564,1188564,FOFF,62,59.479668899905,-2.520331100095
shhs1,203994,5722671,5722671,FOFF,70,69.9333956902808,-0.066604309719196
shhs1,204113,8781322,8781322,FOFF,59,66.2117029356388,7.2117029356388
shhs1,204288,9114680,9114680,FOFF,64,63.5853910348329,-0.414608965167098
shhs1,204152,2351623,2351623,FOFF,53,57.9910088508436,4.9910088508436
shhs1,204589,1023218,1023218,FOFF,68,69.4038965781396,1.40389657813959
shhs1,203987,619235,619235,FOFF,76,69.1619708642875,-6.8380291357125
shhs1,204447,6926187,6926187,FOFF,59,53.1916688985819,-5.8083311014181
shhs1,204639,2075504,2075504,FOFF,56,44.0718945182987,-11.9281054817013
shhs1,204479,22267,22267,FOFF,55,53.1700166645695,-1.8299833354305
shhs1,204371,4090690,4090690,FOFF,52,59.3144477782289,7.3144477782289
shhs1,204326,9731171,9731171,FOFF,72,70.7891879434679,-1.21081205653211
shhs1,204075,9023958,9023958,FOFF,66,55.6809846243423,-10.3190153756577
shhs1,204209,7806362,7806362,FOFF,77,73.6325570031193,-3.3674429968807
shhs1,204448,4107275,4107275,FOFF,49,56.0501420563811,7.0501420563811
shhs1,204342,3178154,3178154,FOFF,63,68.3899763664708,5.38997636647081
shhs1,204442,1860643,1860643,FOFF,58,55.7679836641791,-2.2320163358209
shhs1,204195,8117824,8117824,FOFF,56,56.2949540353311,0.294954035331102
shhs1,204403,4393664,4393664,FOFF,60,54.0872973541317,-5.9127026458683
shhs1,204126,7316663,7316663,FOFF,70,66.227710789859,-3.772289210141
shhs1,204614,5425125,5425125,FOFF,44,49.353675767243,5.353675767243
shhs1,204543,3906653,3906653,FOFF,56,52.7903912610349,-3.2096087389651
shhs1,204216,6814407,6814407,FOFF,73,66.282690294578,-6.717309705422
shhs1,204407,8287104,8287104,FOFF,81,70.9584445599396,-10.0415554400604
shhs1,204034,7751914,7751914,FOFF,54,52.419427865856,-1.580572134144
shhs1,204655,1084126,1084126,FOFF,65,70.0287268750471,5.0287268750471
shhs1,204025,2074541,2074541,FOFF,53,45.8350152097083,-7.1649847902917
shhs1,204645,7649783,7649783,FOFF,52,53.983675734287,1.983675734287
shhs1,204659,1516810,1516810,FOFF,60,58.3008608087639,-1.6991391912361
shhs1,204576,3038235,3038235,FOFF,52,61.4635014054809,9.4635014054809
shhs1,204539,5376728,5376728,FOFF,71,66.6374221325841,-4.36257786741589
shhs1,204308,1928383,1928383,FOFF,69,72.0346617399367,3.03466173993669
shhs1,204309,1014966,1014966,FOFF,73,72.1935014319184,-0.806498568081594
shhs1,204423,7082154,7082154,FOFF,70,81.7269652793635,11.7269652793635
shhs1,203998,6165345,6165345,FOFF,56,53.1192275247855,-2.8807724752145
shhs1,204037,9304893,9304893,FOFF,50,47.4127470463508,-2.5872529536492
shhs1,204108,2220053,2220053,FOFF,68,66.2605818977265,-1.7394181022735
shhs1,204225,7678633,7678633,FOFF,74,76.0994621618954,2.0994621618954
shhs1,204631,8564134,8564134,FOFF,65,64.6419138795272,-0.358086120472805
shhs1,204597,4840981,4840981,FOFF,54,64.752888412968,10.752888412968
shhs1,204166,1203836,1203836,FOFF,50,55.1680519074246,5.1680519074246
shhs1,204177,4453878,4453878,FOFF,62,72.8860046833452,10.8860046833452
shhs1,204002,1619989,1619989,FOFF,74,69.7660250223763,-4.2339749776237
shhs1,204593,8161768,8161768,FOFF,54,54.4614376511841,0.461437651184099
shhs1,204223,7738436,7738436,FOFF,69,72.4765435268594,3.4765435268594
shhs1,204603,6945349,6945349,FOFF,44,50.4093157482282,6.4093157482282
shhs1,203999,5653468,5653468,FOFF,52,52.9519338224555,0.951933822455501
shhs1,204421,9444992,9444992,FOFF,61,67.6175195152824,6.6175195152824
shhs1,204286,1099895,1099895,FOFF,53,59.0311181951208,6.0311181951208
shhs1,204066,4139770,4139770,FOFF,67,64.8477782422909,-2.1522217577091
shhs1,204430,8945577,8945577,FOFF,64,55.005603790919,-8.994396209081
shhs1,204474,9535300,9535300,FOFF,49,39.9630452206186,-9.0369547793814
shhs1,204586,2285110,2285110,FOFF,55,50.9087236563838,-4.0912763436162
shhs1,204267,4118790,4118790,FOFF,57,65.501618437338,8.501618437338
shhs1,204578,6814921,6814921,FOFF,46,49.1856727404075,3.1856727404075
shhs1,204006,1175162,1175162,FOFF,46,47.2160088887482,1.2160088887482
shhs1,204652,9447271,9447271,FOFF,50,57.4629044328308,7.4629044328308
shhs1,204135,6512747,6512747,FOFF,50,43.2948986655378,-6.7051013344622
shhs1,204419,7486844,7486844,FOFF,62,71.7149191496725,9.7149191496725
shhs1,204369,1128813,1128813,FOFF,53,60.8551370337698,7.8551370337698
shhs1,204566,9369570,9369570,FOFF,53,49.2567990121188,-3.7432009878812
shhs1,204480,5249587,5249587,FOFF,57,56.8816185618566,-0.118381438143402
shhs1,204287,7305368,7305368,FOFF,57,61.3563029091534,4.3563029091534
shhs1,204410,1719306,1719306,FOFF,66,71.2611111455424,5.2611111455424
shhs1,204450,6450580,6450580,FOFF,45,44.6004428603212,-0.399557139678798
shhs1,204063,6582136,6582136,FOFF,50,56.3012556612576,6.3012556612576
shhs1,204055,8951302,8951302,FOFF,70,70.3853328271516,0.385332827151601
shhs1,204390,5011100,5011100,FOFF,65,60.5683292243152,-4.4316707756848
shhs1,204105,7766935,7766935,FOFF,70,65.8323956280762,-4.1676043719238
shhs1,204014,3113245,3113245,FOFF,54,41.1426752297134,-12.8573247702866
shhs1,204406,5943438,5943438,FOFF,66,65.7562410013177,-0.243758998682296
shhs1,204582,299675,299675,FOFF,72,82.7792620104674,10.7792620104674
shhs1,204664,2079877,2079877,FOFF,51,54.8131868682433,3.8131868682433
shhs1,204565,1022330,1022330,FOFF,69,69.6863459462855,0.686345946285499
shhs1,204641,1003513,1003513,FOFF,50,46.5483708910641,-3.4516291089359
shhs1,204095,9824633,9824633,FOFF,80,78.2331657825348,-1.7668342174652
shhs1,204548,6161693,6161693,FOFF,48,43.1629546754599,-4.8370453245401
shhs1,204402,9344546,9344546,FOFF,50,60.9607647945273,10.9607647945273
shhs1,204372,8050029,8050029,FOFF,54,39.8145454114859,-14.1854545885141
shhs1,204090,2982857,2982857,FOFF,65,55.1644845827453,-9.8355154172547
shhs1,204207,7204598,7204598,FOFF,67,67.6408178405089,0.640817840508902
shhs1,204560,503686,503686,FOFF,64,64.4036844553909,0.403684455390902
shhs1,204281,568581,568581,FOFF,62,67.6068813018821,5.6068813018821
shhs1,204379,1274346,1274346,FOFF,57,62.0153853441184,5.0153853441184
shhs1,204624,8258451,8258451,FOFF,47,43.595651596883,-3.404348403117
shhs1,204380,6593827,6593827,FOFF,70,73.2111344168072,3.2111344168072
shhs1,204280,345960,345960,FOFF,64,73.3498582559093,9.3498582559093
shhs1,204435,4732886,4732886,FOFF,65,65.0995895980487,0.0995895980486949
shhs1,204413,6959861,6959861,FOFF,45,43.6961081197976,-1.3038918802024
shhs1,204062,3515443,3515443,FOFF,54,59.0537628973293,5.0537628973293
shhs1,204510,4448521,4448521,FOFF,77,80.821919952781,3.821919952781
shhs1,204081,9413598,9413598,FOFF,63,58.6393687667151,-4.3606312332849
shhs1,204078,8712652,8712652,FOFF,76,67.1875654774502,-8.81243452254979
shhs1,204361,2925099,2925099,FOFF,59,64.1879359787728,5.1879359787728
shhs1,204031,5380952,5380952,FOFF,56,60.3608355171098,4.3608355171098
shhs1,204575,4696449,4696449,FOFF,49,39.2544074036816,-9.7455925963184
shhs1,204206,3576613,3576613,FOFF,53,53.8355678654881,0.835567865488102
shhs1,204303,7211845,7211845,FOFF,63,61.8964661238587,-1.1035338761413
shhs1,204432,7559159,7559159,FOFF,54,44.74767115518,-9.25232884482
shhs1,204277,3978350,3978350,FOFF,50,55.3624632825663,5.3624632825663
shhs1,204431,729148,729148,FOFF,70,73.486213651354,3.48621365135401
shhs1,204561,2773042,2773042,FOFF,67,70.4901569935312,3.4901569935312
shhs1,204609,5511968,5511968,FOFF,56,64.1827779605205,8.1827779605205
shhs1,204376,1234597,1234597,FOFF,71,73.5733348692048,2.5733348692048
shhs1,204509,4676556,4676556,FOFF,54,54.3924806106057,0.392480610605702
shhs1,204666,6495880,6495880,FOFF,46,50.0932062152336,4.0932062152336
shhs1,204529,1209971,1209971,FOFF,47,55.3571897759918,8.3571897759918
shhs1,204457,6883648,6883648,FOFF,63,62.2568787186512,-0.743121281348799
shhs1,204436,7678829,7678829,FOFF,40,43.6889341860651,3.6889341860651
shhs1,204157,2759682,2759682,FOFF,59,58.9973143316549,-0.0026856683451015
shhs1,204161,4973615,4973615,FOFF,62,61.9964855068891,-0.0035144931108988
shhs1,204356,7668831,7668831,FOFF,58,52.5900629292073,-5.4099370707927
shhs1,204257,2582711,2582711,FOFF,60,62.2576161830822,2.2576161830822
shhs1,204496,8007569,8007569,FOFF,63,59.5471992725818,-3.4528007274182
shhs1,204351,658169,658169,FOFF,54,58.4834514929241,4.4834514929241
shhs1,204331,4134020,4134020,FOFF,42,48.5551090850769,6.5551090850769
shhs1,204662,1879309,1879309,FOFF,60,62.8817211922032,2.8817211922032
shhs1,204547,871774,871774,FOFF,49,51.401892584235,2.401892584235
shhs1,204238,4295439,4295439,FOFF,71,72.0937219159179,1.0937219159179
shhs1,204237,5522883,5522883,FOFF,51,44.1529185761037,-6.8470814238963
shhs1,204285,4741311,4741311,FOFF,55,61.764350778456,6.764350778456
shhs1,204160,5884040,5884040,FOFF,55,53.3024653246029,-1.6975346753971
shhs1,204332,1711842,1711842,FOFF,68,71.7331429726418,3.7331429726418
shhs1,204501,4144794,4144794,FOFF,60,59.86164326317,-0.138356736829998
shhs1,204382,5216916,5216916,FOFF,53,50.9059066311969,-2.0940933688031
shhs1,204032,9565447,9565447,FOFF,63,68.0708082783058,5.0708082783058
shhs1,204038,3655575,3655575,FOFF,54,59.2797471856181,5.2797471856181
shhs1,204224,840703,840703,FOFF,74,69.5910083443891,-4.4089916556109
shhs1,204310,4381023,4381023,FOFF,52,53.1136635893247,1.1136635893247
shhs1,204353,274451,274451,FOFF,60,62.7736397101207,2.7736397101207
shhs1,204630,4495243,4495243,FOFF,63,63.2725815206849,0.272581520684902
shhs1,204526,7202740,7202740,FOFF,68,62.2879924668472,-5.7120075331528
shhs1,203997,9092772,9092772,FOFF,58,61.0968904433306,3.0968904433306
shhs1,204618,1923741,1923741,FOFF,51,46.2682832301493,-4.7317167698507
shhs1,204024,3277497,3277497,FOFF,61,65.6552801399548,4.6552801399548
shhs1,204086,7550332,7550332,FOFF,68,71.9891388511882,3.9891388511882
shhs1,204155,4812227,4812227,FOFF,63,59.8217686264622,-3.1782313735378
shhs1,204065,6875507,6875507,FOFF,61,56.9626530500799,-4.0373469499201
shhs1,204521,209052,209052,FOFF,55,64.5213372572117,9.5213372572117
shhs1,204284,6142351,6142351,FOFF,51,52.1368135230014,1.1368135230014
shhs1,204290,2443278,2443278,FOFF,48,44.7186666565105,-3.2813333434895
shhs1,204661,7001464,7001464,FOFF,44,45.2753284302413,1.2753284302413
shhs1,204234,594168,594168,FOFF,68,75.5005971010845,7.50059710108449
shhs1,204530,9226230,9226230,FOFF,56,60.8022343999545,4.8022343999545
shhs1,204635,6690055,6690055,FOFF,48,58.6760801549003,10.6760801549003
shhs1,204136,2814574,2814574,FOFF,69,73.1054447207599,4.10544472075991
shhs1,203990,4846634,4846634,FOFF,68,77.7298886630021,9.7298886630021
shhs1,204503,7472314,7472314,FOFF,57,56.5284797644748,-0.471520235525198
shhs1,204022,861879,861879,FOFF,67,72.3029473724518,5.3029473724518
shhs1,204041,5604528,5604528,FOFF,75,71.621766834654,-3.378233165346
shhs1,204544,1356429,1356429,FOFF,62,65.5950800265432,3.5950800265432
shhs1,204210,9066717,9066717,FOFF,67,68.5531327914465,1.5531327914465
shhs1,204338,9429555,9429555,FOFF,53,55.3877693651778,2.3877693651778
shhs1,204050,4479333,4479333,FOFF,60,52.5456724962559,-7.4543275037441
shhs1,204400,8473321,8473321,FOFF,58,67.7392217717957,9.7392217717957
shhs1,204527,2181377,2181377,FOFF,55,51.7739691043726,-3.2260308956274
shhs1,204507,3959599,3959599,FOFF,63,75.615923923168,12.615923923168
shhs1,204610,8433993,8433993,FOFF,59,50.2375045485867,-8.7624954514133
shhs1,204279,9804584,9804584,FOFF,61,69.3674196496954,8.36741964969541
shhs1,204148,6376958,6376958,FOFF,51,53.4004190960283,2.4004190960283
shhs1,204549,2116767,2116767,FOFF,50,46.1762782539979,-3.8237217460021
shhs1,204100,4760461,4760461,FOFF,64,56.6217770831039,-7.3782229168961
shhs1,204176,5943848,5943848,FOFF,54,60.3852003039386,6.3852003039386
shhs1,204061,7024141,7024141,FOFF,53,59.8137544710304,6.8137544710304
shhs1,204468,5757752,5757752,FOFF,65,64.154220643594,-0.845779356405998
shhs1,204175,5090236,5090236,FOFF,55,46.6306477000418,-8.3693522999582
shhs1,204374,6623519,6623519,FOFF,70,68.6731056690742,-1.3268943309258
shhs1,204139,2153615,2153615,FOFF,50,50.953469207685,0.953469207685004
shhs1,204295,1010008,1010008,FOFF,55,50.0861425642561,-4.9138574357439
shhs1,204399,4603499,4603499,FOFF,68,72.8129473312082,4.81294733120821
shhs1,204546,9062877,9062877,FOFF,60,66.900603089944,6.900603089944
shhs1,204283,6614603,6614603,FOFF,70,77.1182025399589,7.1182025399589
shhs1,204102,8129022,8129022,FOFF,55,44.7278849776858,-10.2721150223142
shhs1,204387,2805227,2805227,FOFF,52,51.9859776613296,-0.0140223386704008
shhs1,204337,9448240,9448240,FOFF,62,65.3200271218202,3.3200271218202
shhs1,204598,5889565,5889565,FOFF,57,55.1550441020369,-1.8449558979631
shhs1,204389,7047038,7047038,FOFF,59,49.7786983115636,-9.2213016884364
shhs1,204504,5613152,5613152,FOFF,59,65.5739641028874,6.5739641028874
shhs1,204417,9189713,9189713,FOFF,50,42.4123497982643,-7.5876502017357
shhs1,204248,1472896,1472896,FOFF,73,78.482697095247,5.48269709524701
shhs1,204346,2344700,2344700,FOFF,61,58.8221998340403,-2.1778001659597
shhs1,204019,775257,775257,FOFF,62,67.2690603867136,5.26906038671361
shhs1,204599,5810796,5810796,FOFF,64,62.0109727582097,-1.9890272417903
shhs1,204134,7053077,7053077,FOFF,52,48.4047162439126,-3.5952837560874
shhs1,204348,7464713,7464713,FOFF,62,59.9246256234015,-2.0753743765985
shhs1,204505,9142567,9142567,FOFF,56,66.5955673749648,10.5955673749648
shhs1,203991,1363410,1363410,FOFF,60,54.9695369939152,-5.0304630060848
shhs1,204485,3553824,3553824,FOFF,66,61.202520264894,-4.797479735106
shhs1,204553,7538790,7538790,FOFF,50,53.150964194271,3.150964194271
shhs1,204433,6188856,6188856,FOFF,53,52.4219209220506,-0.578079077949397
shhs1,204409,8834179,8834179,FOFF,76,73.8361830798643,-2.1638169201357
shhs1,204116,9209641,9209641,FOFF,62,63.5306402895677,1.5306402895677
shhs1,204118,567421,567421,FOFF,52,56.8929494396785,4.8929494396785
shhs1,204596,6634251,6634251,FOFF,43,48.6542375082644,5.6542375082644
shhs1,204446,275677,275677,FOFF,70,66.8996403357952,-3.1003596642048
shhs1,204028,6216156,6216156,FOFF,54,48.1148638752286,-5.8851361247714
shhs1,204571,1207086,1207086,FOFF,78,80.1241941605052,2.1241941605052
shhs1,204292,7454622,7454622,FOFF,51,53.8567305780803,2.8567305780803
shhs1,204199,8440760,8440760,FOFF,73,82.756809882005,9.756809882005
shhs1,204594,4221756,4221756,FOFF,53,51.6963631604,-1.3036368396
shhs1,204569,7296988,7296988,FOFF,53,54.0886588638033,1.0886588638033
shhs1,204107,337879,337879,FOFF,50,50.7710930899645,0.771093089964502
shhs1,204179,8041019,8041019,FOFF,52,67.4031473117391,15.4031473117391
