ID,prevalent_dementia,inc_dementia,event,time2event,BAI,BA,age,educcollege,BMI,Race,sleepmed,walking,diabetes,hypertension,heartattack,stroke,depression,mmse,AHI,APOE4
4,0.0,0.0,censor,7.063655030800821,-1.164689245903801,78.8353107540962,80,1.0,26.203396301017808,1.0,0.0,1.0,1.0,1.0,0.0,0.0,0.0,26.0,3.375,0.0
20,0.0,0.0,censor,6.806297056810404,-6.737082547818602,78.2629174521814,85,1.0,30.26773679010236,1.0,0.0,0.0,0.0,1.0,0.0,0.0,0.0,29.0,18.96551724137931,0.0
112,0.0,0.0,censor,6.9048596851471595,-0.9213196702170023,81.078680329783,82,1.0,28.895329558208346,1.0,1.0,0.0,0.0,0.0,0.0,0.0,0.0,30.0,6.8478260869565215,0.0
134,0.0,0.0,death,6.718685831622176,-7.668223614936693,75.3317763850633,83,1.0,29.167521754824868,1.0,0.0,0.0,0.0,0.0,0.0,0.0,0.0,29.0,20.330578512396695,0.0
234,0.0,0.0,censor,6.652977412731006,-14.63859842144581,68.3614015785542,83,0.0,33.71243433976655,1.0,1.0,0.0,0.0,1.0,1.0,0.0,0.0,29.0,9.00562851782364,0.0
242,0.0,0.0,death,6.450376454483231,-20.7811851941849,68.2188148058151,89,1.0,24.428985173821275,1.0,1.0,1.0,0.0,1.0,0.0,1.0,0.0,28.0,2.490566037735849,
249,1.0,0.0,dementia,-1.483915126625599,-2.090044973392295,79.9099550266077,82,1.0,23.838808197786097,1.0,1.0,1.0,0.0,1.0,0.0,0.0,0.0,27.0,16.766467065868262,
251,0.0,0.0,censor,6.283367556468172,-1.740787405949106,78.2592125940509,80,0.0,25.591364317940094,1.0,0.0,1.0,0.0,0.0,0.0,0.0,0.0,29.0,5.183585313174946,
329,0.0,0.0,censor,7.041752224503765,-14.38280717799741,65.6171928220026,80,0.0,30.94143337673611,1.0,0.0,0.0,1.0,0.0,1.0,0.0,0.0,27.0,8.354430379746836,1.0
352,0.0,0.0,censor,6.146475017111568,-5.3153818771614,75.6846181228386,81,1.0,26.64759089123599,1.0,0.0,0.0,0.0,0.0,1.0,1.0,0.0,29.0,0.2977667493796526,
365,0.0,0.0,censor,6.151950718685832,-4.319689703243995,76.680310296756,81,1.0,23.24279890315222,1.0,1.0,1.0,1.0,1.0,0.0,0.0,0.0,30.0,12.268370607028753,
393,0.0,1.0,dementia,4.002737850787132,-5.1876794620986,81.8123205379014,87,0.0,22.189349112426033,1.0,0.0,1.0,0.0,1.0,0.0,0.0,1.0,26.0,0.569620253164557,0.0
419,0.0,0.0,censor,7.014373716632443,0.8710886054015958,80.8710886054016,80,1.0,27.063146835816408,1.0,0.0,1.0,0.0,0.0,0.0,0.0,0.0,29.0,15.977337110481587,
443,0.0,0.0,censor,6.655715263518139,-8.513723609262598,73.4862763907374,82,1.0,31.05590062111801,1.0,1.0,0.0,0.0,1.0,0.0,0.0,0.0,30.0,65.9659090909091,0.0
445,0.0,1.0,dementia,5.021218343600274,-1.713231239762393,78.2867687602376,80,1.0,27.132902997127132,1.0,0.0,1.0,0.0,1.0,0.0,0.0,0.0,28.0,11.287128712871286,0.0
446,0.0,0.0,censor,7.5482546201232035,-1.395168967812594,80.6048310321874,82,1.0,25.222674692398712,1.0,0.0,0.0,0.0,0.0,0.0,0.0,0.0,30.0,1.5340909090909092,
513,1.0,0.0,dementia,-0.7802874743326489,-6.1278492195881,72.8721507804119,79,1.0,37.23225285321021,1.0,0.0,0.0,0.0,1.0,0.0,0.0,0.0,24.0,30.266666666666666,0.0
560,0.0,0.0,censor,7.671457905544147,-2.143733038782102,83.8562669612179,86,1.0,29.590115346373356,1.0,0.0,0.0,0.0,1.0,0.0,0.0,0.0,29.0,26.77570093457944,
588,0.0,1.0,dementia,3.693360711841205,-3.033018469457303,78.9669815305427,82,1.0,26.329916610123597,1.0,1.0,1.0,0.0,0.0,0.0,0.0,0.0,29.0,19.96153846153846,
633,0.0,1.0,dementia,3.6413415468856947,4.052443638063096,84.0524436380631,80,0.0,26.358553308709705,1.0,1.0,0.0,0.0,0.0,0.0,0.0,0.0,29.0,7.878787878787879,0.0
643,0.0,0.0,censor,7.906913073237509,-2.839435152716206,76.1605648472838,79,1.0,27.492144927606773,1.0,0.0,1.0,0.0,0.0,0.0,0.0,0.0,30.0,40.70886075949367,0.0
724,0.0,0.0,censor,7.389459274469542,-13.6513659010203,72.3486340989797,86,1.0,27.949475947325993,1.0,0.0,0.0,0.0,1.0,0.0,0.0,0.0,28.0,3.457627118644068,0.0
743,0.0,0.0,censor,7.337440109514032,-6.089673824150296,74.9103261758497,81,1.0,28.664896743913804,1.0,0.0,0.0,0.0,0.0,0.0,0.0,0.0,29.0,2.6865671641791047,0.0
816,0.0,0.0,censor,6.976043805612594,-8.951455722593295,72.0485442774067,81,1.0,25.17816547208252,1.0,0.0,1.0,0.0,0.0,0.0,0.0,0.0,28.0,5.274725274725275,
841,0.0,1.0,dementia,5.765913757700205,-6.256790169470193,73.7432098305298,80,1.0,27.71967032931613,1.0,0.0,0.0,0.0,0.0,0.0,0.0,0.0,30.0,27.22543352601156,0.0
847,0.0,0.0,censor,6.746064339493498,-11.3688385719301,77.6311614280699,89,0.0,36.535842438790795,1.0,0.0,0.0,0.0,1.0,0.0,0.0,0.0,29.0,44.0625,0.0
852,0.0,0.0,censor,7.017111567419575,-3.291953530784795,84.7080464692152,88,1.0,31.285050472680652,1.0,1.0,0.0,0.0,1.0,0.0,1.0,0.0,30.0,0.17804154302670624,0.0
893,0.0,0.0,censor,7.241615331964408,-4.011883008455001,77.988116991545,82,1.0,27.11453374120875,1.0,0.0,1.0,0.0,0.0,0.0,0.0,0.0,28.0,1.971830985915493,
975,0.0,0.0,censor,6.50239561943874,-9.619388771778304,72.3806112282217,82,1.0,27.886555120446182,1.0,0.0,0.0,0.0,0.0,0.0,0.0,1.0,29.0,44.08839779005525,0.0
1110,0.0,1.0,dementia,4.123203285420945,1.204932911876298,83.2049329118763,82,0.0,26.854515013107875,1.0,0.0,1.0,0.0,0.0,0.0,0.0,0.0,25.0,19.866666666666667,
1188,0.0,0.0,censor,7.485284052019165,-14.1530232381137,67.8469767618863,82,0.0,33.77296415989752,1.0,0.0,0.0,0.0,0.0,0.0,0.0,0.0,27.0,8.622754491017965,0.0
1233,0.0,0.0,death,5.409993155373032,-6.952432095955004,78.047567904045,85,1.0,24.845584691144534,1.0,0.0,0.0,0.0,1.0,0.0,0.0,1.0,30.0,0.6896551724137931,
1234,0.0,0.0,censor,6.5571526351813825,-8.260474887213604,74.7395251127864,83,1.0,24.64820648518166,1.0,0.0,1.0,0.0,0.0,0.0,0.0,0.0,28.0,40.97560975609756,0.0
1262,0.0,0.0,censor,5.946611909650924,1.089640236884094,87.0896402368841,86,1.0,27.105651311039313,1.0,0.0,0.0,0.0,0.0,0.0,0.0,0.0,28.0,10.599369085173501,
1296,0.0,1.0,dementia,3.9534565366187544,-1.843540914485502,81.1564590855145,83,1.0,24.001127044520384,1.0,0.0,0.0,0.0,0.0,0.0,0.0,0.0,30.0,17.081850533807827,1.0
1342,0.0,1.0,dementia,5.7850787132101305,-8.686157068133497,72.3138429318665,81,1.0,38.870532035041656,1.0,1.0,0.0,0.0,0.0,0.0,0.0,0.0,29.0,7.2727272727272725,0.0
1362,0.0,0.0,censor,6.661190965092403,-6.241909119244198,74.7580908807558,81,1.0,29.006103035744616,1.0,0.0,0.0,0.0,0.0,0.0,1.0,0.0,23.0,3.291770573566085,0.0
1363,0.0,1.0,dementia,4.944558521560575,-0.4013628733066952,82.5986371266933,83,1.0,30.751668627473816,1.0,1.0,0.0,0.0,0.0,0.0,0.0,0.0,26.0,3.3417721518987342,0.0
1420,0.0,1.0,dementia,5.963039014373717,-6.060702201218703,73.9392977987813,80,1.0,20.8638817997227,1.0,0.0,1.0,0.0,1.0,0.0,0.0,0.0,29.0,18.26086956521739,0.0
1425,0.0,0.0,censor,7.600273785078714,0.8770288456359054,81.8770288456359,81,1.0,26.61625708884688,1.0,0.0,0.0,0.0,0.0,0.0,0.0,0.0,29.0,1.6172506738544474,0.0
1483,0.0,0.0,censor,6.669404517453799,-11.0417995824217,73.9582004175783,85,1.0,32.751577431320555,1.0,1.0,0.0,0.0,0.0,0.0,0.0,1.0,29.0,2.7507163323782233,
1512,0.0,0.0,death,5.314168377823409,-1.814847271506594,81.1851527284934,83,1.0,24.06680862241448,1.0,0.0,1.0,0.0,0.0,0.0,0.0,0.0,29.0,1.8274111675126903,
1546,0.0,1.0,dementia,4.191649555099247,-4.648792214646306,77.3512077853537,82,1.0,24.069309737455256,1.0,0.0,0.0,0.0,1.0,0.0,0.0,0.0,27.0,30.920245398773005,0.0
1579,0.0,1.0,dementia,4.284736481861739,-16.0447086050277,63.9552913949723,80,0.0,21.589593601772272,1.0,0.0,1.0,0.0,0.0,0.0,0.0,0.0,28.0,2.9055690072639226,0.0
1613,0.0,0.0,censor,6.995208761122519,-9.186641021642401,71.8133589783576,81,1.0,26.577999507199593,1.0,0.0,0.0,0.0,1.0,0.0,0.0,0.0,29.0,7.96875,0.0
1682,0.0,0.0,censor,6.269678302532512,-9.366107292262598,70.6338927077374,80,1.0,25.72103221453871,1.0,0.0,1.0,0.0,0.0,0.0,0.0,0.0,29.0,4.35,
1719,0.0,1.0,dementia,5.806981519507187,-13.4265678120196,66.5734321879804,80,1.0,25.038559381447428,1.0,0.0,0.0,0.0,0.0,0.0,0.0,0.0,26.0,15.285714285714286,0.0
1723,0.0,1.0,dementia,4.336755646817249,-13.4747344704659,66.5252655295341,80,1.0,28.442186835187893,1.0,0.0,0.0,0.0,1.0,0.0,0.0,0.0,30.0,38.86363636363637,
1745,0.0,0.0,censor,7.945242984257358,-5.195606106849198,74.8043938931508,80,1.0,32.09970370520408,1.0,0.0,0.0,0.0,1.0,0.0,0.0,0.0,29.0,27.5,0.0
1760,0.0,1.0,dementia,4.960985626283367,-5.155116187431204,78.8448838125688,84,1.0,20.385611949397955,1.0,0.0,0.0,0.0,1.0,1.0,1.0,0.0,30.0,13.272727272727273,
1797,0.0,0.0,censor,7.301848049281314,-14.1662984826812,66.8337015173188,81,1.0,25.746476635757194,1.0,0.0,1.0,0.0,1.0,0.0,0.0,1.0,29.0,2.608695652173913,0.0
1879,0.0,1.0,dementia,4.251882272416153,-23.0069092491099,62.9930907508901,86,1.0,28.40097241406945,1.0,0.0,0.0,0.0,0.0,1.0,0.0,0.0,29.0,41.52671755725191,0.0
1960,0.0,1.0,dementia,5.689253935660506,-9.042247121766707,69.9577528782333,79,1.0,,1.0,0.0,0.0,0.0,0.0,0.0,0.0,0.0,29.0,0.1729106628242075,0.0
1986,0.0,0.0,censor,6.674880219028063,-9.1922231438123,71.8077768561877,81,1.0,24.018152828118374,1.0,0.0,0.0,0.0,1.0,0.0,0.0,0.0,29.0,27.289719626168225,0.0
2035,0.0,0.0,censor,6.872005475701574,-7.8433457456117,76.1566542543883,84,1.0,25.168460898279147,1.0,0.0,0.0,0.0,1.0,0.0,0.0,0.0,29.0,15.95959595959596,0.0
2077,0.0,1.0,dementia,5.500342231348392,0.7645995286736991,86.7645995286737,86,1.0,24.282292689926162,1.0,0.0,0.0,1.0,1.0,0.0,1.0,0.0,,49.38775510204081,0.0
2142,0.0,1.0,dementia,4.7939767282683095,-1.257052315793302,86.7429476842067,88,0.0,31.268669170804625,1.0,0.0,0.0,0.0,1.0,0.0,0.0,1.0,25.0,6.346153846153846,0.0
2196,0.0,1.0,dementia,5.683778234086242,-3.283796985928703,76.7162030140713,80,0.0,37.39551873012861,1.0,0.0,0.0,0.0,1.0,0.0,0.0,1.0,28.0,15.589123867069487,0.0
2254,0.0,0.0,censor,6.3709787816564,-10.48070702720931,74.5192929727907,85,1.0,25.816266037292646,1.0,0.0,1.0,0.0,0.0,0.0,0.0,0.0,30.0,8.657718120805368,
2332,0.0,1.0,dementia,4.216290212183436,-4.003828049128401,77.9961719508716,82,0.0,30.848943122261122,1.0,0.0,0.0,1.0,1.0,0.0,0.0,0.0,,6.331658291457287,
2387,1.0,0.0,dementia,-0.030116358658453114,0.5159664076547017,82.5159664076547,82,1.0,21.69277736332228,1.0,0.0,0.0,0.0,1.0,0.0,0.0,0.0,27.0,5.217391304347826,
2419,0.0,0.0,censor,6.631074606433949,-5.709116581634703,74.2908834183653,80,1.0,35.10518790849674,1.0,0.0,0.0,0.0,1.0,0.0,0.0,0.0,28.0,5.758928571428571,0.0
2439,0.0,0.0,censor,6.614647501711157,-9.944277598012903,72.0557224019871,82,0.0,20.697448060593178,1.0,1.0,1.0,0.0,1.0,0.0,0.0,0.0,30.0,1.0682492581602374,
2487,0.0,0.0,censor,7.304585900068446,-7.666630241566395,80.3333697584336,88,1.0,27.73668639053254,1.0,0.0,0.0,0.0,1.0,0.0,0.0,0.0,27.0,26.470588235294116,0.0
2527,0.0,0.0,death,6.119096509240246,-3.392589602817395,79.6074103971826,83,1.0,28.461982647875562,1.0,0.0,0.0,0.0,1.0,0.0,0.0,0.0,30.0,10.118343195266272,
2558,0.0,0.0,censor,6.546201232032854,-17.4600120958781,68.5399879041219,86,1.0,20.282767570521138,1.0,0.0,1.0,0.0,1.0,0.0,0.0,0.0,30.0,0.3508771929824561,
2562,0.0,0.0,censor,7.219712525667351,-5.944831246167894,76.0551687538321,82,0.0,28.933499083839976,1.0,0.0,0.0,0.0,1.0,0.0,0.0,0.0,28.0,11.707317073170731,0.0
2622,0.0,1.0,dementia,4.257357973990418,-3.860276430700196,81.1397235692998,85,0.0,29.03823588468722,1.0,0.0,0.0,0.0,1.0,1.0,0.0,0.0,28.0,9.863013698630137,0.0
2642,0.0,0.0,censor,7.321013004791239,-9.683686950132596,81.3163130498674,91,1.0,25.358916448612497,1.0,0.0,0.0,0.0,1.0,0.0,1.0,1.0,28.0,2.776349614395887,0.0
2648,0.0,1.0,dementia,5.147159479808351,1.836177942842198,81.8361779428422,80,1.0,34.75980821828357,1.0,0.0,1.0,0.0,1.0,0.0,0.0,0.0,28.0,15.10948905109489,0.0
2671,0.0,1.0,dementia,5.990417522245037,-7.660635521744197,78.3393644782558,86,0.0,21.37702139679401,1.0,0.0,1.0,0.0,0.0,0.0,0.0,0.0,25.0,1.1851851851851851,0.0
2691,0.0,0.0,censor,7.507186858316222,-13.3484323537477,67.6515676462523,81,1.0,26.42893114743181,1.0,0.0,1.0,0.0,1.0,0.0,0.0,0.0,27.0,11.808510638297872,0.0
2700,0.0,0.0,censor,6.704996577686516,-6.482296259132497,73.5177037408675,80,1.0,24.341037673786236,1.0,0.0,,0.0,0.0,0.0,0.0,0.0,29.0,0.4897959183673469,
2705,0.0,1.0,dementia,3.9644079397672827,-6.564194136945602,72.4358058630544,79,1.0,21.64457847183426,1.0,1.0,1.0,0.0,1.0,1.0,0.0,0.0,30.0,1.0526315789473684,
2711,0.0,0.0,censor,6.105407255304586,-7.017972166338893,74.9820278336611,82,1.0,25.50760126517702,1.0,0.0,0.0,0.0,0.0,0.0,0.0,0.0,30.0,24.37956204379562,
2787,0.0,0.0,censor,6.683093771389459,-3.664155921329396,79.3358440786706,83,1.0,28.921366580624067,1.0,0.0,0.0,0.0,1.0,0.0,0.0,0.0,30.0,21.34020618556701,
2794,0.0,0.0,censor,6.7734428473648185,-7.264782827541197,79.7352171724588,87,1.0,22.509309036050812,1.0,0.0,0.0,0.0,0.0,0.0,0.0,0.0,29.0,1.4798206278026906,0.0
2831,0.0,0.0,censor,6.075290896646133,-6.090108748916094,75.9098912510839,82,1.0,26.502084820588053,1.0,0.0,0.0,0.0,1.0,0.0,0.0,0.0,30.0,3.75,
2932,0.0,0.0,censor,7.162217659137577,2.367438704272402,85.3674387042724,83,1.0,35.571857127612056,1.0,0.0,0.0,1.0,1.0,0.0,0.0,1.0,28.0,9.454545454545455,
2950,0.0,0.0,censor,6.863791923340178,-0.706734332781707,81.2932656672183,82,1.0,28.73862130212819,1.0,0.0,0.0,0.0,1.0,0.0,0.0,0.0,30.0,7.439353099730458,
2995,0.0,0.0,censor,7.474332648870637,-0.5330939558597976,81.4669060441402,82,1.0,22.597274203799163,1.0,0.0,0.0,0.0,0.0,0.0,0.0,0.0,29.0,37.328990228013026,
2998,0.0,0.0,death,6.3408624229979464,-3.915177830572404,81.0848221694276,85,1.0,27.55708358855031,1.0,0.0,0.0,0.0,1.0,0.0,0.0,0.0,30.0,52.520325203252035,
3041,0.0,0.0,censor,7.942505133470226,-0.07624072463690368,78.9237592753631,79,1.0,25.976339645345245,1.0,0.0,1.0,0.0,1.0,0.0,0.0,0.0,29.0,9.071618037135279,0.0
3048,0.0,1.0,dementia,5.804243668720055,-2.417988422739697,83.5820115772603,86,1.0,35.74454524608151,1.0,0.0,0.0,1.0,1.0,0.0,0.0,0.0,,80.06825938566553,0.0
3094,0.0,0.0,censor,6.803559206023272,-14.9731539641637,70.0268460358363,85,1.0,24.812468243334337,1.0,0.0,0.0,1.0,0.0,0.0,1.0,0.0,28.0,24.030226700251887,0.0
3103,0.0,0.0,censor,6.7323750855578375,-9.748843222729505,71.2511567772705,81,1.0,19.132527913867644,1.0,0.0,0.0,0.0,0.0,0.0,0.0,0.0,30.0,3.3165829145728645,
3147,0.0,1.0,dementia,4.101300479123887,-7.870558074396399,75.1294419256036,83,1.0,33.71950331988346,1.0,1.0,0.0,0.0,0.0,0.0,0.0,0.0,28.0,7.228915662650603,0.0
3212,0.0,0.0,censor,7.57015742642026,-8.6328531999564,73.3671468000436,82,1.0,29.11151977234288,1.0,0.0,0.0,0.0,0.0,1.0,0.0,0.0,30.0,12.934131736526947,
3236,0.0,1.0,dementia,5.727583846680356,-12.47703110886761,68.5229688911324,81,0.0,29.411124467588508,1.0,0.0,1.0,0.0,0.0,0.0,0.0,0.0,,5.673352435530086,
3260,0.0,0.0,censor,6.606433949349761,-4.446761361286306,78.5532386387137,83,0.0,31.422245194631984,1.0,1.0,0.0,0.0,1.0,0.0,0.0,0.0,29.0,24.356435643564357,0.0
3310,0.0,0.0,censor,6.09719370294319,2.471163134736003,83.471163134736,81,1.0,31.84582511505588,1.0,1.0,1.0,0.0,0.0,0.0,0.0,0.0,28.0,32.270270270270274,
3312,0.0,1.0,dementia,5.691991786447638,0.4584680992397949,83.4584680992398,83,1.0,20.775623268698062,1.0,0.0,1.0,0.0,1.0,1.0,0.0,0.0,29.0,2.4705882352941178,
3325,0.0,0.0,death,7.342915811088296,1.378512006038903,83.3785120060389,82,1.0,27.93951119705762,1.0,0.0,1.0,0.0,0.0,0.0,0.0,0.0,30.0,10.570719602977668,0.0
3333,0.0,0.0,censor,7.436002737850787,-10.5572823871977,72.4427176128023,83,0.0,27.51026417442646,1.0,0.0,0.0,1.0,1.0,0.0,1.0,0.0,28.0,7.857142857142857,0.0
3334,0.0,0.0,censor,6.464065708418891,-8.440245146425497,79.5597548535745,88,1.0,27.898938883787366,1.0,0.0,0.0,0.0,0.0,0.0,0.0,0.0,28.0,26.48780487804878,0.0
3445,0.0,0.0,censor,7.597535934291581,-2.335592017604498,76.6644079823955,79,1.0,24.95127570327943,1.0,0.0,1.0,0.0,0.0,0.0,0.0,0.0,30.0,14.740484429065743,0.0
3613,0.0,1.0,dementia,5.155373032169747,4.911197986442602,83.9111979864426,79,1.0,27.75106998110423,1.0,0.0,1.0,0.0,1.0,0.0,1.0,0.0,30.0,3.345724907063197,0.0
3640,0.0,1.0,dementia,4.5366187542778915,-10.39612770225919,71.6038722977408,82,1.0,30.16510107338114,1.0,0.0,0.0,0.0,0.0,0.0,0.0,0.0,29.0,35.64179104477612,
3649,0.0,0.0,censor,7.025325119780972,-1.397250492290695,80.6027495077093,82,1.0,22.20633068613798,1.0,0.0,1.0,1.0,1.0,1.0,1.0,0.0,29.0,12.413793103448276,0.0
3660,0.0,1.0,dementia,5.938398357289528,-2.727296549263997,77.272703450736,80,0.0,26.116973761904045,1.0,1.0,0.0,0.0,0.0,0.0,0.0,1.0,29.0,2.2018348623853212,0.0
3692,0.0,0.0,censor,6.713210130047912,-9.672840228704999,71.327159771295,81,1.0,28.978651349230336,1.0,0.0,1.0,0.0,1.0,1.0,1.0,0.0,30.0,12.148148148148149,
3708,0.0,1.0,dementia,5.535934291581109,-2.188879926843498,78.8111200731565,81,1.0,30.940183299739832,1.0,0.0,0.0,1.0,1.0,0.0,0.0,0.0,28.0,18.63481228668942,0.0
3725,0.0,0.0,censor,6.674880219028063,1.123167521795295,81.1231675217953,80,1.0,35.059299085993445,1.0,1.0,0.0,0.0,1.0,0.0,0.0,0.0,29.0,44.1688654353562,
3774,0.0,0.0,censor,6.885694729637235,-11.4502596927403,71.5497403072597,83,1.0,28.776460118814434,1.0,0.0,0.0,0.0,1.0,1.0,0.0,1.0,28.0,5.480093676814988,0.0
3798,0.0,0.0,censor,6.680355920602327,-16.735044219773,67.264955780227,84,1.0,24.24434606456539,1.0,0.0,1.0,0.0,1.0,0.0,1.0,0.0,28.0,13.561643835616438,0.0
3820,0.0,1.0,dementia,4.407939767282683,-3.129499695374193,76.8705003046258,80,0.0,40.44933431952662,1.0,0.0,0.0,0.0,0.0,0.0,0.0,0.0,30.0,22.606232294617563,0.0
3837,0.0,0.0,censor,6.146475017111568,-3.767962357082794,77.2320376429172,81,1.0,24.402444197463673,1.0,1.0,0.0,0.0,1.0,1.0,0.0,0.0,30.0,7.0588235294117645,
3840,0.0,0.0,censor,7.238877481177276,-3.140013064456994,77.859986935543,81,1.0,22.9376,1.0,0.0,1.0,0.0,1.0,0.0,0.0,0.0,30.0,1.7763157894736843,
3958,0.0,0.0,censor,6.617385352498289,-7.604105023402099,75.3958949765979,83,0.0,25.571443247770684,1.0,0.0,1.0,0.0,1.0,0.0,0.0,0.0,28.0,8.411214953271028,0.0
4065,0.0,0.0,censor,6.094455852156058,-1.856884395581702,82.1431156044183,84,1.0,28.77451337505943,1.0,0.0,1.0,1.0,1.0,0.0,0.0,0.0,,17.23076923076923,
4083,0.0,0.0,censor,7.592060232717317,-5.4329535229774,83.5670464770226,89,0.0,25.220032737851408,1.0,0.0,0.0,0.0,1.0,0.0,0.0,0.0,29.0,3.5443037974683542,0.0
4100,0.0,1.0,dementia,5.760438056125941,-0.3779772257095999,85.6220227742904,86,0.0,34.22104744307782,1.0,1.0,0.0,0.0,1.0,1.0,1.0,0.0,26.0,7.352941176470588,
4104,0.0,0.0,censor,7.014373716632443,-9.7013798409956,71.2986201590044,81,1.0,24.80473372781065,1.0,1.0,1.0,0.0,1.0,0.0,0.0,0.0,30.0,21.61662817551963,
4107,0.0,1.0,dementia,4.010951403148528,-1.488094893795804,81.5119051062042,83,0.0,30.337688814190756,1.0,0.0,1.0,0.0,1.0,1.0,0.0,1.0,,8.470588235294118,
4122,0.0,1.0,dementia,4.227241615331964,-9.585866810050405,72.4141331899496,82,0.0,32.51873511489546,1.0,0.0,1.0,1.0,0.0,1.0,0.0,0.0,28.0,16.92737430167598,
4205,0.0,0.0,censor,7.066392881587953,-8.889091732667197,70.1109082673328,79,1.0,36.12156839849985,1.0,0.0,0.0,0.0,1.0,0.0,0.0,0.0,30.0,39.502262443438916,0.0
4212,0.0,1.0,dementia,4.161533196440794,0.8057768642297987,83.8057768642298,83,0.0,28.34228548754743,1.0,0.0,0.0,0.0,0.0,0.0,0.0,0.0,28.0,6.993006993006993,
4300,0.0,0.0,censor,6.666666666666667,-6.816039750314701,72.1839602496853,79,1.0,25.621112468703387,1.0,0.0,0.0,0.0,1.0,0.0,0.0,0.0,28.0,9.121140142517815,
4310,0.0,0.0,censor,7.559206023271732,-3.231499148417001,77.768500851583,81,1.0,30.52409877598364,1.0,0.0,1.0,0.0,1.0,0.0,0.0,0.0,28.0,2.1848739495798317,0.0
4334,0.0,0.0,censor,7.1184120465434635,-7.484321521289104,73.5156784787109,81,1.0,25.624387888763632,1.0,0.0,1.0,0.0,0.0,0.0,0.0,0.0,27.0,3.875968992248062,1.0
4344,0.0,0.0,censor,6.532511978097194,-16.1235693182103,65.8764306817897,82,0.0,35.174865843480426,1.0,0.0,0.0,0.0,0.0,0.0,1.0,0.0,28.0,10.2,0.0
4379,0.0,0.0,censor,7.342915811088296,-10.89532192091499,70.104678079085,81,1.0,24.79498873599083,1.0,0.0,0.0,0.0,0.0,0.0,0.0,0.0,29.0,6.976744186046512,0.0
4428,0.0,1.0,dementia,4.5366187542778915,-0.3745490491195937,86.6254509508804,87,1.0,22.61407360742222,1.0,0.0,1.0,1.0,1.0,0.0,0.0,0.0,28.0,23.586206896551722,0.0
4546,0.0,0.0,censor,7.57015742642026,0.6393570731607952,80.6393570731608,80,1.0,32.28796880938873,1.0,0.0,0.0,0.0,1.0,0.0,0.0,0.0,30.0,12.241379310344827,0.0
4557,0.0,0.0,censor,7.030800821355236,-4.915641479715603,75.0843585202844,80,1.0,26.49113525902177,1.0,0.0,1.0,0.0,0.0,0.0,0.0,0.0,28.0,9.337175792507205,0.0
4609,0.0,0.0,censor,7.236139630390143,-1.634698831979804,79.3653011680202,81,1.0,25.229988895959398,1.0,1.0,0.0,0.0,0.0,0.0,0.0,0.0,30.0,4.125,
4614,0.0,0.0,censor,6.847364818617385,-0.6446040112251978,83.3553959887748,84,0.0,29.370096281702303,1.0,1.0,0.0,0.0,1.0,0.0,1.0,0.0,30.0,39.3048128342246,0.0
4744,0.0,1.0,dementia,4.380561259411362,-1.867240041039096,80.1327599589609,82,1.0,36.04696871090495,1.0,0.0,1.0,0.0,1.0,0.0,1.0,0.0,27.0,34.90683229813665,
4772,0.0,0.0,censor,7.474332648870637,-11.56457612999699,72.435423870003,84,1.0,29.319856487018246,1.0,0.0,0.0,1.0,1.0,0.0,0.0,1.0,27.0,16.684491978609625,
4798,0.0,0.0,censor,6.179329226557153,4.656053875107006,84.656053875107,80,1.0,29.524543712439094,1.0,0.0,1.0,0.0,0.0,0.0,0.0,0.0,30.0,13.736842105263158,
4823,0.0,1.0,dementia,5.1854893908282,-20.4283865523846,63.5716134476154,84,0.0,34.193213296398895,1.0,0.0,0.0,0.0,1.0,0.0,1.0,0.0,24.0,9.510086455331413,
4855,0.0,1.0,dementia,4.057494866529774,-0.8703619280449999,80.129638071955,81,1.0,34.68749999999999,1.0,0.0,0.0,0.0,0.0,1.0,0.0,0.0,29.0,4.961240310077519,0.0
4891,0.0,0.0,censor,6.154688569472964,-0.9813694009753959,79.0186305990246,80,1.0,25.307170815913693,1.0,0.0,1.0,0.0,0.0,0.0,1.0,0.0,29.0,14.6,
4905,0.0,1.0,dementia,5.253935660506502,0.3014819021215942,83.3014819021216,83,1.0,31.152572155928354,1.0,0.0,0.0,0.0,0.0,0.0,0.0,0.0,30.0,16.132930513595166,0.0
4932,0.0,1.0,dementia,5.084188911704312,-2.151412395447807,81.8485876045522,84,1.0,28.398718000730252,1.0,1.0,0.0,0.0,1.0,1.0,0.0,0.0,30.0,1.183431952662722,
4944,0.0,1.0,dementia,5.670088980150582,-7.804868380326099,71.1951316196739,79,0.0,29.3699203340911,1.0,0.0,0.0,0.0,0.0,0.0,0.0,0.0,26.0,2.3376623376623376,
4959,0.0,0.0,censor,5.938398357289528,-8.117900324217501,77.8820996757825,86,1.0,24.152509947964493,1.0,1.0,0.0,0.0,1.0,0.0,0.0,0.0,30.0,43.95,
4981,0.0,0.0,censor,6.420260095824777,-8.065787470248395,72.9342125297516,81,1.0,34.2808549572802,1.0,0.0,0.0,1.0,1.0,0.0,0.0,0.0,28.0,68.27027027027027,
4986,0.0,0.0,censor,7.189596167008898,0.005646039271795189,87.0056460392718,87,0.0,30.284337614596897,1.0,0.0,0.0,0.0,0.0,0.0,1.0,0.0,29.0,6.573033707865169,0.0
5080,0.0,0.0,censor,6.839151266255989,-2.107149733676593,79.8928502663234,82,1.0,22.578878409733125,1.0,1.0,0.0,0.0,0.0,0.0,0.0,1.0,28.0,8.125,0.0
5097,0.0,0.0,censor,6.376454483230664,-3.827496944813802,78.1725030551862,82,1.0,24.586159419830082,1.0,1.0,0.0,0.0,1.0,0.0,0.0,0.0,30.0,22.146596858638745,
5128,0.0,0.0,censor,6.874743326488707,-7.837451111239503,74.1625488887605,82,1.0,22.957803997748375,1.0,0.0,0.0,0.0,0.0,0.0,0.0,0.0,30.0,1.8483412322274881,1.0
5219,0.0,1.0,dementia,5.823408624229979,-0.677660375185198,78.3223396248148,79,1.0,31.215487262803368,1.0,0.0,1.0,1.0,0.0,0.0,0.0,0.0,29.0,24.240687679083095,0.0
5240,0.0,0.0,censor,6.746064339493498,-15.2898361631333,69.7101638368667,85,1.0,25.806451612903224,1.0,0.0,0.0,0.0,1.0,0.0,0.0,0.0,28.0,17.802197802197803,0.0
5275,0.0,1.0,dementia,3.8521560574948666,-4.515890218283801,77.4841097817162,82,0.0,22.652140981262434,1.0,0.0,0.0,1.0,0.0,1.0,1.0,0.0,24.0,28.288973384030417,0.0
5318,0.0,0.0,death,6.184804928131417,-4.802306846742198,74.1976931532578,79,1.0,35.92759168963219,1.0,0.0,1.0,0.0,1.0,0.0,0.0,1.0,29.0,24.563758389261746,0.0
5330,0.0,1.0,dementia,5.089664613278576,-11.59925322188781,70.4007467781122,82,1.0,24.141856497500964,1.0,1.0,1.0,0.0,1.0,0.0,0.0,0.0,29.0,16.88888888888889,
5341,0.0,1.0,dementia,4.005475701574264,-10.7965492332028,74.2034507667972,85,1.0,24.24682235200829,1.0,0.0,0.0,0.0,1.0,0.0,0.0,0.0,27.0,4.0476190476190474,
5439,0.0,1.0,dementia,4.4490075290896645,1.519326476759701,87.5193264767597,86,0.0,19.117430692285275,1.0,0.0,0.0,0.0,1.0,0.0,0.0,0.0,27.0,34.46224256292906,0.0
5481,0.0,1.0,dementia,4.960985626283367,-9.186863923357294,70.8131360766427,80,0.0,26.47973899433066,1.0,0.0,0.0,0.0,1.0,0.0,0.0,0.0,26.0,5.416666666666667,
5506,0.0,0.0,censor,6.392881587953457,-1.169331768370199,78.8306682316298,80,1.0,25.918108881618743,1.0,0.0,0.0,0.0,1.0,1.0,0.0,0.0,30.0,13.5678391959799,
5523,0.0,1.0,dementia,4.963723477070499,-3.373862282027702,81.6261377179723,85,1.0,26.108226591536187,1.0,1.0,0.0,0.0,0.0,0.0,0.0,1.0,,3.5869565217391304,
5575,0.0,1.0,dementia,4.136892539356605,0.6664423499406951,88.6664423499407,88,0.0,32.98587801260329,1.0,0.0,0.0,1.0,1.0,0.0,0.0,0.0,,12.157894736842104,
5621,0.0,0.0,censor,7.099247091033539,-2.702980634449702,77.2970193655503,80,0.0,31.965186195351144,1.0,0.0,1.0,0.0,0.0,0.0,0.0,0.0,28.0,10.835579514824797,
5673,0.0,0.0,censor,7.129363449691992,-2.245110200832798,82.7548897991672,85,1.0,30.13894916678722,1.0,0.0,0.0,0.0,1.0,1.0,0.0,0.0,30.0,34.603960396039604,0.0
5674,0.0,1.0,dementia,4.161533196440794,1.156445201019693,85.1564452010197,84,1.0,28.734968902639807,1.0,0.0,0.0,0.0,0.0,0.0,0.0,0.0,25.0,12.703213610586012,
5725,0.0,0.0,censor,6.5598904859685145,0.6279120779367986,83.6279120779368,83,1.0,32.0424617733051,1.0,0.0,0.0,0.0,1.0,0.0,0.0,0.0,29.0,21.48997134670487,
5741,0.0,1.0,dementia,4.955509924709103,-4.739456671846696,85.2605433281533,90,1.0,22.310093652445367,1.0,0.0,1.0,0.0,1.0,1.0,0.0,0.0,27.0,1.0810810810810811,1.0
5763,0.0,0.0,censor,6.69678302532512,-6.8605921630041,74.1394078369959,81,1.0,25.329278306924486,1.0,0.0,0.0,0.0,0.0,0.0,0.0,0.0,29.0,19.620853080568722,0.0
5776,0.0,0.0,censor,7.430527036276523,0.8506343183702967,81.8506343183703,81,1.0,31.461575014290005,1.0,0.0,0.0,0.0,1.0,0.0,0.0,0.0,29.0,6.666666666666667,0.0
5779,1.0,0.0,dementia,-0.024640657084188913,-5.975411038353798,74.0245889616462,80,1.0,23.47468428473792,1.0,0.0,1.0,0.0,1.0,0.0,0.0,0.0,28.0,21.71875,0.0
5782,0.0,1.0,dementia,5.921971252566735,-6.312021365544695,81.6879786344553,88,1.0,29.31628009336231,1.0,0.0,0.0,0.0,0.0,0.0,0.0,0.0,28.0,15.947368421052632,
5799,0.0,0.0,censor,7.304585900068446,-7.549879271320705,83.4501207286793,91,1.0,29.854013872165112,1.0,0.0,1.0,0.0,0.0,0.0,0.0,0.0,29.0,8.444444444444445,0.0
5834,0.0,0.0,censor,6.381930184804928,-4.712454344604396,79.2875456553956,84,1.0,25.160192948397953,1.0,0.0,0.0,0.0,1.0,0.0,0.0,0.0,29.0,0.9207161125319693,
5890,0.0,0.0,censor,6.1492128678987,-5.285620302742501,76.7143796972575,82,0.0,31.54266465083194,1.0,0.0,0.0,0.0,1.0,0.0,0.0,0.0,28.0,2.3132530120481927,
5932,0.0,0.0,censor,7.129363449691992,-7.217502894616203,71.7824971053838,79,1.0,25.567263430457917,1.0,0.0,0.0,0.0,0.0,0.0,0.0,0.0,29.0,13.730407523510971,0.0
5983,0.0,0.0,censor,7.561943874058864,-9.453814740893307,69.5461852591067,79,1.0,20.561831969418176,1.0,0.0,0.0,0.0,0.0,0.0,0.0,0.0,30.0,0.0,
6008,0.0,0.0,censor,6.625598904859685,-10.75570679874041,70.2442932012596,81,1.0,25.491505603003066,1.0,1.0,0.0,0.0,1.0,0.0,0.0,1.0,30.0,3.8823529411764706,0.0
6013,0.0,1.0,dementia,4.97741273100616,4.817159366825607,83.8171593668256,79,0.0,36.903344381583146,1.0,0.0,0.0,1.0,1.0,0.0,0.0,0.0,29.0,6.538461538461538,0.0
6034,0.0,0.0,censor,6.721423682409308,-7.182100801879997,83.81789919812,91,1.0,25.542110701155654,1.0,0.0,0.0,0.0,1.0,0.0,0.0,0.0,26.0,5.337423312883436,0.0
6061,0.0,0.0,censor,6.176591375770021,0.8414319188941022,81.8414319188941,81,1.0,20.844133109331278,2.0,0.0,1.0,0.0,0.0,0.0,0.0,0.0,30.0,6.27906976744186,
6090,0.0,0.0,censor,7.304585900068446,0.8595058761673045,81.8595058761673,81,1.0,26.68883641175962,1.0,0.0,0.0,0.0,1.0,0.0,0.0,0.0,28.0,3.540372670807453,0.0
6099,0.0,0.0,censor,7.488021902806297,-4.482820988120494,74.5171790118795,79,1.0,,1.0,0.0,1.0,0.0,1.0,0.0,0.0,0.0,30.0,89.33753943217665,0.0
6108,0.0,0.0,censor,6.16290212183436,1.796099285574797,82.7960992855748,81,1.0,24.051878908927268,1.0,0.0,0.0,0.0,0.0,0.0,0.0,0.0,29.0,3.4965034965034967,
6130,0.0,0.0,censor,7.041752224503765,-7.399296569895,72.600703430105,80,1.0,30.615000663983615,1.0,0.0,0.0,0.0,0.0,0.0,0.0,0.0,29.0,2.0809248554913293,0.0
6172,0.0,0.0,censor,7.5482546201232035,-3.163254673833194,78.8367453261668,82,0.0,27.507250414761714,1.0,0.0,0.0,1.0,1.0,1.0,0.0,0.0,29.0,12.124352331606218,0.0
6175,0.0,0.0,censor,7.627652292950034,-2.011620218742607,78.9883797812574,81,0.0,,1.0,0.0,0.0,0.0,1.0,0.0,0.0,0.0,29.0,25.074626865671643,
6283,0.0,1.0,dementia,5.5249828884325805,-8.383221343043104,76.6167786569569,85,1.0,25.16066564444565,1.0,1.0,1.0,0.0,0.0,0.0,0.0,0.0,27.0,5.409836065573771,0.0
6315,0.0,0.0,censor,6.9431895961670085,-8.970929052080095,80.0290709479199,89,1.0,24.423097369799393,1.0,0.0,0.0,0.0,0.0,0.0,0.0,0.0,29.0,7.736389684813753,
6316,1.0,0.0,dementia,-0.010951403148528405,-6.268969265989796,78.7310307340102,85,1.0,24.00262715322075,1.0,0.0,0.0,0.0,1.0,1.0,0.0,0.0,27.0,28.26086956521739,
6319,0.0,0.0,censor,6.5160848733744015,-0.829049057021507,81.1709509429785,82,0.0,23.39954429387488,1.0,0.0,0.0,0.0,1.0,0.0,0.0,0.0,29.0,19.45945945945946,0.0
6448,0.0,0.0,censor,7.592060232717317,-4.012025271224402,74.9879747287756,79,1.0,25.378954870078164,1.0,0.0,0.0,1.0,0.0,0.0,0.0,0.0,28.0,7.945205479452055,0.0
6542,0.0,0.0,censor,7.310061601642711,-10.20400661744409,71.7959933825559,82,1.0,26.981373782720578,1.0,0.0,1.0,0.0,0.0,0.0,0.0,0.0,29.0,24.385026737967916,
6561,0.0,1.0,dementia,4.42984257357974,-3.148523694695797,80.8514763053042,84,1.0,25.723116178055413,1.0,1.0,1.0,0.0,0.0,0.0,0.0,0.0,28.0,16.377171215880892,
6577,0.0,0.0,censor,7.581108829568788,-3.125784268628294,79.8742157313717,83,1.0,25.372354282773493,1.0,0.0,0.0,0.0,1.0,0.0,0.0,0.0,30.0,17.92207792207792,
6589,0.0,1.0,dementia,4.030116358658453,-9.760701425615807,72.2392985743842,82,1.0,23.31863185226528,1.0,0.0,1.0,0.0,1.0,0.0,0.0,0.0,30.0,9.17098445595855,
6602,0.0,0.0,censor,6.3436002737850785,0.6365680872539059,83.6365680872539,83,1.0,27.639601799389624,1.0,0.0,0.0,0.0,1.0,0.0,0.0,0.0,29.0,5.288753799392097,
6604,1.0,0.0,dementia,0.0,-3.337696477900806,82.6623035220992,86,0.0,32.98850314546583,1.0,0.0,1.0,0.0,0.0,1.0,0.0,0.0,25.0,15.147540983606557,0.0
6613,0.0,1.0,dementia,4.922655715263518,7.006787894442297,88.0067878944423,81,1.0,33.848595886037906,1.0,0.0,0.0,0.0,0.0,0.0,0.0,1.0,28.0,24.360902255639097,0.0
6670,0.0,0.0,censor,7.490759753593429,0.2722080243132012,79.2722080243132,79,1.0,24.16974455546292,1.0,1.0,1.0,0.0,1.0,0.0,0.0,0.0,28.0,10.239520958083832,0.0
6703,0.0,0.0,censor,6.628336755646817,-12.9125227411083,69.0874772588917,82,0.0,27.459097547090416,1.0,1.0,1.0,0.0,0.0,0.0,0.0,0.0,30.0,8.484848484848484,0.0
6740,0.0,0.0,censor,7.345653661875428,-23.9391561987405,58.0608438012595,82,1.0,29.100221161680835,1.0,0.0,0.0,0.0,1.0,0.0,1.0,0.0,27.0,2.896551724137931,0.0
6816,0.0,1.0,dementia,4.862422997946612,-0.07622252343520586,85.9237774765648,86,1.0,38.0230988212945,1.0,0.0,0.0,0.0,1.0,0.0,0.0,0.0,28.0,17.65714285714286,1.0
6840,0.0,0.0,censor,6.1711156741957565,-1.882546490496495,84.1174535095035,86,1.0,19.80639251318363,1.0,0.0,0.0,0.0,1.0,0.0,0.0,0.0,29.0,11.586206896551724,
6881,0.0,0.0,censor,6.053388090349076,-6.962837159306005,77.037162840694,84,1.0,21.80649327492566,1.0,0.0,0.0,0.0,1.0,0.0,1.0,0.0,29.0,6.380090497737557,
6940,0.0,0.0,censor,7.471594798083505,0.256480356309396,81.2564803563094,81,1.0,27.412089862922148,1.0,0.0,0.0,0.0,1.0,0.0,0.0,0.0,27.0,6.58753709198813,
7035,0.0,0.0,death,4.832306639288158,-2.625089056441993,79.374910943558,82,1.0,21.02322048611111,1.0,1.0,0.0,0.0,1.0,0.0,0.0,0.0,29.0,39.917355371900825,
7213,0.0,0.0,censor,7.359342915811088,-5.865879406152203,74.1341205938478,80,1.0,31.468523609259837,1.0,0.0,0.0,1.0,0.0,0.0,1.0,0.0,27.0,21.41592920353982,0.0
7412,0.0,0.0,death,4.32580424366872,-10.6444375977445,69.3555624022555,80,1.0,20.612879128707167,1.0,0.0,0.0,0.0,1.0,0.0,1.0,0.0,29.0,5.013054830287206,
7427,0.0,1.0,dementia,3.8521560574948666,4.820771873760805,88.8207718737608,84,1.0,18.6055389653934,1.0,0.0,0.0,0.0,1.0,0.0,1.0,0.0,29.0,1.6624685138539044,
7444,0.0,1.0,dementia,4.314852840520191,4.743099946497594,87.7430999464976,83,1.0,33.612605975851864,1.0,0.0,1.0,0.0,0.0,0.0,0.0,0.0,29.0,10.661157024793388,
7463,0.0,1.0,dementia,3.893223819301848,-5.951556930178697,76.0484430698213,82,1.0,29.261928518104565,1.0,0.0,1.0,0.0,0.0,0.0,0.0,0.0,27.0,6.206896551724138,0.0
7499,0.0,0.0,censor,7.928815879534565,0.9729253198897965,79.9729253198898,79,1.0,33.57676487870394,1.0,0.0,0.0,0.0,0.0,0.0,0.0,0.0,30.0,6.25,0.0
7538,0.0,1.0,dementia,4.407939767282683,-8.815662701982106,73.1843372980179,82,0.0,33.02270546877446,1.0,0.0,0.0,0.0,1.0,0.0,0.0,0.0,28.0,0.15873015873015872,0.0
7576,0.0,0.0,censor,7.060917180013689,-0.8411809756023985,79.1588190243976,80,1.0,33.15606788775401,1.0,0.0,1.0,0.0,1.0,1.0,0.0,0.0,29.0,5.737704918032787,0.0
7623,0.0,0.0,death,7.433264887063655,-3.450288635781405,81.5497113642186,85,1.0,28.83987314955653,1.0,0.0,0.0,0.0,1.0,0.0,0.0,0.0,,11.82089552238806,
7635,0.0,0.0,censor,6.209445585215605,-8.5420566766133,70.4579433233867,79,0.0,25.295444905269107,1.0,0.0,1.0,0.0,1.0,0.0,0.0,0.0,29.0,4.363636363636363,
7701,0.0,0.0,censor,6.872005475701574,-4.651188018942705,76.3488119810573,81,1.0,26.846358291497754,1.0,0.0,1.0,0.0,1.0,0.0,0.0,1.0,28.0,10.446428571428571,0.0
7728,0.0,1.0,dementia,4.172484599589322,-7.657640997804407,75.3423590021956,83,1.0,20.16992301848477,1.0,0.0,1.0,0.0,0.0,1.0,0.0,0.0,30.0,0.6666666666666666,
7737,0.0,0.0,censor,7.682409308692677,-7.668869570408305,73.3311304295917,81,1.0,21.077091488763568,1.0,0.0,1.0,0.0,1.0,0.0,0.0,0.0,30.0,21.15702479338843,
7741,0.0,0.0,censor,6.74880219028063,-0.4910645155559052,85.5089354844441,86,1.0,23.837405979113193,1.0,0.0,0.0,0.0,1.0,0.0,0.0,0.0,28.0,22.005277044854882,1.0
7757,0.0,1.0,dementia,5.300479123887748,12.116599218434,100.116599218434,88,1.0,29.65328754574523,1.0,0.0,0.0,0.0,1.0,0.0,1.0,0.0,27.0,30.089020771513354,0.0
7830,0.0,0.0,censor,7.600273785078714,-7.794022902267102,72.2059770977329,80,1.0,23.264246397449657,1.0,0.0,1.0,0.0,1.0,0.0,1.0,0.0,28.0,54.41489361702128,
7836,0.0,0.0,censor,7.567419575633128,-3.866753155015104,76.1332468449849,80,1.0,30.93713745542044,1.0,0.0,1.0,0.0,0.0,0.0,0.0,0.0,29.0,6.111111111111111,0.0
7853,0.0,0.0,censor,7.12662559890486,-7.393308461025399,76.6066915389746,84,0.0,26.773750934061695,1.0,0.0,0.0,0.0,0.0,0.0,0.0,0.0,30.0,1.4354066985645932,0.0
7856,0.0,1.0,dementia,5.152635181382615,-9.443500233991799,71.5564997660082,81,1.0,23.890390080467082,1.0,0.0,0.0,0.0,1.0,0.0,0.0,0.0,28.0,10.632911392405063,
7865,0.0,1.0,dementia,4.824093086926762,-5.232322628715494,77.7676773712845,83,1.0,19.617860054170382,1.0,0.0,1.0,0.0,0.0,0.0,0.0,0.0,30.0,23.820224719101123,1.0
7877,0.0,1.0,dementia,5.7878165639972625,8.068290944646193,87.0682909446462,79,1.0,27.513249892946373,1.0,0.0,0.0,0.0,0.0,0.0,0.0,0.0,29.0,15.333333333333334,0.0
7884,0.0,1.0,dementia,4.632443531827516,-24.6857401312185,58.3142598687815,83,1.0,27.33073401839671,1.0,0.0,1.0,0.0,0.0,0.0,0.0,0.0,30.0,9.495412844036696,
8026,0.0,1.0,dementia,4.569472963723477,-2.9296943659607,77.0703056340393,80,1.0,30.529427573233008,1.0,0.0,1.0,1.0,1.0,0.0,0.0,0.0,30.0,9.446064139941692,
8055,0.0,1.0,dementia,3.8494182067077345,3.854107122470694,83.8541071224707,80,1.0,24.54971270326743,1.0,0.0,0.0,0.0,1.0,0.0,0.0,0.0,28.0,5.350318471337579,1.0
8113,0.0,1.0,dementia,3.756331279945243,-9.784688391362195,81.2153116086378,91,1.0,21.17110158592489,1.0,0.0,0.0,0.0,0.0,0.0,0.0,0.0,,43.16831683168317,0.0
8138,0.0,0.0,censor,7.110198494182067,-1.725590152969502,79.2744098470305,81,1.0,31.436476785696517,1.0,0.0,0.0,0.0,1.0,0.0,0.0,0.0,27.0,3.5207823960880194,0.0
8140,0.0,0.0,death,6.392881587953457,-9.125459565354205,73.8745404346458,83,1.0,26.763043090609077,1.0,0.0,0.0,0.0,1.0,1.0,0.0,0.0,30.0,10.071942446043165,0.0
8158,0.0,0.0,censor,7.359342915811088,-16.5814570094245,65.4185429905755,82,1.0,25.280833949704135,1.0,0.0,1.0,0.0,0.0,0.0,0.0,0.0,28.0,1.1290322580645162,1.0
8312,0.0,0.0,censor,6.349075975359343,-2.386428120118595,79.6135718798814,82,1.0,28.987044955384142,1.0,0.0,1.0,0.0,0.0,0.0,0.0,0.0,29.0,7.86096256684492,0.0
8313,0.0,0.0,censor,6.8172484599589325,-13.8084410107811,74.1915589892189,88,1.0,37.63146401622187,1.0,0.0,0.0,1.0,1.0,0.0,0.0,0.0,29.0,0.46875,
8365,0.0,1.0,dementia,3.6577686516084875,-19.9804211814329,60.0195788185671,80,1.0,27.562690433247067,1.0,0.0,0.0,0.0,0.0,1.0,0.0,0.0,29.0,1.5483870967741935,
8415,0.0,0.0,censor,6.5927446954141,-12.1851851871,69.8148148129,82,1.0,32.76502646011267,1.0,1.0,0.0,0.0,1.0,0.0,0.0,0.0,28.0,26.131805157593124,
8435,1.0,0.0,dementia,-0.9637234770704997,3.441238921572506,86.4412389215725,83,1.0,33.45355623109874,1.0,0.0,1.0,1.0,1.0,1.0,0.0,0.0,27.0,9.287469287469287,0.0
8437,0.0,0.0,censor,6.614647501711157,-13.3914565263505,66.6085434736495,80,1.0,27.114734516268545,1.0,0.0,0.0,0.0,0.0,0.0,0.0,0.0,29.0,27.36263736263736,0.0
8455,0.0,0.0,censor,6.620123203285421,-4.700211187950799,80.2997888120492,85,1.0,23.06819320051399,1.0,1.0,1.0,0.0,0.0,0.0,0.0,0.0,30.0,22.554744525547445,
8480,0.0,0.0,censor,6.633812457221081,-3.341853770865896,81.6581462291341,85,1.0,21.97800135517107,1.0,0.0,1.0,0.0,1.0,0.0,0.0,0.0,30.0,8.852459016393443,
8486,0.0,0.0,censor,7.197809719370294,-2.487120048345105,81.5128799516549,84,1.0,26.22362618043693,1.0,1.0,0.0,0.0,1.0,0.0,0.0,0.0,26.0,13.457943925233645,0.0
8515,0.0,1.0,dementia,4.944558521560575,-7.291917124890801,75.7080828751092,83,1.0,20.291340937246357,1.0,1.0,1.0,0.0,1.0,0.0,0.0,0.0,30.0,16.304347826086957,0.0
8526,0.0,0.0,censor,6.995208761122519,-9.371392995794494,73.6286070042055,83,0.0,31.084762057362596,1.0,1.0,0.0,0.0,1.0,0.0,0.0,0.0,27.0,7.524752475247524,0.0
8569,0.0,1.0,dementia,4.219028062970568,0.9296730758643008,82.9296730758643,82,1.0,21.642732998063718,1.0,1.0,0.0,0.0,1.0,1.0,0.0,0.0,29.0,8.195876288659793,
8600,0.0,0.0,censor,6.299794661190965,-1.668234125503503,80.3317658744965,82,1.0,35.67471673864427,1.0,0.0,1.0,0.0,0.0,0.0,0.0,0.0,30.0,6.45476772616137,
8733,0.0,0.0,censor,7.553730321697468,-1.758547441489299,78.2414525585107,80,1.0,30.824903439488764,1.0,0.0,1.0,0.0,1.0,0.0,0.0,0.0,26.0,9.109947643979057,
8743,0.0,0.0,censor,7.564681724845996,-3.909577173925797,76.0904228260742,80,1.0,33.801821144383055,1.0,1.0,0.0,0.0,0.0,1.0,0.0,0.0,30.0,7.741935483870968,0.0
8751,0.0,1.0,dementia,3.9397672826830936,-15.47018469948731,77.5298153005127,93,1.0,20.55424306692797,1.0,0.0,0.0,0.0,1.0,0.0,0.0,0.0,28.0,6.954545454545454,1.0
8753,0.0,0.0,censor,6.992470910335387,-5.937320841135005,83.062679158865,89,1.0,26.13922331207641,1.0,0.0,0.0,0.0,1.0,0.0,0.0,0.0,,13.846153846153847,
8759,0.0,1.0,dementia,4.922655715263518,-2.995532895976595,83.0044671040234,86,1.0,27.218280943514543,1.0,1.0,0.0,0.0,1.0,0.0,0.0,0.0,30.0,19.45945945945946,0.0
8806,0.0,1.0,dementia,5.002053388090349,-0.4211195595522952,88.5788804404477,89,0.0,33.514758765675126,1.0,1.0,1.0,0.0,1.0,0.0,0.0,0.0,29.0,17.8125,0.0
8897,0.0,0.0,censor,7.436002737850787,-12.3560628007731,67.6439371992269,80,1.0,29.753098528719537,1.0,0.0,0.0,0.0,1.0,1.0,0.0,0.0,29.0,16.829268292682926,
8912,0.0,0.0,censor,7.5893223819301845,-5.389220990197003,74.610779009803,80,0.0,32.22018040404831,1.0,0.0,0.0,0.0,1.0,0.0,0.0,0.0,28.0,17.549407114624508,
8974,0.0,0.0,censor,7.460643394934976,-3.660438887854099,81.3395611121459,85,1.0,32.913745580938084,1.0,1.0,0.0,0.0,0.0,0.0,0.0,0.0,27.0,9.620991253644315,0.0
9018,1.0,0.0,dementia,-0.038329911019849415,-5.180026359174704,75.8199736408253,81,1.0,27.44728909583786,1.0,0.0,0.0,0.0,0.0,0.0,0.0,1.0,24.0,14.911242603550296,1.0
9036,0.0,1.0,dementia,4.402464065708419,-10.8282961514726,70.1717038485274,81,1.0,25.275940236489575,1.0,0.0,1.0,0.0,1.0,0.0,0.0,0.0,30.0,20.53475935828877,
9079,0.0,1.0,dementia,4.1971252566735116,-3.149002080322902,85.8509979196771,89,1.0,24.46460160337235,1.0,0.0,0.0,0.0,0.0,0.0,0.0,0.0,29.0,2.756183745583039,0.0
9095,0.0,1.0,dementia,3.8822724161533197,-1.838164530412101,82.1618354695879,84,0.0,34.5343285615205,1.0,1.0,0.0,0.0,1.0,0.0,0.0,0.0,29.0,7.3076923076923075,
9131,0.0,0.0,censor,6.809034907597536,-9.329639938013898,78.6703600619861,88,0.0,26.922127745496155,1.0,1.0,1.0,0.0,1.0,1.0,1.0,1.0,27.0,18.166666666666668,0.0
9143,0.0,0.0,censor,7.416837782340862,-6.211839782165498,75.7881602178345,82,1.0,27.213113761911483,1.0,0.0,1.0,0.0,1.0,1.0,1.0,1.0,28.0,5.209580838323354,0.0
9360,0.0,1.0,dementia,4.520191649555099,-5.892003229416403,82.1079967705836,88,1.0,21.289899850393446,1.0,0.0,1.0,0.0,1.0,0.0,0.0,0.0,28.0,19.137931034482758,
9430,0.0,0.0,censor,7.572895277207392,-2.915028576460898,77.0849714235391,80,1.0,28.880332036071042,1.0,0.0,0.0,0.0,1.0,0.0,0.0,0.0,29.0,12.085308056872037,0.0
9451,0.0,1.0,dementia,4.941820670773443,-1.354047295730695,83.6459527042693,85,1.0,23.176042798144774,1.0,0.0,0.0,0.0,1.0,0.0,0.0,0.0,29.0,16.3125,
9539,0.0,0.0,censor,7.052703627652293,2.7939129408892,82.7939129408892,80,1.0,19.43301326017375,1.0,1.0,0.0,0.0,1.0,0.0,1.0,1.0,26.0,0.9523809523809523,0.0
9555,0.0,0.0,censor,5.968514715947981,-9.329410650608494,74.6705893493915,84,1.0,31.340319459250438,1.0,0.0,0.0,1.0,1.0,0.0,0.0,0.0,30.0,54.640198511166254,
9614,0.0,0.0,censor,7.57015742642026,-4.936647735707894,78.0633522642921,83,1.0,27.833191642186367,1.0,0.0,0.0,0.0,1.0,0.0,0.0,0.0,29.0,13.558441558441558,0.0
9616,0.0,0.0,censor,6.899383983572895,-2.325047934774105,77.6749520652259,80,1.0,29.24894936444386,1.0,0.0,0.0,0.0,1.0,0.0,0.0,0.0,27.0,14.933333333333334,0.0
9627,0.0,1.0,dementia,5.722108145106092,1.037033584590503,83.0370335845905,82,1.0,27.987212642543618,1.0,0.0,0.0,0.0,1.0,1.0,1.0,1.0,30.0,6.069364161849711,0.0
9665,0.0,0.0,censor,7.403148528405202,-2.429140431968307,77.5708595680317,80,1.0,35.50023199401608,1.0,0.0,0.0,0.0,1.0,0.0,0.0,0.0,27.0,11.023622047244094,
9666,0.0,0.0,censor,6.691307323750856,-3.454065257088004,82.545934742912,86,0.0,24.227921796797023,1.0,0.0,1.0,0.0,0.0,0.0,0.0,0.0,28.0,5.538461538461538,0.0
