ID,prevalent_dementia,inc_dementia,event,time2event,BAI,BA,COUPL_OVERLAP_C,DENS_C,alpha_bandpower_kurtosis_C_N2,alpha_bandpower_mean_C_N1,delta_alpha_mean_C_N3,delta_bandpower_kurtosis_C_N2,delta_bandpower_mean_C_N3,delta_theta_mean_C_N3,kurtosis_N2_C,kurtosis_N3_C,sigma_bandpower_kurtosis_C_N2,theta_bandpower_kurtosis_C_N2,theta_bandpower_kurtosis_C_N3,age,educcollege,BMI,Race,sleepmed,walking,diabetes,hypertension,heartattack,stroke,depression,mmse,AHI,APOE4
4,0.0,0.0,censor,7.063655030800821,-1.164689245903801,78.8353107540962,9.5,1.5,4.91623131938786,0.0748917734435842,1.27607222281495,17.2262333733611,1.31520281023584,1.15403701155545,2.6508939074711,0.38221553612138,9.93536393876619,3.77596053189181,4.06812009018269,80,1.0,26.203396301017808,1.0,0.0,1.0,1.0,1.0,0.0,0.0,0.0,26.0,3.375,0.0
20,0.0,0.0,censor,6.806297056810404,-6.737082547818602,78.2629174521814,23.0,2.3265306122449,5.38781149078157,0.054474620809327,0.680908906149663,17.6924116073198,0.729492934744097,0.645675474413743,2.74788932305316,1.93211340494189,15.5846859859123,4.59465940466588,3.69178665642357,85,1.0,30.26773679010236,1.0,0.0,0.0,0.0,1.0,0.0,0.0,0.0,29.0,18.96551724137931,0.0
112,0.0,0.0,censor,6.9048596851471595,-0.9213196702170023,81.078680329783,10.5,1.47619047619048,4.07174898930877,0.0622272418173391,0.70874353709349,13.2748835597257,0.753351590415511,0.68744704894336,1.01324643143796,0.734950384806188,9.2381241791394,5.72084663758317,7.79619470031072,82,1.0,28.895329558208346,1.0,1.0,0.0,0.0,0.0,0.0,0.0,0.0,30.0,6.8478260869565215,0.0
134,0.0,0.0,death,6.718685831622176,-7.668223614936693,75.3317763850633,20.0,1.32758620689655,6.82182773342543,0.0509009542693315,0.490632337450086,14.2437246681022,0.511832162581335,0.457804522388024,2.91265621362119,2.11609259893357,9.66780647045068,5.47469542267869,4.08549729694229,83,1.0,29.167521754824868,1.0,0.0,0.0,0.0,0.0,0.0,0.0,0.0,29.0,20.330578512396695,0.0
234,0.0,0.0,censor,6.652977412731006,-14.63859842144581,68.3614015785542,22.5,1.80357142857143,6.27597941808541,0.0441614750072518,0.963019144661579,15.493747266061,1.0996488199843,0.844294789144251,2.13875567312279,1.64513316787286,11.0158459923533,9.04365606454426,3.94489058057409,83,0.0,33.71243433976655,1.0,1.0,0.0,0.0,1.0,1.0,0.0,0.0,29.0,9.00562851782364,0.0
242,0.0,0.0,death,6.450376454483231,-20.7811851941849,68.2188148058151,22.5,3.95,6.50078959222908,0.0200071480758717,1.05076103399067,14.9747343074807,1.13356347717367,1.01446678945352,2.23538382092618,1.20460011897303,20.3362637750671,11.8641020216824,7.77133470499771,89,1.0,24.428985173821275,1.0,1.0,1.0,0.0,1.0,0.0,1.0,0.0,28.0,2.490566037735849,
249,1.0,0.0,dementia,-1.483915126625599,-2.090044973392295,79.9099550266077,16.5,1.0952380952381,4.00834182537375,0.103349023762487,0.616392386452225,22.2558216899396,0.693756642367675,0.612655069357059,2.55486141061479,1.84911573369163,10.8361989901745,3.91369236147572,4.34582816366144,82,1.0,23.838808197786097,1.0,1.0,1.0,0.0,1.0,0.0,0.0,0.0,27.0,16.766467065868262,
251,0.0,0.0,censor,6.283367556468172,-1.740787405949106,78.2592125940509,6.5,2.08333333333333,4.77595581013941,0.0459074097614074,1.21021430271009,6.26478099677201,1.25866423082841,1.11791037498453,1.17299824267464,0.361802709593762,13.5320409090327,7.43289549802489,5.78353422144811,80,0.0,25.591364317940094,1.0,0.0,1.0,0.0,0.0,0.0,0.0,0.0,29.0,5.183585313174946,
329,0.0,0.0,censor,7.041752224503765,-14.38280717799741,65.6171928220026,39.0,1.87692307692308,7.2386423669418,0.0233357380824696,0.928471844337617,28.8693771403614,0.949485073425357,0.853707827303997,3.46495573236357,2.40946898886993,12.1490257112472,3.53760534025077,2.8638747859652,80,0.0,30.94143337673611,1.0,0.0,0.0,1.0,0.0,1.0,0.0,0.0,27.0,8.354430379746836,1.0
352,0.0,0.0,censor,6.146475017111568,-5.3153818771614,75.6846181228386,13.0,1.19148936170213,6.07121726991646,0.059577438412026,0.546812771746852,18.1377179541101,0.568001239307595,0.514443084923259,2.59782015832629,1.25301258421705,10.7016550080322,5.66907581932449,4.88988706345564,81,1.0,26.64759089123599,1.0,0.0,0.0,0.0,0.0,1.0,1.0,0.0,29.0,0.2977667493796526,
365,0.0,0.0,censor,6.151950718685832,-4.319689703243995,76.680310296756,18.5,1.52727272727273,5.92310422805225,0.102842185102384,0.584205557674415,19.8626175134846,0.626452738177564,0.54070625259962,2.45459141805007,1.75993281390416,11.3963392854085,4.86545866159031,2.603971435539,81,1.0,23.24279890315222,1.0,1.0,1.0,1.0,1.0,0.0,0.0,0.0,30.0,12.268370607028753,
393,0.0,1.0,dementia,4.002737850787132,-5.1876794620986,81.8123205379014,10.0,1.47619047619048,5.91883791084361,0.0602520911962277,0.403296416169668,12.7470234077466,0.423954644248619,0.379628064045829,1.79623302490307,1.49349622676212,8.03219993939598,4.96875140832629,5.76383836375959,87,0.0,22.189349112426033,1.0,0.0,1.0,0.0,1.0,0.0,0.0,1.0,26.0,0.569620253164557,0.0
419,0.0,0.0,censor,7.014373716632443,0.8710886054015958,80.8710886054016,10.0,0.82258064516129,6.27154591580007,0.0413862895141981,0.963953984679882,11.4818589195537,0.991514008178771,0.892754406637233,2.25129968101256,0.86954784026031,16.2297517224692,3.71042178718633,4.47954405677899,80,1.0,27.063146835816408,1.0,0.0,1.0,0.0,0.0,0.0,0.0,0.0,29.0,15.977337110481587,
443,0.0,0.0,censor,6.655715263518139,-8.513723609262598,73.4862763907374,60.0,2.75308641975309,10.0445883241582,0.0550866256756962,0.984784255742771,15.2743591318835,1.03262857713627,0.888694331064998,2.12132927667825,1.11328136774062,27.2397334538124,5.90049482158485,7.2473944627711,82,1.0,31.05590062111801,1.0,1.0,0.0,0.0,1.0,0.0,0.0,0.0,30.0,65.9659090909091,0.0
445,0.0,1.0,dementia,5.021218343600274,-1.713231239762393,78.2867687602376,21.0,2.60526315789474,10.2451215487015,0.0427041543857082,0.670365651980465,10.9202380099916,0.71307764683712,0.574053990025756,0.767632517436111,0.422202390789511,20.3031164034511,3.25613575401834,2.72650527833816,80,1.0,27.132902997127132,1.0,0.0,1.0,0.0,1.0,0.0,0.0,0.0,28.0,11.287128712871286,0.0
446,0.0,0.0,censor,7.5482546201232035,-1.395168967812594,80.6048310321874,14.0,1.27692307692308,3.43788700806364,0.0546092218115352,0.868042978711246,17.1667218394141,0.910665911524494,0.814727269133154,2.04292680061498,0.944646953175024,9.27080922890294,4.21052525790104,3.7821184776222,82,1.0,25.222674692398712,1.0,0.0,0.0,0.0,0.0,0.0,0.0,0.0,30.0,1.5340909090909092,
513,1.0,0.0,dementia,-0.7802874743326489,-6.1278492195881,72.8721507804119,48.0,2.16438356164384,5.95124578322816,0.061543591413603,0.649895189299441,15.8164302067944,0.697325028704785,0.604276049567228,1.83591967142593,1.20938957576675,17.524440830782,8.01302455518968,4.7608069296752,79,1.0,37.23225285321021,1.0,0.0,0.0,0.0,1.0,0.0,0.0,0.0,24.0,30.266666666666666,0.0
560,0.0,0.0,censor,7.671457905544147,-2.143733038782102,83.8562669612179,46.5,3.30645161290323,3.58375868071563,0.0599889285519446,0.64732188393361,15.7328497682102,0.673306839148166,0.609341003463465,1.69669880822471,1.15619283912464,13.8190069741198,3.86144005087603,4.90757661521334,86,1.0,29.590115346373356,1.0,0.0,0.0,0.0,1.0,0.0,0.0,0.0,29.0,26.77570093457944,
588,0.0,1.0,dementia,3.693360711841205,-3.033018469457303,78.9669815305427,25.0,2.05172413793103,4.68995866548004,0.0810979849060937,0.432283918911006,17.5983331687805,0.454436122025758,0.415936745507319,1.62436194217409,0.777947273828036,10.725956169635,6.24991118385212,3.3368936043886,82,1.0,26.329916610123597,1.0,1.0,1.0,0.0,0.0,0.0,0.0,0.0,29.0,19.96153846153846,
633,0.0,1.0,dementia,3.6413415468856947,4.052443638063096,84.0524436380631,8.0,0.672413793103448,5.16841388131195,0.082489079919327,0.57950784060531,16.4315505897605,0.605135862511945,0.53458872032478,1.42200257661739,0.826528974805885,12.0162690323163,2.60413757845643,2.4088833767374,80,0.0,26.358553308709705,1.0,1.0,0.0,0.0,0.0,0.0,0.0,0.0,29.0,7.878787878787879,0.0
643,0.0,0.0,censor,7.906913073237509,-2.839435152716206,76.1605648472838,47.5,2.84,5.82118070406452,0.0574950832903254,0.7747582858771,14.8420202814605,0.825155049748627,0.740560626596275,2.05947206962649,1.37998134263852,16.8881065675269,4.98780114443796,4.96388533076207,79,1.0,27.492144927606773,1.0,0.0,1.0,0.0,0.0,0.0,0.0,0.0,30.0,40.70886075949367,0.0
724,0.0,0.0,censor,7.389459274469542,-13.6513659010203,72.3486340989797,24.0,1.06024096385542,4.66737606555764,0.0455071311284961,0.681409161342444,23.641822122894,0.705115414648606,0.650309952088048,3.40476232763684,2.62087099056755,12.0343381214213,6.73531872430935,6.28403892300875,86,1.0,27.949475947325993,1.0,0.0,0.0,0.0,1.0,0.0,0.0,0.0,28.0,3.457627118644068,0.0
743,0.0,0.0,censor,7.337440109514032,-6.089673824150296,74.9103261758497,25.5,2.39024390243902,5.6207831200911,0.0467175989427753,0.955922316346546,12.7489953967282,0.986395168221541,0.881591638368982,1.21214201853182,0.870800760544505,12.9522824454177,6.93235659062413,4.40810573260356,81,1.0,28.664896743913804,1.0,0.0,0.0,0.0,0.0,0.0,0.0,0.0,29.0,2.6865671641791047,0.0
816,0.0,0.0,censor,6.976043805612594,-8.951455722593295,72.0485442774067,21.5,1.85416666666667,5.24465527418673,0.0400261155568302,0.891320143245206,18.4747943307384,0.938409496817233,0.826570614124163,2.2259722860817,1.57736018468345,9.98072889054738,6.08731872691594,5.20124934472586,81,1.0,25.17816547208252,1.0,0.0,1.0,0.0,0.0,0.0,0.0,0.0,28.0,5.274725274725275,
841,0.0,1.0,dementia,5.765913757700205,-6.256790169470193,73.7432098305298,16.5,1.48076923076923,4.07540550167433,0.0516633062629534,0.865412582709555,18.470648788548,0.930469961577315,0.826235932371574,2.40098238821603,1.02450748850188,14.9270137050595,7.9802646921041,6.14828246449083,80,1.0,27.71967032931613,1.0,0.0,0.0,0.0,0.0,0.0,0.0,0.0,30.0,27.22543352601156,0.0
847,0.0,0.0,censor,6.746064339493498,-11.3688385719301,77.6311614280699,39.5,2.78461538461538,4.94510169955252,0.0394135434622969,1.09401115121203,13.8005106169452,1.13718866821366,0.985478850116086,1.40226079827324,0.789999453487687,26.4656533732608,7.17391363382795,6.9670951917372,89,0.0,36.535842438790795,1.0,0.0,0.0,0.0,1.0,0.0,0.0,0.0,29.0,44.0625,0.0
852,0.0,0.0,censor,7.017111567419575,-3.291953530784795,84.7080464692152,7.5,0.869565217391304,6.55322974791543,0.0448218653523224,0.531829807100819,13.3056145465761,0.565634565622189,0.480192707840286,1.68627543866295,1.09227207992599,16.224082913155,3.98568715503139,2.48609299479541,88,1.0,31.285050472680652,1.0,1.0,0.0,0.0,1.0,0.0,1.0,0.0,30.0,0.17804154302670624,0.0
893,0.0,0.0,censor,7.241615331964408,-4.011883008455001,77.988116991545,4.0,1.71428571428571,5.88370780864177,0.0804349904525257,1.0853819568567,9.07299874529308,1.12222783919941,0.940832407310385,1.09591068329955,1.2009263636864,25.6473624821838,6.3257379373378,5.16107633854283,82,1.0,27.11453374120875,1.0,0.0,1.0,0.0,0.0,0.0,0.0,0.0,28.0,1.971830985915493,
975,0.0,0.0,censor,6.50239561943874,-9.619388771778304,72.3806112282217,22.0,1.88333333333333,8.70311765859628,0.0497855405198366,0.880156889609557,11.0111483409355,0.937888691634193,0.74383220300688,1.89009403301664,1.05469564278808,10.9447580245313,6.75835902607674,4.8269522560109,82,1.0,27.886555120446182,1.0,0.0,0.0,0.0,0.0,0.0,0.0,1.0,29.0,44.08839779005525,0.0
1110,0.0,1.0,dementia,4.123203285420945,1.204932911876298,83.2049329118763,14.5,1.43478260869565,4.6156035135091,0.0879072708147365,0.597420319722103,14.5080956651143,0.648134261760819,0.568262592940675,1.56892472508764,0.669583809539988,8.60697310715733,4.33410587214295,4.62132136292802,82,0.0,26.854515013107875,1.0,0.0,1.0,0.0,0.0,0.0,0.0,0.0,25.0,19.866666666666667,
1188,0.0,0.0,censor,7.485284052019165,-14.1530232381137,67.8469767618863,13.0,1.76470588235294,2.97474274264749,0.0382564926072799,1.032706912798,20.9989037776385,1.08994387189748,0.958279587155925,2.0217347586261,1.55240769810904,8.32841322342499,9.90427977237783,7.32638684759005,82,0.0,33.77296415989752,1.0,0.0,0.0,0.0,0.0,0.0,0.0,0.0,27.0,8.622754491017965,0.0
1233,0.0,0.0,death,5.409993155373032,-6.952432095955004,78.047567904045,17.5,1.01818181818182,7.2916034303723,0.0402340057271483,0.562125844609283,13.8810383885325,0.579527591091578,0.518509616153652,2.09589669283095,1.63318742800168,8.00353887150805,4.16523109587568,4.23670922520921,85,1.0,24.845584691144534,1.0,0.0,0.0,0.0,1.0,0.0,0.0,1.0,30.0,0.6896551724137931,
1234,0.0,0.0,censor,6.5571526351813825,-8.260474887213604,74.7395251127864,30.5,1.3956043956044,7.92455106749829,0.0848019441649544,0.616170232586793,16.2272042523518,0.651956298487654,0.58755436966153,2.18882875530896,1.32912501869637,11.6735567030127,6.56067019046817,3.78797306227857,83,1.0,24.64820648518166,1.0,0.0,1.0,0.0,0.0,0.0,0.0,0.0,28.0,40.97560975609756,0.0
1262,0.0,0.0,censor,5.946611909650924,1.089640236884094,87.0896402368841,2.0,1.4,4.30430987078755,0.0663994472421477,0.733973514247815,11.3013208620958,0.7705114830011,0.692932361573709,1.17625322881835,0.469965286603154,10.5640374714413,4.13069815959401,5.44482866828701,86,1.0,27.105651311039313,1.0,0.0,0.0,0.0,0.0,0.0,0.0,0.0,28.0,10.599369085173501,
1296,0.0,1.0,dementia,3.9534565366187544,-1.843540914485502,81.1564590855145,15.0,1.30769230769231,3.90939928693003,0.11512067391981,0.658195052745998,18.2204028266568,0.716199280737922,0.610618632879135,2.04752454743755,1.49180043610442,12.4394201451491,5.72356627078765,4.18393169737823,83,1.0,24.001127044520384,1.0,0.0,0.0,0.0,0.0,0.0,0.0,0.0,30.0,17.081850533807827,1.0
1342,0.0,1.0,dementia,5.7850787132101305,-8.686157068133497,72.3138429318665,17.5,1.25,3.84698954021842,0.0217497221954856,1.0480801764387,14.9397300222113,1.0768781431406,0.968361580956223,2.05295963969353,0.928932562455228,9.72238406042034,8.69219945354429,8.89852482076426,81,1.0,38.870532035041656,1.0,1.0,0.0,0.0,0.0,0.0,0.0,0.0,29.0,7.2727272727272725,0.0
1362,0.0,0.0,censor,6.661190965092403,-6.241909119244198,74.7580908807558,40.0,1.92592592592593,5.14826331830293,0.0336836457093686,0.693929630747165,18.4760902097799,0.728861952743004,0.639939894333129,1.91987863419946,1.91207743727198,11.1080652234388,4.17698282263359,3.2437173741338,81,1.0,29.006103035744616,1.0,0.0,0.0,0.0,0.0,0.0,1.0,0.0,23.0,3.291770573566085,0.0
1363,0.0,1.0,dementia,4.944558521560575,-0.4013628733066952,82.5986371266933,28.0,2.40816326530612,4.53825029628014,0.0611843715039431,0.910793735187878,10.7185949170803,0.98852004528907,0.802343256022689,1.37289284461923,1.21762439734082,17.0173344292493,4.58263830426438,5.3489451358486,83,1.0,30.751668627473816,1.0,1.0,0.0,0.0,0.0,0.0,0.0,0.0,26.0,3.3417721518987342,0.0
1420,0.0,1.0,dementia,5.963039014373717,-6.060702201218703,73.9392977987813,18.5,1.81081081081081,6.61178027842443,0.0712578962717504,0.671696843134055,14.5507719053624,0.724436423674184,0.633489473795011,3.34018149509399,2.83952743491716,10.209665972746,7.31276735662412,6.57994148281531,80,1.0,20.8638817997227,1.0,0.0,1.0,0.0,1.0,0.0,0.0,0.0,29.0,18.26086956521739,0.0
1425,0.0,0.0,censor,7.600273785078714,0.8770288456359054,81.8770288456359,21.5,1.88461538461538,4.60894197600785,0.0745499363578054,0.55939915622849,15.1973237153683,0.605651250663791,0.513218978942675,1.66267493688835,0.946829088255616,13.3493925009108,4.35486698106938,2.84088931565723,81,1.0,26.61625708884688,1.0,0.0,0.0,0.0,0.0,0.0,0.0,0.0,29.0,1.6172506738544474,0.0
1483,0.0,0.0,censor,6.669404517453799,-11.0417995824217,73.9582004175783,14.0,0.859154929577465,5.63472426993981,0.0484764061433055,1.09074478865584,19.3044118482286,1.26352984559579,1.08804480895081,2.99914586202944,1.31581704014361,13.6524294282822,6.84684863128587,5.30446561752559,85,1.0,32.751577431320555,1.0,1.0,0.0,0.0,0.0,0.0,0.0,1.0,29.0,2.7507163323782233,
1512,0.0,0.0,death,5.314168377823409,-1.814847271506594,81.1851527284934,22.5,2.1,3.97885533527622,0.0695725478775047,0.849601337581883,17.4149433770056,0.8704135844969,0.79841122618865,1.4452420610114,0.66992461728086,10.7342734266064,4.68498542096585,8.6969880783685,83,1.0,24.06680862241448,1.0,0.0,1.0,0.0,0.0,0.0,0.0,0.0,29.0,1.8274111675126903,
1546,0.0,1.0,dementia,4.191649555099247,-4.648792214646306,77.3512077853537,13.0,1.43181818181818,4.97274895111673,0.062278210395774,0.851425192745726,12.23957696376,0.89075511422904,0.768097908549721,2.23109535422136,1.51189469747909,12.0661278066818,6.70420677400001,7.60015588813683,82,1.0,24.069309737455256,1.0,0.0,0.0,0.0,1.0,0.0,0.0,0.0,27.0,30.920245398773005,0.0
1579,0.0,1.0,dementia,4.284736481861739,-16.0447086050277,63.9552913949723,55.5,2.43010752688172,8.60370590923513,0.035465315554636,0.891823173010624,21.7923556396697,0.960939786534073,0.827526708139837,3.16017750406722,2.70269485224385,24.0409664591877,7.70097949012793,7.53971086353361,80,0.0,21.589593601772272,1.0,0.0,1.0,0.0,0.0,0.0,0.0,0.0,28.0,2.9055690072639226,0.0
1613,0.0,0.0,censor,6.995208761122519,-9.186641021642401,71.8133589783576,10.0,0.75,8.56821793106916,0.0524747448269937,1.04405383978128,16.8923841487987,1.13267591233033,0.902183724439339,2.03564924777712,1.76860843159342,9.33128544168842,3.91210703577395,3.40838529898316,81,1.0,26.577999507199593,1.0,0.0,0.0,0.0,1.0,0.0,0.0,0.0,29.0,7.96875,0.0
1682,0.0,0.0,censor,6.269678302532512,-9.366107292262598,70.6338927077374,8.0,1.47619047619048,6.53989236151745,0.0444663440330399,0.687871623156492,18.614639106978,0.724505467499087,0.655686576486169,2.29495634568972,0.800343869076647,10.3424272898877,7.84030603213346,6.18199794356054,80,1.0,25.72103221453871,1.0,0.0,1.0,0.0,0.0,0.0,0.0,0.0,29.0,4.35,
1719,0.0,1.0,dementia,5.806981519507187,-13.4265678120196,66.5734321879804,23.0,1.26262626262626,4.80387851420967,0.0478565468004622,0.670296915732653,22.775554953336,0.735553455746026,0.582159390657045,4.00880013612178,3.56368321762554,11.3639557761709,10.3034998307502,9.93877049133347,80,1.0,25.038559381447428,1.0,0.0,0.0,0.0,0.0,0.0,0.0,0.0,26.0,15.285714285714286,0.0
1723,0.0,1.0,dementia,4.336755646817249,-13.4747344704659,66.5252655295341,27.0,2.01851851851852,5.11749312526115,0.0482394378280309,1.1815809867021,22.0400078487784,1.2783179660582,1.08126376908236,3.64508902114545,2.57116176769412,21.6922045849209,8.44406282225136,8.11655271466199,80,1.0,28.442186835187893,1.0,0.0,0.0,0.0,1.0,0.0,0.0,0.0,30.0,38.86363636363637,
1745,0.0,0.0,censor,7.945242984257358,-5.195606106849198,74.8043938931508,24.5,2.64,6.35150357323249,0.0490382140393321,0.871527961720257,19.2215416005386,0.899829608099046,0.816655073978178,1.69588408922571,0.751587993525378,18.7058480600601,5.55106016070789,7.60910451038376,80,1.0,32.09970370520408,1.0,0.0,0.0,0.0,1.0,0.0,0.0,0.0,29.0,27.5,0.0
1760,0.0,1.0,dementia,4.960985626283367,-5.155116187431204,78.8448838125688,24.0,2.85714285714286,7.91246917904026,0.0294650694004438,0.463902118228145,15.3791949449877,0.475461685816628,0.448444870886822,2.0503206492754,0.29168798703176,20.0142670165445,5.2246194146877,3.59681532348926,84,1.0,20.385611949397955,1.0,0.0,0.0,0.0,1.0,1.0,1.0,0.0,30.0,13.272727272727273,
1797,0.0,0.0,censor,7.301848049281314,-14.1662984826812,66.8337015173188,20.0,1.87037037037037,4.14285076731184,0.0381391594645538,1.20678965284753,23.3582475947164,1.25362325204162,1.1252376387341,2.93037395249131,1.79663783342175,15.0720596389616,8.99482469602466,10.4506951435202,81,1.0,25.746476635757194,1.0,0.0,1.0,0.0,1.0,0.0,0.0,1.0,29.0,2.608695652173913,0.0
1879,0.0,1.0,dementia,4.251882272416153,-23.0069092491099,62.9930907508901,15.0,1.34883720930233,8.40659959728296,0.0428180299021246,1.54083004354648,16.3882854993984,2.35507869224118,0.957134867431979,1.59965073222478,1.60373188362886,12.3262459237586,8.02795937904885,5.75779829323297,86,1.0,28.40097241406945,1.0,0.0,0.0,0.0,0.0,1.0,0.0,0.0,29.0,41.52671755725191,0.0
1960,0.0,1.0,dementia,5.689253935660506,-9.042247121766707,69.9577528782333,49.5,2.0,4.31740554990027,0.0183835584329797,0.720331762325761,16.5031235500112,0.73963841527718,0.665840956366955,2.53243138421588,1.70146517846019,18.936348082546,9.27948539661184,5.89777053274668,79,1.0,,1.0,0.0,0.0,0.0,0.0,0.0,0.0,0.0,29.0,0.1729106628242075,0.0
1986,0.0,0.0,censor,6.674880219028063,-9.1922231438123,71.8077768561877,49.0,2.73972602739726,7.18630626528471,0.0591178786193237,0.95430214282014,18.2039044174688,1.06829511175153,0.917184302156689,2.4290373090227,1.49637003699267,18.5112635729069,6.06207514226866,4.73711241018892,81,1.0,24.018152828118374,1.0,0.0,0.0,0.0,1.0,0.0,0.0,0.0,29.0,27.289719626168225,0.0
2035,0.0,0.0,censor,6.872005475701574,-7.8433457456117,76.1566542543883,22.5,2.23529411764706,5.23328571921644,0.0623924057048444,0.784071864092732,18.1574500574456,0.882276865559561,0.763815082789458,2.6006724136591,1.48437744448001,10.7514697040797,5.55053298351561,6.65074452284393,84,1.0,25.168460898279147,1.0,0.0,0.0,0.0,1.0,0.0,0.0,0.0,29.0,15.95959595959596,0.0
2077,0.0,1.0,dementia,5.500342231348392,0.7645995286736991,86.7645995286737,12.0,0.615384615384615,4.7200862324327,0.0870049932102295,0.486135475176984,14.5980159646553,0.511007090307517,0.434581100316976,1.927236542134,1.17979382329059,7.40621202860592,2.95133485428097,2.87099728363096,86,1.0,24.282292689926162,1.0,0.0,0.0,1.0,1.0,0.0,1.0,0.0,,49.38775510204081,0.0
2142,0.0,1.0,dementia,4.7939767282683095,-1.257052315793302,86.7429476842067,10.0,2.0,4.37444322413123,0.0823368436908889,0.587342968815841,11.0426685418115,0.649374770130687,0.579085065509375,0.825986526605136,1.10982990720054,11.4518510071876,4.90715810687604,6.50777501987223,88,0.0,31.268669170804625,1.0,0.0,0.0,0.0,1.0,0.0,0.0,1.0,25.0,6.346153846153846,0.0
2196,0.0,1.0,dementia,5.683778234086242,-3.283796985928703,76.7162030140713,20.0,1.86792452830189,4.01241807932758,0.0329675835802593,1.02696838900383,14.8205787183538,1.07300439971507,0.962707335733592,1.39492560040211,0.817706257046711,14.4257958961601,6.0494856329709,4.61002092358266,80,0.0,37.39551873012861,1.0,0.0,0.0,0.0,1.0,0.0,0.0,1.0,28.0,15.589123867069487,0.0
2254,0.0,0.0,censor,6.3709787816564,-10.48070702720931,74.5192929727907,7.0,1.68421052631579,5.9659601974658,0.0222419841058504,0.679644753799441,17.148075543298,0.718782676308981,0.64568243741483,4.11362391276029,1.34141028499647,14.2342395761116,6.92039379164767,5.39883502540364,85,1.0,25.816266037292646,1.0,0.0,1.0,0.0,0.0,0.0,0.0,0.0,30.0,8.657718120805368,
2332,0.0,1.0,dementia,4.216290212183436,-4.003828049128401,77.9961719508716,14.5,1.0,7.87960898535669,0.0239505877403498,0.997237821519459,11.251153236228,1.01888435000701,0.941466155468302,0.877253073217373,0.117258062752197,6.17348542173561,3.69232927366821,3.43506406338619,82,0.0,30.848943122261122,1.0,0.0,0.0,1.0,1.0,0.0,0.0,0.0,,6.331658291457287,
2387,1.0,0.0,dementia,-0.030116358658453114,0.5159664076547017,82.5159664076547,10.0,0.914893617021277,3.21168042359821,0.113156814991271,0.81835257917749,20.2347132092999,1.02063581870958,0.811668911909145,2.30107782628946,1.51929696433442,15.2609570172168,4.32471917071383,4.84666426311327,82,1.0,21.69277736332228,1.0,0.0,0.0,0.0,1.0,0.0,0.0,0.0,27.0,5.217391304347826,
2419,0.0,0.0,censor,6.631074606433949,-5.709116581634703,74.2908834183653,15.0,1.40740740740741,5.36986306852463,0.0265843748862,0.880342965168976,14.3412751686019,0.966762817809073,0.849828817087965,1.76143025905466,0.71695025721548,17.1469120150358,7.8034553171909,5.71034500597169,80,1.0,35.10518790849674,1.0,0.0,0.0,0.0,1.0,0.0,0.0,0.0,28.0,5.758928571428571,0.0
2439,0.0,0.0,censor,6.614647501711157,-9.944277598012903,72.0557224019871,7.5,1.03846153846154,5.0680642103484,0.0316654969249229,0.532714528600955,24.6811022257765,0.573867295685506,0.482152814877051,3.90532805722467,2.26657318890163,13.6155445634108,5.27604995400421,2.18689999435844,82,0.0,20.697448060593178,1.0,1.0,1.0,0.0,1.0,0.0,0.0,0.0,30.0,1.0682492581602374,
2487,0.0,0.0,censor,7.304585900068446,-7.666630241566395,80.3333697584336,13.5,1.34146341463415,7.53292043708071,0.100015902861365,0.833218654303665,10.203785173618,0.874338948364731,0.764307750254353,1.79008999143567,1.47238732137627,14.3512411602754,7.20004763208792,7.5169874101913,88,1.0,27.73668639053254,1.0,0.0,0.0,0.0,1.0,0.0,0.0,0.0,27.0,26.470588235294116,0.0
2527,0.0,0.0,death,6.119096509240246,-3.392589602817395,79.6074103971826,14.0,1.16326530612245,6.4871905890604,0.0744172927347607,0.734009855028841,14.4406027963097,0.768164896689557,0.6678919179494,1.33933678255548,1.06271206458782,10.1392248294754,4.78290570336966,6.98727661154198,83,1.0,28.461982647875562,1.0,0.0,0.0,0.0,1.0,0.0,0.0,0.0,30.0,10.118343195266272,
2558,0.0,0.0,censor,6.546201232032854,-17.4600120958781,68.5399879041219,6.0,0.43859649122807,7.48566472417126,0.0535845125585578,1.21890490216745,17.0883495934481,1.7951054720092,0.912216041857539,6.41155919754163,5.55970276174188,23.2160884316678,10.1187780846843,11.9368968395191,86,1.0,20.282767570521138,1.0,0.0,1.0,0.0,1.0,0.0,0.0,0.0,30.0,0.3508771929824561,
2562,0.0,0.0,censor,7.219712525667351,-5.944831246167894,76.0551687538321,1.5,0.4,3.97983471512463,0.0582499167728894,1.06131109283453,17.0028423066767,1.10754307670435,1.00189359273128,2.15035495246509,1.41121971231889,10.1184424678921,6.57703681004076,4.3793585087323,82,0.0,28.933499083839976,1.0,0.0,0.0,0.0,1.0,0.0,0.0,0.0,28.0,11.707317073170731,0.0
2622,0.0,1.0,dementia,4.257357973990418,-3.860276430700196,81.1397235692998,6.5,0.608108108108108,5.80507694306208,0.0681650863435221,0.866387899331296,14.5108280368229,0.918667969299113,0.806955894688972,1.21014312958909,0.818805097863822,8.32177711419998,4.60514906935918,2.71131119948903,85,0.0,29.03823588468722,1.0,0.0,0.0,0.0,1.0,1.0,0.0,0.0,28.0,9.863013698630137,0.0
2642,0.0,0.0,censor,7.321013004791239,-9.683686950132596,81.3163130498674,14.0,1.95,7.38442499519179,0.109707841141882,0.594177684240356,14.8537442294089,0.624841872353323,0.570480374028808,0.985705207320308,0.510830944031191,9.10558542263124,7.26344282250789,3.5384221405704,91,1.0,25.358916448612497,1.0,0.0,0.0,0.0,1.0,0.0,1.0,1.0,28.0,2.776349614395887,0.0
2648,0.0,1.0,dementia,5.147159479808351,1.836177942842198,81.8361779428422,5.5,0.833333333333333,4.01533950649073,0.126753223584868,0.600021186603219,15.4609147200101,0.665347980884147,0.565846787163752,1.58100277525689,1.78602487966341,7.87487910636003,4.41955159977419,1.84318099010455,80,1.0,34.75980821828357,1.0,0.0,1.0,0.0,1.0,0.0,0.0,0.0,28.0,15.10948905109489,0.0
2671,0.0,1.0,dementia,5.990417522245037,-7.660635521744197,78.3393644782558,7.0,1.02777777777778,7.76991000278862,0.0649409093886669,0.721658490921538,16.3017113932626,0.765462488281392,0.654172465481354,2.40439427524723,1.15670799140457,7.62946784669282,4.11906163745731,4.30836306700743,86,0.0,21.37702139679401,1.0,0.0,1.0,0.0,0.0,0.0,0.0,0.0,25.0,1.1851851851851851,0.0
2691,0.0,0.0,censor,7.507186858316222,-13.3484323537477,67.6515676462523,29.5,2.06666666666667,6.4543183414352,0.0609302308643469,1.20644612096607,13.2648400107066,1.26987205969034,1.08816742506826,2.86374676711303,1.24271174002132,15.7844247880303,10.9408875117081,7.44372884485255,81,1.0,26.42893114743181,1.0,0.0,1.0,0.0,1.0,0.0,0.0,0.0,27.0,11.808510638297872,0.0
2700,0.0,0.0,censor,6.704996577686516,-6.482296259132497,73.5177037408675,23.5,1.71186440677966,4.78498496697561,0.0494347585923094,0.752372536151424,19.0736671458522,0.793331725303799,0.713419258566385,2.37106398042833,1.77695785478458,11.618758408521,5.73335011655268,5.47710088435774,80,1.0,24.341037673786236,1.0,0.0,,0.0,0.0,0.0,0.0,0.0,29.0,0.4897959183673469,
2705,0.0,1.0,dementia,3.9644079397672827,-6.564194136945602,72.4358058630544,17.0,1.93023255813953,6.52400758601649,0.0462747825657796,0.812115212883937,19.9556377392904,0.854894735782683,0.700030318641739,2.873011513003,1.23769071260046,12.2966213068458,4.65630477258729,3.53528413360712,79,1.0,21.64457847183426,1.0,1.0,1.0,0.0,1.0,1.0,0.0,0.0,30.0,1.0526315789473684,
2711,0.0,0.0,censor,6.105407255304586,-7.017972166338893,74.9820278336611,22.5,1.55555555555556,7.4672676833163,0.0557991213683336,0.951015553882589,15.0546656832215,0.99159047478276,0.858001122026017,2.02845196908838,1.31091271755493,10.9353862529918,4.75461706453556,5.52582280463501,82,1.0,25.50760126517702,1.0,0.0,0.0,0.0,0.0,0.0,0.0,0.0,30.0,24.37956204379562,
2787,0.0,0.0,censor,6.683093771389459,-3.664155921329396,79.3358440786706,9.5,1.32258064516129,4.60022600052426,0.0553622208507345,0.671920950213952,16.564827399254,0.706254125574866,0.606871011811389,2.11865970122625,1.05285058160402,7.48943706701157,4.73657456134066,4.88125085363128,83,1.0,28.921366580624067,1.0,0.0,0.0,0.0,1.0,0.0,0.0,0.0,30.0,21.34020618556701,
2794,0.0,0.0,censor,6.7734428473648185,-7.264782827541197,79.7352171724588,17.0,1.32857142857143,6.02682800686457,0.0775322478573887,0.535953749039068,14.9806530182145,0.576863461061764,0.513051009294223,1.72028225845058,1.36564510513295,10.6309097248559,6.45544066631652,4.86771637559933,87,1.0,22.509309036050812,1.0,0.0,0.0,0.0,0.0,0.0,0.0,0.0,29.0,1.4798206278026906,0.0
2831,0.0,0.0,censor,6.075290896646133,-6.090108748916094,75.9098912510839,9.0,1.65384615384615,5.09433807453168,0.0729658678571694,1.28888899946105,12.5664768498358,1.41093530659613,1.10320569195652,2.02767047056463,1.69200813386624,13.2432831211701,5.99573077422832,5.24016049148427,82,1.0,26.502084820588053,1.0,0.0,0.0,0.0,1.0,0.0,0.0,0.0,30.0,3.75,
2932,0.0,0.0,censor,7.162217659137577,2.367438704272402,85.3674387042724,16.0,2.76744186046512,4.57606157973022,0.0928072840221806,0.852142658406522,11.9484498678193,0.919150584403425,0.808335041523902,0.923277710980352,0.715808659749413,17.7385111759701,4.37608635384104,6.1747963658355,83,1.0,35.571857127612056,1.0,0.0,0.0,1.0,1.0,0.0,0.0,1.0,28.0,9.454545454545455,
2950,0.0,0.0,censor,6.863791923340178,-0.706734332781707,81.2932656672183,22.0,1.61666666666667,4.66846221674316,0.105253742511217,0.800007406864401,14.1820846358859,0.846305206657229,0.769136230454061,1.546813368755,1.04856498272373,10.8756542334221,5.52102444966533,5.22436980857077,82,1.0,28.73862130212819,1.0,0.0,0.0,0.0,1.0,0.0,0.0,0.0,30.0,7.439353099730458,
2995,0.0,0.0,censor,7.474332648870637,-0.5330939558597976,81.4669060441402,38.5,2.98484848484848,5.81210079896708,0.0587204864775017,0.827889355512797,13.8650524813647,0.864052283888644,0.734908050457653,1.39724940201669,0.757772288978114,17.4932473324309,3.57578294097261,4.75189236918351,82,1.0,22.597274203799163,1.0,0.0,0.0,0.0,0.0,0.0,0.0,0.0,29.0,37.328990228013026,
2998,0.0,0.0,death,6.3408624229979464,-3.915177830572404,81.0848221694276,25.5,1.24390243902439,6.1289431344161,0.0907741926465612,0.923952626727268,14.6883777655685,0.998977712158287,0.822092472489776,2.18406335361155,1.42362313005226,9.65256541359111,3.69406290067015,3.5438620321157,85,1.0,27.55708358855031,1.0,0.0,0.0,0.0,1.0,0.0,0.0,0.0,30.0,52.520325203252035,
3041,0.0,0.0,censor,7.942505133470226,-0.07624072463690368,78.9237592753631,6.5,0.837837837837838,5.92925096155679,0.0571833618792643,0.820495078349335,13.0822526904294,0.88036762058196,0.713487815050563,1.01890099255765,1.35926208616536,9.9019614877399,3.37166258976115,4.95261489967558,79,1.0,25.976339645345245,1.0,0.0,1.0,0.0,1.0,0.0,0.0,0.0,29.0,9.071618037135279,0.0
3048,0.0,1.0,dementia,5.804243668720055,-2.417988422739697,83.5820115772603,9.0,1.21212121212121,3.859555945265,0.112486053346881,0.666438406894937,18.8022148267406,0.724027515776551,0.633392211967839,1.83886016257156,1.1170292387146,10.7178625941082,5.22709881036316,3.33730291540894,86,1.0,35.74454524608151,1.0,0.0,0.0,1.0,1.0,0.0,0.0,0.0,,80.06825938566553,0.0
3094,0.0,0.0,censor,6.803559206023272,-14.9731539641637,70.0268460358363,21.5,1.91525423728814,6.2203741482439,0.051070113057982,0.74959028081891,23.0800176029368,0.780565230129034,0.656094264398712,3.48229697651768,2.38956558387406,9.15213999178583,5.90318510213051,4.14882046666941,85,1.0,24.812468243334337,1.0,0.0,0.0,1.0,0.0,0.0,1.0,0.0,28.0,24.030226700251887,0.0
3103,0.0,0.0,censor,6.7323750855578375,-9.748843222729505,71.2511567772705,25.5,1.93220338983051,3.55933294434284,0.0378703031042657,1.02453607077879,25.0855823627095,1.0829475666117,0.96959781856381,3.28483140017929,1.61411346571884,13.3344427044536,6.12834198635576,7.37190689504417,81,1.0,19.132527913867644,1.0,0.0,0.0,0.0,0.0,0.0,0.0,0.0,30.0,3.3165829145728645,
3147,0.0,1.0,dementia,4.101300479123887,-7.870558074396399,75.1294419256036,21.5,1.66666666666667,5.44414255635939,0.114964305494796,0.822340329382387,23.1429060212056,0.902984815846157,0.76018070875683,3.10846044006184,1.7145470058788,12.9146204554352,5.93788237743627,3.08063227535349,83,1.0,33.71950331988346,1.0,1.0,0.0,0.0,0.0,0.0,0.0,0.0,28.0,7.228915662650603,0.0
3212,0.0,0.0,censor,7.57015742642026,-8.6328531999564,73.3671468000436,19.0,2.21621621621622,7.5718071943581,0.0535753910342445,0.769420038356189,15.639421627491,0.806174075558573,0.712573821068717,2.64343590177171,0.840260731734535,12.2167281372514,6.67373054038147,7.30103846609626,82,1.0,29.11151977234288,1.0,0.0,0.0,0.0,0.0,1.0,0.0,0.0,30.0,12.934131736526947,
3236,0.0,1.0,dementia,5.727583846680356,-12.47703110886761,68.5229688911324,26.5,2.44230769230769,6.05107977125975,0.0804125803735683,1.06146739463756,15.5524666368025,1.14074835903608,0.92987541056759,2.83232475962446,1.7911201409256,19.9171384055813,10.63183473238,7.75074649048482,81,0.0,29.411124467588508,1.0,0.0,1.0,0.0,0.0,0.0,0.0,0.0,,5.673352435530086,
3260,0.0,0.0,censor,6.606433949349761,-4.446761361286306,78.5532386387137,30.0,1.74193548387097,4.4279894116179,0.0798804205577894,0.706675676160089,18.6462391492255,0.784276873424568,0.649720201834905,2.93866070599769,1.49607912470801,12.3108337672618,5.26561969981985,5.06097470272248,83,0.0,31.422245194631984,1.0,1.0,0.0,0.0,1.0,0.0,0.0,0.0,29.0,24.356435643564357,0.0
3310,0.0,0.0,censor,6.09719370294319,2.471163134736003,83.471163134736,23.5,1.70512820512821,3.60449488903961,0.102359044242255,0.819263266881439,12.6306897646397,0.919200199301034,0.775600321057669,1.54910902591612,1.01526442971749,9.65999398342344,4.39089620459286,3.27055283197894,81,1.0,31.84582511505588,1.0,1.0,1.0,0.0,0.0,0.0,0.0,0.0,28.0,32.270270270270274,
3312,0.0,1.0,dementia,5.691991786447638,0.4584680992397949,83.4584680992398,18.0,1.82222222222222,4.3427448653266,0.0806256707578897,0.612571640786575,16.1832749187411,0.635935932507434,0.587604102171953,1.09075503369491,0.586356984546388,9.43912518681761,4.0077935002465,3.1717218187831,83,1.0,20.775623268698062,1.0,0.0,1.0,0.0,1.0,1.0,0.0,0.0,29.0,2.4705882352941178,
3325,0.0,0.0,death,7.342915811088296,1.378512006038903,83.3785120060389,29.0,2.36363636363636,3.53912653125865,0.0734050679611857,0.77023681012131,14.321057307388,0.827212402037381,0.722795024778341,1.45355466232994,0.911353179104296,18.0475444218666,4.99839860428444,5.47542162370427,82,1.0,27.93951119705762,1.0,0.0,1.0,0.0,0.0,0.0,0.0,0.0,30.0,10.570719602977668,0.0
3333,0.0,0.0,censor,7.436002737850787,-10.5572823871977,72.4427176128023,25.5,2.50980392156863,8.1075980258809,0.11638788535005,0.743614572772064,15.9354864761434,0.780332770530352,0.702896281646281,2.08203499171262,0.508504824175518,18.4965492178212,10.7709644129534,7.91900908251634,83,0.0,27.51026417442646,1.0,0.0,0.0,1.0,1.0,0.0,1.0,0.0,28.0,7.857142857142857,0.0
3334,0.0,0.0,censor,6.464065708418891,-8.440245146425497,79.5597548535745,1.5,0.833333333333333,6.31096671780675,0.0159705129725094,0.706444107503998,52.1900389803458,0.877388109276276,0.530117377107207,9.6862639893307,3.86887142075148,13.8423856733081,21.5321452031931,3.84209500094579,88,1.0,27.898938883787366,1.0,0.0,0.0,0.0,0.0,0.0,0.0,0.0,28.0,26.48780487804878,0.0
3445,0.0,0.0,censor,7.597535934291581,-2.335592017604498,76.6644079823955,15.0,1.51219512195122,4.84539970380892,0.0269487991059269,0.711144250495988,16.9359817654372,0.761013330389878,0.675529224320307,1.90568967134664,1.19217018934116,13.1741142265667,4.50151068113213,5.89304788936752,79,1.0,24.95127570327943,1.0,0.0,1.0,0.0,0.0,0.0,0.0,0.0,30.0,14.740484429065743,0.0
3613,0.0,1.0,dementia,5.155373032169747,4.911197986442602,83.9111979864426,7.5,0.973684210526316,2.75627497630077,0.103412503508408,0.715579090770133,12.5554230996068,0.774465742912725,0.684129521399719,1.56961070527689,0.8595352655289,10.5126721402828,5.47214461262022,4.74243473235271,79,1.0,27.75106998110423,1.0,0.0,1.0,0.0,1.0,0.0,1.0,0.0,30.0,3.345724907063197,0.0
3640,0.0,1.0,dementia,4.5366187542778915,-10.39612770225919,71.6038722977408,13.0,1.54237288135593,4.32798611083907,0.0386361263503694,1.16858666692958,17.6124338153755,1.20400088810515,1.09347151317568,2.27639682920397,1.15682580233999,11.5356334881398,8.21261262962907,5.91356351200852,82,1.0,30.16510107338114,1.0,0.0,0.0,0.0,0.0,0.0,0.0,0.0,29.0,35.64179104477612,
3649,0.0,0.0,censor,7.025325119780972,-1.397250492290695,80.6027495077093,21.5,2.40740740740741,5.675402941502,0.0851716411949167,0.755270546897319,14.6330167741818,0.791195219229138,0.665790377482921,2.00968702562347,1.09104316751634,17.0841141905526,4.90353251869862,4.58586048206922,82,1.0,22.20633068613798,1.0,0.0,1.0,1.0,1.0,1.0,1.0,0.0,29.0,12.413793103448276,0.0
3660,0.0,1.0,dementia,5.938398357289528,-2.727296549263997,77.272703450736,21.5,2.29268292682927,5.68898230095225,0.0675112277919628,0.666000004754735,14.0500337327432,0.689286178373299,0.635993532088283,1.11418402951251,1.11055346462767,11.201201342818,5.61553784612124,8.19792633821279,80,0.0,26.116973761904045,1.0,1.0,0.0,0.0,0.0,0.0,0.0,1.0,29.0,2.2018348623853212,0.0
3692,0.0,0.0,censor,6.713210130047912,-9.672840228704999,71.327159771295,10.5,1.05555555555556,5.73063007519361,0.0257634860927855,0.818617043057598,20.9005531476541,0.891814890266354,0.755702934168609,2.4974660513533,1.35873491442688,15.1022175026374,6.81965542455888,5.67996086869973,81,1.0,28.978651349230336,1.0,0.0,1.0,0.0,1.0,1.0,1.0,0.0,30.0,12.148148148148149,
3708,0.0,1.0,dementia,5.535934291581109,-2.188879926843498,78.8111200731565,24.0,1.67567567567568,6.0985154722843,0.0338908538900672,0.454811767562757,13.5099774152063,0.469349550029221,0.444493684342244,1.56825243524388,0.779067389832982,12.473887674563,5.17275395176621,5.59415253092692,81,1.0,30.940183299739832,1.0,0.0,0.0,1.0,1.0,0.0,0.0,0.0,28.0,18.63481228668942,0.0
3725,0.0,0.0,censor,6.674880219028063,1.123167521795295,81.1231675217953,33.5,2.72549019607843,4.04072863475794,0.0756064799762112,0.906125871779869,13.5009241168233,1.07244131900146,0.901267357214372,1.27712574910899,1.4279615809307,17.738223605813,4.00346543278103,3.52645642044538,80,1.0,35.059299085993445,1.0,1.0,0.0,0.0,1.0,0.0,0.0,0.0,29.0,44.1688654353562,
3774,0.0,0.0,censor,6.885694729637235,-11.4502596927403,71.5497403072597,14.0,1.58536585365854,6.79703462340877,0.0394076514358523,0.832874318197778,17.1496117593687,0.86490709518244,0.753442435737239,2.30237737712916,1.38019013510359,13.3616078160092,7.62763042268429,7.77893265201124,83,1.0,28.776460118814434,1.0,0.0,0.0,0.0,1.0,1.0,0.0,1.0,28.0,5.480093676814988,0.0
3798,0.0,0.0,censor,6.680355920602327,-16.735044219773,67.264955780227,35.5,2.65,8.99473123059226,0.02602151447399,0.845530443445013,19.7842977536721,0.87154484026575,0.778869368042801,3.62446774936362,1.42319671743322,15.1470489492814,7.26504476694314,6.1307193810639,84,1.0,24.24434606456539,1.0,0.0,1.0,0.0,1.0,0.0,1.0,0.0,28.0,13.561643835616438,0.0
3820,0.0,1.0,dementia,4.407939767282683,-3.129499695374193,76.8705003046258,35.0,2.08823529411765,5.91457326214963,0.0770136448021629,0.717163773960401,15.2316539439858,0.7543387637391,0.650228199814726,2.13575932865277,1.81952801479288,24.0718654071557,3.78834326448962,3.99049149987721,80,0.0,40.44933431952662,1.0,0.0,0.0,0.0,0.0,0.0,0.0,0.0,30.0,22.606232294617563,0.0
3837,0.0,0.0,censor,6.146475017111568,-3.767962357082794,77.2320376429172,18.5,2.6969696969697,5.35990805836714,0.0444766438933263,0.68091762839473,16.1719741781706,0.740027319403989,0.666756377640075,1.93647842085244,1.08818317943778,14.0630034350528,4.81148122789556,3.76856145385647,81,1.0,24.402444197463673,1.0,1.0,0.0,0.0,1.0,1.0,0.0,0.0,30.0,7.0588235294117645,
3840,0.0,0.0,censor,7.238877481177276,-3.140013064456994,77.859986935543,20.0,1.17241379310345,8.42366289465848,0.0558056552871977,0.629240969495988,12.6852198525294,0.682797601233274,0.543453172310918,1.40435492140519,1.12601370429769,11.5137429978187,3.62371239040598,2.58302528827276,81,1.0,22.9376,1.0,0.0,1.0,0.0,1.0,0.0,0.0,0.0,30.0,1.7763157894736843,
3958,0.0,0.0,censor,6.617385352498289,-7.604105023402099,75.3958949765979,32.0,2.30188679245283,5.45163052639267,0.0610478616311079,1.20186046524057,16.2031812807159,1.29123892294817,1.08787590580057,1.88886877164608,1.00736817668422,13.9448885819627,5.96343583771564,3.95518581146072,83,0.0,25.571443247770684,1.0,0.0,1.0,0.0,1.0,0.0,0.0,0.0,28.0,8.411214953271028,0.0
4065,0.0,0.0,censor,6.094455852156058,-1.856884395581702,82.1431156044183,3.0,2.0,3.186745947343,,0.599852276491238,14.2312979320711,0.619181594873194,0.575689747314392,0.694964008249561,2.19762991762379,20.2465564544338,5.95550517598066,13.1217888933138,84,1.0,28.77451337505943,1.0,0.0,1.0,1.0,1.0,0.0,0.0,0.0,,17.23076923076923,
4083,0.0,0.0,censor,7.592060232717317,-5.4329535229774,83.5670464770226,14.0,3.10526315789474,3.39915550008656,0.0603318044705767,0.986178204050551,18.0325058958974,1.03607370739894,0.932869434473489,3.11171466738951,1.07035633324979,20.8002329563454,5.28483826032202,6.40626235137897,89,0.0,25.220032737851408,1.0,0.0,0.0,0.0,1.0,0.0,0.0,0.0,29.0,3.5443037974683542,0.0
4100,0.0,1.0,dementia,5.760438056125941,-0.3779772257095999,85.6220227742904,8.5,1.66666666666667,5.36856912951566,0.0514260292778314,0.915102208169217,10.5599341064972,0.96737798188896,0.825351633511464,0.896499528129841,0.940185370520554,10.7860809859945,2.49778437741768,4.34396000065938,86,0.0,34.22104744307782,1.0,1.0,0.0,0.0,1.0,1.0,1.0,0.0,26.0,7.352941176470588,
4104,0.0,0.0,censor,7.014373716632443,-9.7013798409956,71.2986201590044,13.0,1.52941176470588,5.57332999766181,0.0742112988681793,1.14397965466947,20.2370628105514,1.20194152459611,1.05329896793121,3.6054763108903,1.47529839139461,18.884450038431,8.03597790731914,3.76695511818643,81,1.0,24.80473372781065,1.0,1.0,1.0,0.0,1.0,0.0,0.0,0.0,30.0,21.61662817551963,
4107,0.0,1.0,dementia,4.010951403148528,-1.488094893795804,81.5119051062042,7.5,0.904761904761905,3.67029116417778,0.0978992710388973,0.512797127513539,20.3194294605541,0.55267689690277,0.494462446446934,1.71301441719435,1.72724340801939,12.4183063728784,4.79580119030824,3.14529997800185,83,0.0,30.337688814190756,1.0,0.0,1.0,0.0,1.0,1.0,0.0,1.0,,8.470588235294118,
4122,0.0,1.0,dementia,4.227241615331964,-9.585866810050405,72.4141331899496,19.5,1.51851851851852,5.24020991561523,0.0513807931914673,1.17179676494737,20.1583299154166,1.26877423890908,1.1096232999852,2.56625741309298,1.37310789467774,11.5757660823563,6.15975004313109,8.30938190215577,82,0.0,32.51873511489546,1.0,0.0,1.0,1.0,0.0,1.0,0.0,0.0,28.0,16.92737430167598,
4205,0.0,0.0,censor,7.066392881587953,-8.889091732667197,70.1109082673328,8.5,1.09756097560976,4.58382192413962,0.0437419868886024,1.51695657355952,15.5377185290401,1.57228485921802,1.35704411753351,3.27165174324764,0.654233777411197,10.6977811148372,8.46040086749169,5.58171383062842,79,1.0,36.12156839849985,1.0,0.0,0.0,0.0,1.0,0.0,0.0,0.0,30.0,39.502262443438916,0.0
4212,0.0,1.0,dementia,4.161533196440794,0.8057768642297987,83.8057768642298,16.0,0.8375,4.73545652358888,0.0698559215524081,0.532136489014342,12.634950969747,0.567657644439044,0.487135539346097,1.19442646205922,1.04817492699298,8.92487770370085,4.16288189572901,3.64513351592955,83,0.0,28.34228548754743,1.0,0.0,0.0,0.0,0.0,0.0,0.0,0.0,28.0,6.993006993006993,
4300,0.0,0.0,censor,6.666666666666667,-6.816039750314701,72.1839602496853,14.5,1.63888888888889,7.66776506741941,0.0627897497501096,0.830258700816859,12.0588028987864,0.862194534269501,0.758780141898342,1.83263273645686,0.904169820311868,10.3221911471384,7.35966802486067,4.52262475672724,79,1.0,25.621112468703387,1.0,0.0,0.0,0.0,1.0,0.0,0.0,0.0,28.0,9.121140142517815,
4310,0.0,0.0,censor,7.559206023271732,-3.231499148417001,77.768500851583,6.5,2.76923076923077,7.04121636038902,0.082142832460058,,9.28818186111246,,,2.00099316278912,,28.4607246859934,6.07513509910111,,81,1.0,30.52409877598364,1.0,0.0,1.0,0.0,1.0,0.0,0.0,0.0,28.0,2.1848739495798317,0.0
4334,0.0,0.0,censor,7.1184120465434635,-7.484321521289104,73.5156784787109,40.0,2.29411764705882,6.37303292213998,0.0505214777853887,1.53223861198443,15.8626316538549,1.63469591998515,1.30210531435063,2.55137693097805,1.24519221147116,21.3613672196553,5.36196468881441,4.32850503858593,81,1.0,25.624387888763632,1.0,0.0,1.0,0.0,0.0,0.0,0.0,0.0,27.0,3.875968992248062,1.0
4344,0.0,0.0,censor,6.532511978097194,-16.1235693182103,65.8764306817897,21.5,1.41379310344828,13.160783170933,0.104839481588101,0.725803525667563,15.2798965538619,0.806946361138091,0.647163282776534,2.19295004083368,1.41586215087602,9.32528526723545,7.81294549675669,4.42687281273071,82,0.0,35.174865843480426,1.0,0.0,0.0,0.0,0.0,0.0,1.0,0.0,28.0,10.2,0.0
4379,0.0,0.0,censor,7.342915811088296,-10.89532192091499,70.104678079085,47.0,2.39325842696629,5.90095041948594,0.0668462859435298,1.177444222936,23.5806856554691,1.40865042480682,1.10447852756564,3.29536150077053,2.1710333715729,20.4507755217721,5.44571709361545,4.88317376171026,81,1.0,24.79498873599083,1.0,0.0,0.0,0.0,0.0,0.0,0.0,0.0,29.0,6.976744186046512,0.0
4428,0.0,1.0,dementia,4.5366187542778915,-0.3745490491195937,86.6254509508804,28.5,2.59375,3.99598048990519,0.0496063813270202,0.649521193891842,15.4335237120162,0.668822408030449,0.614755739310648,1.3665326576029,0.647922571001547,22.572849283732,4.58189491977593,5.14994234255199,87,1.0,22.61407360742222,1.0,0.0,1.0,1.0,1.0,0.0,0.0,0.0,28.0,23.586206896551722,0.0
4546,0.0,0.0,censor,7.57015742642026,0.6393570731607952,80.6393570731608,13.0,2.625,5.39338395560399,0.0680587587905755,0.655847224565761,10.7827913124,0.684253351100198,0.60045682971308,1.0901005553678,0.852953318696427,13.2000850587239,4.8973451270976,3.7517251040352,80,1.0,32.28796880938873,1.0,0.0,0.0,0.0,1.0,0.0,0.0,0.0,30.0,12.241379310344827,0.0
4557,0.0,0.0,censor,7.030800821355236,-4.915641479715603,75.0843585202844,11.5,1.75,4.44795035509439,0.0596931394263352,1.08566862196305,19.6320448329735,1.22180317130169,0.994359873902723,1.89690325483004,0.884943932915542,17.3257190794508,6.05271567151524,1.58809596207621,80,1.0,26.49113525902177,1.0,0.0,1.0,0.0,0.0,0.0,0.0,0.0,28.0,9.337175792507205,0.0
4609,0.0,0.0,censor,7.236139630390143,-1.634698831979804,79.3653011680202,29.5,3.78378378378378,4.36809406618957,0.0462307854260228,1.12025967709086,8.46949946818529,1.19873606519438,1.02283022583251,1.34682998126938,1.05872866937687,18.6774305507752,5.83686263727753,9.4759305454119,81,1.0,25.229988895959398,1.0,1.0,0.0,0.0,0.0,0.0,0.0,0.0,30.0,4.125,
4614,0.0,0.0,censor,6.847364818617385,-0.6446040112251978,83.3553959887748,13.5,1.93939393939394,4.15419271829999,0.0572642781287259,0.81788472347138,15.7985225313388,0.85309378705353,0.739055737379068,1.79757323202639,0.996654504371592,20.0772785093968,4.62456866163131,5.18595869425372,84,0.0,29.370096281702303,1.0,1.0,0.0,0.0,1.0,0.0,1.0,0.0,30.0,39.3048128342246,0.0
4744,0.0,1.0,dementia,4.380561259411362,-1.867240041039096,80.1327599589609,44.0,1.92857142857143,5.11682928776819,0.0851252179073963,0.534490602138024,14.1894441996851,0.552712277102184,0.506697608268203,1.34665101789439,1.07971002398141,9.53273287867167,5.47480169271283,4.84732912288358,82,1.0,36.04696871090495,1.0,0.0,1.0,0.0,1.0,0.0,1.0,0.0,27.0,34.90683229813665,
4772,0.0,0.0,censor,7.474332648870637,-11.56457612999699,72.435423870003,8.5,1.66666666666667,4.75084994442694,0.0652491915819689,0.843459017481633,15.9478415468428,0.90104077829443,0.798641721352587,3.06093212387647,1.89435622038213,10.1457906270703,8.84549127234481,6.51781480238846,84,1.0,29.319856487018246,1.0,0.0,0.0,1.0,1.0,0.0,0.0,1.0,27.0,16.684491978609625,
4798,0.0,0.0,censor,6.179329226557153,4.656053875107006,84.656053875107,15.0,1.7027027027027,3.49447264012408,0.107644371260677,0.517898924991342,15.1721224073303,0.546345288105465,0.490320637933774,1.35260166516648,0.810178007783168,11.2137794851386,4.3066399701145,3.51372068341464,80,1.0,29.524543712439094,1.0,0.0,1.0,0.0,0.0,0.0,0.0,0.0,30.0,13.736842105263158,
4823,0.0,1.0,dementia,5.1854893908282,-20.4283865523846,63.5716134476154,11.5,1.55172413793103,5.90243435928927,0.0348160993481216,1.00525186557133,15.4315583259356,1.04484987719269,0.876986447474158,2.84570164301239,1.62537133864118,8.98948899041406,12.9760412594863,9.4298774621825,84,0.0,34.193213296398895,1.0,0.0,0.0,0.0,1.0,0.0,1.0,0.0,24.0,9.510086455331413,
4855,0.0,1.0,dementia,4.057494866529774,-0.8703619280449999,80.129638071955,18.0,1.90243902439024,2.82762859864359,0.0449603920953547,0.879009883194217,18.804508743448,0.913870418205934,0.79326606952962,1.83441010045096,1.39395022993014,11.5182917894763,3.16413094712657,4.28873409804292,81,1.0,34.68749999999999,1.0,0.0,0.0,0.0,0.0,1.0,0.0,0.0,29.0,4.961240310077519,0.0
4891,0.0,0.0,censor,6.154688569472964,-0.9813694009753959,79.0186305990246,12.5,2.08333333333333,4.85641303750914,0.0421436645906998,0.462947148738185,14.8956169083806,0.479044743801623,0.441831503087613,1.40454005094923,1.01194685693842,10.0946754532416,4.42549583760625,3.80928106400835,80,1.0,25.307170815913693,1.0,0.0,1.0,0.0,0.0,0.0,1.0,0.0,29.0,14.6,
4905,0.0,1.0,dementia,5.253935660506502,0.3014819021215942,83.3014819021216,19.5,1.54,6.23897675758476,0.11083878336541,0.448707615343532,14.5494008496579,0.475524507812848,0.407742972509112,1.27630565072766,1.2105166758123,11.6969639433359,3.99935436081561,2.29014780869674,83,1.0,31.152572155928354,1.0,0.0,0.0,0.0,0.0,0.0,0.0,0.0,30.0,16.132930513595166,0.0
4932,0.0,1.0,dementia,5.084188911704312,-2.151412395447807,81.8485876045522,11.0,1.08,4.49005348644631,0.0567291078796425,0.460854122258443,18.1021586812426,0.484355812454419,0.455167234085691,1.14949943995482,0.515687006119643,8.11029065086685,4.94495944299037,7.72975696911081,84,1.0,28.398718000730252,1.0,1.0,0.0,0.0,1.0,1.0,0.0,0.0,30.0,1.183431952662722,
4944,0.0,1.0,dementia,5.670088980150582,-7.804868380326099,71.1951316196739,13.0,1.54545454545455,6.01123355623312,0.0872049914538993,0.723186981971296,15.9046717114759,0.757384425276436,0.665528006833438,2.48510640603797,1.61825229988842,12.2464463097801,8.68119651992243,5.22686901666314,79,0.0,29.3699203340911,1.0,0.0,0.0,0.0,0.0,0.0,0.0,0.0,26.0,2.3376623376623376,
4959,0.0,0.0,censor,5.938398357289528,-8.117900324217501,77.8820996757825,19.0,1.41509433962264,5.67408303975297,0.0390120855229591,0.960652087114308,16.0060679739999,1.04709630590951,0.909538543803404,2.13227985777447,1.52247943656706,16.2805980525937,5.59109042159079,6.25587402957681,86,1.0,24.152509947964493,1.0,1.0,0.0,0.0,1.0,0.0,0.0,0.0,30.0,43.95,
4981,0.0,0.0,censor,6.420260095824777,-8.065787470248395,72.9342125297516,16.5,0.833333333333333,4.25272316758995,0.0384191472644986,,21.6604815741875,,,3.00148714186803,,10.6073671924869,6.68922392414053,,81,1.0,34.2808549572802,1.0,0.0,0.0,1.0,1.0,0.0,0.0,0.0,28.0,68.27027027027027,
4986,0.0,0.0,censor,7.189596167008898,0.005646039271795189,87.0056460392718,21.5,1.55172413793103,4.94924737309321,0.0716668442177784,0.544820511844321,11.9509592173515,0.575004649868294,0.518335054464623,1.04882365536953,0.433717214755879,14.0020759616306,4.98001297035834,4.41179254260989,87,0.0,30.284337614596897,1.0,0.0,0.0,0.0,0.0,0.0,1.0,0.0,29.0,6.573033707865169,0.0
5080,0.0,0.0,censor,6.839151266255989,-2.107149733676593,79.8928502663234,13.0,1.1044776119403,5.75825673150607,0.0423221040539778,0.449376407737615,16.6243626551382,0.462860343089794,0.424314438260689,1.82138814871067,1.344083311592,9.60103811944844,3.2415739829915,2.8347948345877,82,1.0,22.578878409733125,1.0,1.0,0.0,0.0,0.0,0.0,0.0,1.0,28.0,8.125,0.0
5097,0.0,0.0,censor,6.376454483230664,-3.827496944813802,78.1725030551862,2.5,1.5,2.74076599859318,0.0611941635108987,1.63697900607481,18.4782247600882,1.74207605204818,1.46597878031295,1.81496219690039,1.80048959496415,10.5115294002508,2.68156051079758,2.01183227189496,82,1.0,24.586159419830082,1.0,1.0,0.0,0.0,1.0,0.0,0.0,0.0,30.0,22.146596858638745,
5128,0.0,0.0,censor,6.874743326488707,-7.837451111239503,74.1625488887605,16.0,1.84905660377358,4.08749687041846,0.0525748438458443,1.45624375915157,16.5063859488982,1.5483605673549,1.34859445519076,2.04171021459874,0.653966186179437,6.51855892537573,6.07195527461974,3.87904776537726,82,1.0,22.957803997748375,1.0,0.0,0.0,0.0,0.0,0.0,0.0,0.0,30.0,1.8483412322274881,1.0
5219,0.0,1.0,dementia,5.823408624229979,-0.677660375185198,78.3223396248148,15.0,1.41304347826087,6.24538622872771,0.264039357683818,0.766609662761481,14.4578864222315,0.806542829302726,0.68098106360594,1.84536331081389,2.13393829272406,12.7606588567614,2.94442732541076,5.96907220847079,79,1.0,31.215487262803368,1.0,0.0,1.0,1.0,0.0,0.0,0.0,0.0,29.0,24.240687679083095,0.0
5240,0.0,0.0,censor,6.746064339493498,-15.2898361631333,69.7101638368667,16.0,1.30232558139535,10.6174839449022,0.0875490632430393,0.896045426069872,21.2311690907938,0.942891413302449,0.811886087675035,2.28240700694697,1.00433090332195,13.1320733862774,7.12074803941821,6.40799849323252,85,1.0,25.806451612903224,1.0,0.0,0.0,0.0,1.0,0.0,0.0,0.0,28.0,17.802197802197803,0.0
5275,0.0,1.0,dementia,3.8521560574948666,-4.515890218283801,77.4841097817162,16.0,0.952380952380952,5.79284414667923,0.0635719134530889,0.505507598983456,21.2365437128534,0.543891992360882,0.469436476404551,2.75162094859978,1.55281570408316,10.2590535438508,3.79467333578265,3.79419080359051,82,0.0,22.652140981262434,1.0,0.0,0.0,1.0,0.0,1.0,1.0,0.0,24.0,28.288973384030417,0.0
5318,0.0,0.0,death,6.184804928131417,-4.802306846742198,74.1976931532578,20.0,1.15942028985507,4.60978624851039,0.0575679316017982,0.499941409995442,17.4288801286136,0.516090893646154,0.478904187406185,2.90387030269086,1.17216486804454,10.6361239331053,7.67423869451879,6.55969746828758,79,1.0,35.92759168963219,1.0,0.0,1.0,0.0,1.0,0.0,0.0,1.0,29.0,24.563758389261746,0.0
5330,0.0,1.0,dementia,5.089664613278576,-11.59925322188781,70.4007467781122,16.0,3.38461538461538,6.92177891099977,0.036100390010633,0.903774646624619,17.6174636313791,1.04613684664027,0.835285008079455,2.29668564243108,3.34297187983313,21.6593896649535,7.99453079890169,8.51976679648951,82,1.0,24.141856497500964,1.0,1.0,1.0,0.0,1.0,0.0,0.0,0.0,29.0,16.88888888888889,
5341,0.0,1.0,dementia,4.005475701574264,-10.7965492332028,74.2034507667972,7.0,1.08823529411765,4.25805505333552,0.038528202538768,1.00803834833528,22.7249702425581,1.05449266440982,0.903937427867381,2.96238915047173,1.27143895544961,14.0368462224822,6.77285283789135,4.52704223220181,85,1.0,24.24682235200829,1.0,0.0,0.0,0.0,1.0,0.0,0.0,0.0,27.0,4.0476190476190474,
5439,0.0,1.0,dementia,4.4490075290896645,1.519326476759701,87.5193264767597,21.5,0.781512605042017,4.57297114292909,0.126961028188084,0.514935810922888,14.6840792389629,0.546922165830472,0.482699126682139,1.53385660273597,1.49464604620164,9.93671077156318,3.82349395247264,5.78812367958729,86,0.0,19.117430692285275,1.0,0.0,0.0,0.0,1.0,0.0,0.0,0.0,27.0,34.46224256292906,0.0
5481,0.0,1.0,dementia,4.960985626283367,-9.186863923357294,70.8131360766427,17.0,1.57407407407407,7.0975341932827,0.0587549515305256,1.00286087932369,20.3439406650624,1.0717339418553,0.925193265550017,3.21424046135272,1.87482055737057,13.7862858971096,5.11747327320786,6.03283909568299,80,0.0,26.47973899433066,1.0,0.0,0.0,0.0,1.0,0.0,0.0,0.0,26.0,5.416666666666667,
5506,0.0,0.0,censor,6.392881587953457,-1.169331768370199,78.8306682316298,26.5,1.26027397260274,4.82946858109474,0.0912410894729482,0.772138698095868,18.5971830135718,0.843333366175345,0.749370225866372,3.0482864256665,1.01135963882939,14.1675210705628,5.20081290789448,3.14082617919165,80,1.0,25.918108881618743,1.0,0.0,0.0,0.0,1.0,1.0,0.0,0.0,30.0,13.5678391959799,
5523,0.0,1.0,dementia,4.963723477070499,-3.373862282027702,81.6261377179723,9.0,0.878048780487805,5.88646123490185,0.0711434275790963,1.00060941546703,17.5975703605519,1.08228438132891,0.849070797511631,2.06859353209475,0.865309639608367,10.2910374672167,2.8137794854081,2.63386387714834,85,1.0,26.108226591536187,1.0,1.0,0.0,0.0,0.0,0.0,0.0,1.0,,3.5869565217391304,
5575,0.0,1.0,dementia,4.136892539356605,0.6664423499406951,88.6664423499407,22.0,1.89830508474576,5.02442578726347,0.0648921657239553,0.603482483314702,12.0062573494508,0.63304956298187,0.544475010738733,0.805756315485987,0.750091874953078,10.8119476748922,2.35812783617432,2.58815672624207,88,0.0,32.98587801260329,1.0,0.0,0.0,1.0,1.0,0.0,0.0,0.0,,12.157894736842104,
5621,0.0,0.0,censor,7.099247091033539,-2.702980634449702,77.2970193655503,24.5,1.98214285714286,3.93591666364666,0.0625046397849813,0.672367155922022,16.290608148443,0.703621596094453,0.624501847994093,2.00483448327605,1.72343084733279,15.9981802112238,6.18947548447036,7.41702793372142,80,0.0,31.965186195351144,1.0,0.0,1.0,0.0,0.0,0.0,0.0,0.0,28.0,10.835579514824797,
5673,0.0,0.0,censor,7.129363449691992,-2.245110200832798,82.7548897991672,14.0,1.44,5.260045051572,0.0529966234838355,0.659420637928781,11.9833074649519,0.679223634918479,0.635211137108668,0.988916861468094,0.61419682637928,10.3791869051544,5.2038277607117,4.75360610090185,85,1.0,30.13894916678722,1.0,0.0,0.0,0.0,1.0,1.0,0.0,0.0,30.0,34.603960396039604,0.0
5674,0.0,1.0,dementia,4.161533196440794,1.156445201019693,85.1564452010197,15.0,0.691588785046729,4.44886972137117,0.0602908959808021,0.467745499644185,11.8705162102647,0.481172960797805,0.432873665174958,1.87833474705821,1.17325594953212,7.16396093526987,3.57496057500362,3.41594549570649,84,1.0,28.734968902639807,1.0,0.0,0.0,0.0,0.0,0.0,0.0,0.0,25.0,12.703213610586012,
5725,0.0,0.0,censor,6.5598904859685145,0.6279120779367986,83.6279120779368,9.5,0.846153846153846,4.47446241087721,0.078606484651304,0.781249401569559,12.0496642703083,0.84386865948963,0.738247956337719,8.36239192442797,1.29994766735845,15.0978620272322,5.04455683620407,4.45015639841075,83,1.0,32.0424617733051,1.0,0.0,0.0,0.0,1.0,0.0,0.0,0.0,29.0,21.48997134670487,
5741,0.0,1.0,dementia,4.955509924709103,-4.739456671846696,85.2605433281533,9.5,1.015625,6.16272688843854,0.0752450824988813,0.772689056007777,15.951263685487,0.797791548722474,0.673847490283105,1.58603206988835,0.800020790889912,7.4287441195232,2.90066729662053,1.95813907157353,90,1.0,22.310093652445367,1.0,0.0,1.0,0.0,1.0,1.0,0.0,0.0,27.0,1.0810810810810811,1.0
5763,0.0,0.0,censor,6.69678302532512,-6.8605921630041,74.1394078369959,32.5,2.0,5.71265684810773,0.0495871617143524,1.11232236558508,17.9879170320866,1.18271154807249,1.04420357534019,2.04703246793664,0.864171822418119,12.2750250059581,5.43223554701403,4.67898956211218,81,1.0,25.329278306924486,1.0,0.0,0.0,0.0,0.0,0.0,0.0,0.0,29.0,19.620853080568722,0.0
5776,0.0,0.0,censor,7.430527036276523,0.8506343183702967,81.8506343183703,11.5,0.964912280701754,3.39616995956968,0.0387113581584764,0.808267708123092,12.9064450199781,0.848968254772402,0.759763320563587,1.56537871848082,1.0852501882305,9.19327941700694,4.07952147556045,5.50571209096709,81,1.0,31.461575014290005,1.0,0.0,0.0,0.0,1.0,0.0,0.0,0.0,29.0,6.666666666666667,0.0
5779,1.0,0.0,dementia,-0.024640657084188913,-5.975411038353798,74.0245889616462,36.5,2.33734939759036,4.62162419171628,0.0592904055343176,0.620830628351434,19.5062539553964,0.649883210690281,0.587319140784944,2.68362794169794,2.01025550501387,17.5560090569653,6.510949379111,7.74833195043067,80,1.0,23.47468428473792,1.0,0.0,1.0,0.0,1.0,0.0,0.0,0.0,28.0,21.71875,0.0
5782,0.0,1.0,dementia,5.921971252566735,-6.312021365544695,81.6879786344553,20.0,2.03174603174603,6.07706935724504,0.111379298599015,0.509263088394974,14.7030205589973,0.554009119313982,0.48778829717316,1.3247107346956,0.825562784632396,11.8395645089558,7.31567746361379,5.04627407534497,88,1.0,29.31628009336231,1.0,0.0,0.0,0.0,0.0,0.0,0.0,0.0,28.0,15.947368421052632,
5799,0.0,0.0,censor,7.304585900068446,-7.549879271320705,83.4501207286793,10.5,1.59574468085106,4.55059830961535,0.0726848820419803,0.848202469058586,12.2872662876261,0.906264709634978,0.771076522308251,1.60516077972492,1.02404230648394,7.42538329640688,6.28495454798272,7.45171510548277,91,1.0,29.854013872165112,1.0,0.0,1.0,0.0,0.0,0.0,0.0,0.0,29.0,8.444444444444445,0.0
5834,0.0,0.0,censor,6.381930184804928,-4.712454344604396,79.2875456553956,6.5,1.07692307692308,6.3183574422081,0.0594076134154593,0.737942810855103,12.1904641066023,0.78036026194262,0.689047407379143,2.27987855403045,0.443242955734907,14.7244914362128,7.27785474128353,2.62360089684192,84,1.0,25.160192948397953,1.0,0.0,0.0,0.0,1.0,0.0,0.0,0.0,29.0,0.9207161125319693,
5890,0.0,0.0,censor,6.1492128678987,-5.285620302742501,76.7143796972575,10.0,1.76666666666667,6.8480440240867,0.061429772224512,0.693364872304071,12.4208670378419,0.748982311020294,0.659129903605394,1.37952499654288,0.918661160130665,12.4334579281828,6.5073508172,3.74670919924236,82,0.0,31.54266465083194,1.0,0.0,0.0,0.0,1.0,0.0,0.0,0.0,28.0,2.3132530120481927,
5932,0.0,0.0,censor,7.129363449691992,-7.217502894616203,71.7824971053838,12.5,1.33928571428571,8.72047811949463,0.0934128086027625,0.649021921285478,9.71157215846567,0.710655828236664,0.565466647687117,1.50792987702242,1.27286310873164,11.6053159953903,8.67158570522087,3.60135959895853,79,1.0,25.567263430457917,1.0,0.0,0.0,0.0,0.0,0.0,0.0,0.0,29.0,13.730407523510971,0.0
5983,0.0,0.0,censor,7.561943874058864,-9.453814740893307,69.5461852591067,41.5,2.75806451612903,5.11065981235723,0.0332588539774552,0.840870454027965,17.7925018351812,0.872288532526532,0.790811486102334,4.26248750462751,1.65093659021136,20.2004037693368,8.51875686767197,6.5825345294752,79,1.0,20.561831969418176,1.0,0.0,0.0,0.0,0.0,0.0,0.0,0.0,30.0,0.0,
6008,0.0,0.0,censor,6.625598904859685,-10.75570679874041,70.2442932012596,11.0,0.944444444444444,5.08154133588761,0.0551876720801055,0.642851537639108,21.9866264037193,0.676813500459396,0.603206771104177,3.60803379194173,2.40871932945638,7.57306595910388,6.40341661790238,4.46943735930443,81,1.0,25.491505603003066,1.0,1.0,0.0,0.0,1.0,0.0,0.0,1.0,30.0,3.8823529411764706,0.0
6013,0.0,1.0,dementia,4.97741273100616,4.817159366825607,83.8171593668256,12.5,1.09375,3.88876204909974,0.109068532315809,0.64590871697657,9.00778316919366,0.71245256691172,0.618188095477212,1.0540314570998,0.833796731918022,8.19268268401498,5.5709797141153,4.24905406734691,79,0.0,36.903344381583146,1.0,0.0,0.0,1.0,1.0,0.0,0.0,0.0,29.0,6.538461538461538,0.0
6034,0.0,0.0,censor,6.721423682409308,-7.182100801879997,83.81789919812,22.0,1.76923076923077,4.2233412081808,0.0986123602594094,0.915125651221298,20.4303924403704,1.04180379233295,0.836992830002768,3.26607069042379,1.82954917391633,12.7677456340577,3.6002521280943,3.07754661477459,91,1.0,25.542110701155654,1.0,0.0,0.0,0.0,1.0,0.0,0.0,0.0,26.0,5.337423312883436,0.0
6061,0.0,0.0,censor,6.176591375770021,0.8414319188941022,81.8414319188941,20.5,2.74,4.34974218314433,0.0866096557514944,0.778881422918059,10.9737706238286,0.857260150222523,0.724094952135662,1.61179938596269,1.07045248700498,16.3079250357043,5.52585567789652,3.31876920547913,81,1.0,20.844133109331278,2.0,0.0,1.0,0.0,0.0,0.0,0.0,0.0,30.0,6.27906976744186,
6090,0.0,0.0,censor,7.304585900068446,0.8595058761673045,81.8595058761673,19.0,1.84,3.80629052606027,0.0871452662868808,0.867326145185403,14.9165245470928,0.913770231250503,0.784497772490826,1.38670561559558,1.02985138320398,11.538219697909,4.53378122836969,7.53069818967966,81,1.0,26.68883641175962,1.0,0.0,0.0,0.0,1.0,0.0,0.0,0.0,28.0,3.540372670807453,0.0
6099,0.0,0.0,censor,7.488021902806297,-4.482820988120494,74.5171790118795,14.5,1.25862068965517,6.09835100830498,0.0581147556258921,0.75360794903144,16.0079243151562,0.799522352594606,0.704838303943375,2.09390102414026,0.93114235375564,8.81358015946217,5.77762572695989,4.19512387023146,79,1.0,,1.0,0.0,1.0,0.0,1.0,0.0,0.0,0.0,30.0,89.33753943217665,0.0
6108,0.0,0.0,censor,6.16290212183436,1.796099285574797,82.7960992855748,11.5,1.05555555555556,6.09633186631335,0.110907269600176,0.799049478035945,14.4712351568967,0.843486139585444,0.713177688629595,1.50294915308435,0.62314607066233,23.8247553792986,3.45969774069943,3.29029766204208,81,1.0,24.051878908927268,1.0,0.0,0.0,0.0,0.0,0.0,0.0,0.0,29.0,3.4965034965034967,
6130,0.0,0.0,censor,7.041752224503765,-7.399296569895,72.600703430105,38.0,2.08247422680412,8.34159274069872,0.0536141607223909,0.678360679021085,15.2972559958164,0.712528636350673,0.634765840778012,1.47389548954082,1.37834165083272,14.2573245658774,5.73017711509139,5.59004199858469,80,1.0,30.615000663983615,1.0,0.0,0.0,0.0,0.0,0.0,0.0,0.0,29.0,2.0809248554913293,0.0
6172,0.0,0.0,censor,7.5482546201232035,-3.163254673833194,78.8367453261668,10.5,2.0,5.94501395939057,0.0729612456058575,0.554897052384713,16.7194774399058,0.5719430991902,0.528691126897006,1.55268857352812,1.20160926331942,17.4430934763545,5.73325226800499,5.18752703518833,82,0.0,27.507250414761714,1.0,0.0,0.0,1.0,1.0,1.0,0.0,0.0,29.0,12.124352331606218,0.0
6175,0.0,0.0,censor,7.627652292950034,-2.011620218742607,78.9883797812574,32.5,2.36206896551724,4.03408464985346,0.0632134367985192,1.11166809713649,15.1846980485606,1.24023639191265,0.97120580521246,2.03734248350102,1.5402495546988,13.0577273661428,3.41532932555053,3.75968944627192,81,0.0,,1.0,0.0,0.0,0.0,1.0,0.0,0.0,0.0,29.0,25.074626865671643,
6283,0.0,1.0,dementia,5.5249828884325805,-8.383221343043104,76.6167786569569,29.0,3.55813953488372,3.91569694259441,0.054723149850602,0.710910384784989,22.1462162103577,0.771679168193316,0.688675908161555,1.65786910888483,1.33017932825453,16.6750878750627,5.86545924179119,4.10556779122495,85,1.0,25.16066564444565,1.0,1.0,1.0,0.0,0.0,0.0,0.0,0.0,27.0,5.409836065573771,0.0
6315,0.0,0.0,censor,6.9431895961670085,-8.970929052080095,80.0290709479199,15.0,0.746031746031746,7.51805504754351,0.0626119878484873,0.804159629603655,13.5828445618289,0.895099216842927,0.705176192708576,1.37141656142485,0.828962229953947,8.34106826158114,5.44481463940249,4.69734897649025,89,1.0,24.423097369799393,1.0,0.0,0.0,0.0,0.0,0.0,0.0,0.0,29.0,7.736389684813753,
6316,1.0,0.0,dementia,-0.010951403148528405,-6.268969265989796,78.7310307340102,14.5,1.80645161290323,4.18911332787661,0.0364711249616601,0.873106868206701,14.4627936899059,0.894814003081216,0.830277640204131,2.44289436563037,0.870636078180378,10.3041127104117,6.50483818469665,8.72766238972602,85,1.0,24.00262715322075,1.0,0.0,0.0,0.0,1.0,1.0,0.0,0.0,27.0,28.26086956521739,
6319,0.0,0.0,censor,6.5160848733744015,-0.829049057021507,81.1709509429785,25.5,1.48148148148148,5.45529795764841,0.0946904691924298,0.524364678499987,10.5603637892225,0.552963315969955,0.490665005771259,1.50832931625277,1.55498391906094,10.6774740641841,5.8637128943848,7.2693440278912,82,0.0,23.39954429387488,1.0,0.0,0.0,0.0,1.0,0.0,0.0,0.0,29.0,19.45945945945946,0.0
6448,0.0,0.0,censor,7.592060232717317,-4.012025271224402,74.9879747287756,15.5,2.45161290322581,9.27826315841851,0.0673530236743973,0.539522150184888,11.2652991582995,0.581121470733404,0.478468693084165,1.27756295155534,0.635922179579531,10.3436174424366,5.04684131959844,2.62473581968693,79,1.0,25.378954870078164,1.0,0.0,0.0,1.0,0.0,0.0,0.0,0.0,28.0,7.945205479452055,0.0
6542,0.0,0.0,censor,7.310061601642711,-10.20400661744409,71.7959933825559,13.0,1.87096774193548,5.19391220985778,0.0633208011081685,0.833859540947117,23.1459267834934,0.909645734733132,0.766668712966423,3.59351883320876,1.32973797046003,10.615028576499,6.42879122091053,4.11149325427135,82,1.0,26.981373782720578,1.0,0.0,1.0,0.0,0.0,0.0,0.0,0.0,29.0,24.385026737967916,
6561,0.0,1.0,dementia,4.42984257357974,-3.148523694695797,80.8514763053042,10.0,1.46875,4.82361084436517,0.0490226670856031,0.911170954051446,13.3005659307398,1.05782614305082,0.908325595769464,1.57281132123943,0.716834854773051,14.8639684731324,5.54278900306171,2.94434252329071,84,1.0,25.723116178055413,1.0,1.0,1.0,0.0,0.0,0.0,0.0,0.0,28.0,16.377171215880892,
6577,0.0,0.0,censor,7.581108829568788,-3.125784268628294,79.8742157313717,13.0,1.28333333333333,5.78175405789993,0.101890415918541,0.874669961609004,12.4572454263793,0.980254328931689,0.764051329537576,1.74775224861366,1.08399905239665,9.19844250793812,5.62536759031442,3.88107245827932,83,1.0,25.372354282773493,1.0,0.0,0.0,0.0,1.0,0.0,0.0,0.0,30.0,17.92207792207792,
6589,0.0,1.0,dementia,4.030116358658453,-9.760701425615807,72.2392985743842,23.5,1.97916666666667,6.28683408755672,0.0634041032463183,0.672596424931315,19.9703375112776,0.719693953963775,0.601843016845236,3.15564246990013,1.98604788879475,15.2775588864747,6.49380994009455,4.50753718673289,82,1.0,23.31863185226528,1.0,0.0,1.0,0.0,1.0,0.0,0.0,0.0,30.0,9.17098445595855,
6602,0.0,0.0,censor,6.3436002737850785,0.6365680872539059,83.6365680872539,19.0,1.58,3.62184095923772,0.0894202641353264,0.801307715762908,13.2176076284831,0.930946124999895,0.793186420429399,2.18277872483906,1.23344294792144,10.740357301837,4.34100931296901,2.93748575572491,83,1.0,27.639601799389624,1.0,0.0,0.0,0.0,1.0,0.0,0.0,0.0,29.0,5.288753799392097,
6604,1.0,0.0,dementia,0.0,-3.337696477900806,82.6623035220992,14.5,1.71428571428571,4.95605864968213,0.0547649068319585,0.700664126414975,20.7293322403212,0.768377265000725,0.660991260195806,1.90984834517315,0.673330252731186,11.2928841901257,2.70221804942805,2.56039349648467,86,0.0,32.98850314546583,1.0,0.0,1.0,0.0,0.0,1.0,0.0,0.0,25.0,15.147540983606557,0.0
6613,0.0,1.0,dementia,4.922655715263518,7.006787894442297,88.0067878944423,17.5,1.43333333333333,2.53256798176684,0.103007911275801,0.677020421077844,15.6419816984856,0.757885432418598,0.648049761710714,1.46450171960164,0.878358780305298,13.7354935411812,2.75309040312877,1.90873441951523,81,1.0,33.848595886037906,1.0,0.0,0.0,0.0,0.0,0.0,0.0,1.0,28.0,24.360902255639097,0.0
6670,0.0,0.0,censor,7.490759753593429,0.2722080243132012,79.2722080243132,16.0,1.41176470588235,3.15832355947336,0.0685335954366814,0.705052259169768,17.2646707517528,0.753569612212701,0.677789593321992,1.86994591266384,1.19441453894679,9.55493573078773,4.72223000629279,3.59774256115458,79,1.0,24.16974455546292,1.0,1.0,1.0,0.0,1.0,0.0,0.0,0.0,28.0,10.239520958083832,0.0
6703,0.0,0.0,censor,6.628336755646817,-12.9125227411083,69.0874772588917,26.5,2.37254901960784,7.42357826082292,0.0281837147214076,1.3043673959297,14.9870292586848,1.33511561944476,1.20442942819625,2.2225863376191,0.896924304858511,12.7454658015261,7.62591436321298,8.11397111493867,82,0.0,27.459097547090416,1.0,1.0,1.0,0.0,0.0,0.0,0.0,0.0,30.0,8.484848484848484,0.0
6740,0.0,0.0,censor,7.345653661875428,-23.9391561987405,58.0608438012595,23.0,2.77777777777778,7.45718469081177,0.0172765853078426,1.09741709238201,18.9882384712066,1.15924973017706,0.987293027164255,2.83743383529853,2.75936237521203,12.6877811309968,10.8767319992959,16.519380205338,82,1.0,29.100221161680835,1.0,0.0,0.0,0.0,1.0,0.0,1.0,0.0,27.0,2.896551724137931,0.0
6816,0.0,1.0,dementia,4.862422997946612,-0.07622252343520586,85.9237774765648,36.5,2.91044776119403,7.36226541812438,0.0595887161301769,0.593528438682241,9.63669846740651,0.630154851442208,0.512499383292182,1.07881526825247,0.873706346072096,14.6908324198096,1.87026262189431,1.40488910112094,86,1.0,38.0230988212945,1.0,0.0,0.0,0.0,1.0,0.0,0.0,0.0,28.0,17.65714285714286,1.0
6840,0.0,0.0,censor,6.1711156741957565,-1.882546490496495,84.1174535095035,14.5,0.96969696969697,4.1686045812465,0.0711354083344635,0.684721658376082,14.2558179782472,0.73334866808423,0.653167549815303,2.08225194771475,0.801934384923232,10.9131405872966,5.3819561240385,5.47112826271905,86,1.0,19.80639251318363,1.0,0.0,0.0,0.0,1.0,0.0,0.0,0.0,29.0,11.586206896551724,
6881,0.0,0.0,censor,6.053388090349076,-6.962837159306005,77.037162840694,16.5,0.972222222222222,7.13226292765249,0.0322768652592815,0.660660516825405,13.042651677523,0.685982023420673,0.610231364586235,1.88660175850011,1.63220571783678,11.0267574062128,4.9416064464014,4.66362776575948,84,1.0,21.80649327492566,1.0,0.0,0.0,0.0,1.0,0.0,1.0,0.0,29.0,6.380090497737557,
6940,0.0,0.0,censor,7.471594798083505,0.256480356309396,81.2564803563094,18.5,1.76119402985075,3.42618375992533,0.091407021453881,1.18758043691024,14.4012019533679,1.27670750196505,1.04472135703564,2.09067502580771,1.17952358112219,10.4291490265773,3.96802581250976,4.53465840417919,81,1.0,27.412089862922148,1.0,0.0,0.0,0.0,1.0,0.0,0.0,0.0,27.0,6.58753709198813,
7035,0.0,0.0,death,4.832306639288158,-2.625089056441993,79.374910943558,7.5,1.35,3.73286027942916,0.0832301005619346,1.31148249398763,12.774580194355,1.75221398568646,1.09222692633156,1.5138448791139,0.58270698095571,11.0266144250324,5.48082474093843,6.11937256016189,82,1.0,21.02322048611111,1.0,1.0,0.0,0.0,1.0,0.0,0.0,0.0,29.0,39.917355371900825,
7213,0.0,0.0,censor,7.359342915811088,-5.865879406152203,74.1341205938478,13.0,1.06896551724138,4.90375782958727,0.0554911750644668,0.843950278525756,13.7812677190246,0.89968770620043,0.802545281814554,1.8605119655286,1.43954461561181,13.0304363480049,7.9899841759219,5.80564071322256,80,1.0,31.468523609259837,1.0,0.0,0.0,1.0,0.0,0.0,1.0,0.0,27.0,21.41592920353982,0.0
7412,0.0,0.0,death,4.32580424366872,-10.6444375977445,69.3555624022555,6.5,0.894736842105263,8.54964711470274,0.0935885950975633,0.933171298476881,18.4002608355443,0.974989011098638,0.816233819076372,2.44090050381311,2.20406019720916,7.19075814521672,5.45988671048202,3.13209751721241,80,1.0,20.612879128707167,1.0,0.0,0.0,0.0,1.0,0.0,1.0,0.0,29.0,5.013054830287206,
7427,0.0,1.0,dementia,3.8521560574948666,4.820771873760805,88.8207718737608,15.5,1.56923076923077,4.45390444536721,0.0608688809193055,0.834135702646197,11.2435928657198,0.881048923996655,0.775064332932055,1.06669230635844,0.689039174269776,16.885717227539,2.08798549338126,1.72474880739654,84,1.0,18.6055389653934,1.0,0.0,0.0,0.0,1.0,0.0,1.0,0.0,29.0,1.6624685138539044,
7444,0.0,1.0,dementia,4.314852840520191,4.743099946497594,87.7430999464976,8.0,0.862745098039216,3.1077213464786,0.102131100158213,0.706977760943522,9.65636804173989,0.801060371404964,0.648603261164968,1.1602880081193,0.862641116712112,6.57664309775691,3.96392142577287,1.79467653743621,83,1.0,33.612605975851864,1.0,0.0,1.0,0.0,0.0,0.0,0.0,0.0,29.0,10.661157024793388,
7463,0.0,1.0,dementia,3.893223819301848,-5.951556930178697,76.0484430698213,12.0,2.73076923076923,3.074918451422,0.0622524996991601,0.757379686134127,21.6365812473727,0.823872818354307,0.705613198320695,1.70094818569232,1.75311274555463,17.2372379776716,6.13688578340102,4.99697535473551,82,1.0,29.261928518104565,1.0,0.0,1.0,0.0,0.0,0.0,0.0,0.0,27.0,6.206896551724138,0.0
7499,0.0,0.0,censor,7.928815879534565,0.9729253198897965,79.9729253198898,6.5,1.91304347826087,6.81530382026715,0.0585223312751034,0.839221609008195,13.470536928008,0.878183245298983,0.774832097464213,1.10484006036845,0.466713538825554,10.1815769503379,2.53806867986241,2.53771082342559,79,1.0,33.57676487870394,1.0,0.0,0.0,0.0,0.0,0.0,0.0,0.0,30.0,6.25,0.0
7538,0.0,1.0,dementia,4.407939767282683,-8.815662701982106,73.1843372980179,30.0,2.41791044776119,5.78241385434788,0.036419652515057,1.07495921110339,19.8418333564168,1.12714758088869,0.971351695441746,2.11530028612743,1.4053407521034,22.5283280433714,6.1766202066791,3.35497964261374,82,0.0,33.02270546877446,1.0,0.0,0.0,0.0,1.0,0.0,0.0,0.0,28.0,0.15873015873015872,0.0
7576,0.0,0.0,censor,7.060917180013689,-0.8411809756023985,79.1588190243976,8.0,1.25806451612903,2.18303084155915,0.0395963152257541,1.19039913071851,21.4123888960918,1.21632159820004,1.11134528742854,1.49075824031774,0.301477575927678,6.47903728813617,3.32731468108416,2.95328680721542,80,1.0,33.15606788775401,1.0,0.0,1.0,0.0,1.0,1.0,0.0,0.0,29.0,5.737704918032787,0.0
7623,0.0,0.0,death,7.433264887063655,-3.450288635781405,81.5497113642186,37.0,2.3625,4.39415589972309,0.075392392140949,0.484083670010627,16.8189381810278,0.506415562457001,0.455191367288981,1.74890432757382,1.54029522039543,12.335320890369,4.74071321171575,4.6855449459682,85,1.0,28.83987314955653,1.0,0.0,0.0,0.0,1.0,0.0,0.0,0.0,,11.82089552238806,
7635,0.0,0.0,censor,6.209445585215605,-8.5420566766133,70.4579433233867,12.0,2.53846153846154,4.59542376004802,0.11010425273301,0.882166861550624,16.7957675974976,0.975805258962245,0.846060393138381,2.00776133637655,1.03750848858837,12.8934974885036,10.6811605636432,4.50369582410836,79,0.0,25.295444905269107,1.0,0.0,1.0,0.0,1.0,0.0,0.0,0.0,29.0,4.363636363636363,
7701,0.0,0.0,censor,6.872005475701574,-4.651188018942705,76.3488119810573,44.5,3.27868852459016,5.75722860461766,0.0372607216649448,0.870640196098152,11.4128277900053,0.920541070401906,0.824473708989851,1.14353053301417,0.695324943700554,17.6347245638594,6.76154163575815,6.02431766445691,81,1.0,26.846358291497754,1.0,0.0,1.0,0.0,1.0,0.0,0.0,1.0,28.0,10.446428571428571,0.0
7728,0.0,1.0,dementia,4.172484599589322,-7.657640997804407,75.3423590021956,17.0,1.3,6.35435608712366,0.052700281208181,0.517170265842735,21.2421051393065,0.534011457141441,0.498426409783956,1.70156722869857,0.880845232939462,10.2424477338857,5.69890861857544,4.34520886459114,83,1.0,20.16992301848477,1.0,0.0,1.0,0.0,0.0,1.0,0.0,0.0,30.0,0.6666666666666666,
7737,0.0,0.0,censor,7.682409308692677,-7.668869570408305,73.3311304295917,49.0,3.03448275862069,6.11533755807453,0.0506349525330375,1.14248530772179,11.3028474690896,1.19751912109405,1.07232706798979,1.5975892968754,1.06164856519208,17.2491651777977,7.87954089518154,8.2509536367629,81,1.0,21.077091488763568,1.0,0.0,1.0,0.0,1.0,0.0,0.0,0.0,30.0,21.15702479338843,
7741,0.0,0.0,censor,6.74880219028063,-0.4910645155559052,85.5089354844441,9.5,1.16666666666667,3.46298771853176,0.106420043453657,0.705818890826204,14.7849889168083,0.766946122381373,0.67135237324649,2.00858013751723,1.75634696108962,9.51111264949958,4.01508233477151,2.672177260503,86,1.0,23.837405979113193,1.0,0.0,0.0,0.0,1.0,0.0,0.0,0.0,28.0,22.005277044854882,1.0
7757,0.0,1.0,dementia,5.300479123887748,12.116599218434,100.116599218434,1.0,1.0,0.847183422017716,0.100225447815603,,4.04325575889967,,,0.709865546273991,,10.6401131435459,2.25815180760401,,88,1.0,29.65328754574523,1.0,0.0,0.0,0.0,1.0,0.0,1.0,0.0,27.0,30.089020771513354,0.0
7830,0.0,0.0,censor,7.600273785078714,-7.794022902267102,72.2059770977329,36.5,1.04273504273504,7.78329828472152,0.0401714715870022,0.706241883531582,22.0977897268802,0.731580747963466,0.649356511437192,3.83242922016428,2.86971671200587,11.4744909597694,4.44375096765576,6.23687063777469,80,1.0,23.264246397449657,1.0,0.0,1.0,0.0,1.0,0.0,1.0,0.0,28.0,54.41489361702128,
7836,0.0,0.0,censor,7.567419575633128,-3.866753155015104,76.1332468449849,27.0,3.17142857142857,4.36541549204085,0.0355021195951565,1.1363986558122,14.2515502462445,1.17592776479973,1.04181964625858,1.08146935763916,0.695199888381462,18.8252219836354,6.29035106117377,4.81991920384382,80,1.0,30.93713745542044,1.0,0.0,1.0,0.0,0.0,0.0,0.0,0.0,29.0,6.111111111111111,0.0
7853,0.0,0.0,censor,7.12662559890486,-7.393308461025399,76.6066915389746,9.0,1.38181818181818,4.6711633427252,0.0593542882117472,1.00833133631094,18.6962864041959,1.08132956988582,0.927870150405901,2.85414879710294,1.55452426481907,12.4320281557591,5.53589901673496,6.02398516454246,84,0.0,26.773750934061695,1.0,0.0,0.0,0.0,0.0,0.0,0.0,0.0,30.0,1.4354066985645932,0.0
7856,0.0,1.0,dementia,5.152635181382615,-9.443500233991799,71.5564997660082,29.0,1.71428571428571,5.69398742457983,0.0581238518068177,1.26076435713599,15.8039631656632,1.40369441031182,1.09877496189869,1.97935714178099,1.24991281999717,12.8536722655013,7.12259157273782,4.76705247484523,81,1.0,23.890390080467082,1.0,0.0,0.0,0.0,1.0,0.0,0.0,0.0,28.0,10.632911392405063,
7865,0.0,1.0,dementia,4.824093086926762,-5.232322628715494,77.7676773712845,19.5,1.60606060606061,5.29198477744476,0.0668517899370106,0.710764393056389,12.7415241686953,0.766310193431532,0.688710489549011,1.84252468826335,1.71651116113317,11.6498179709122,6.4204852168123,6.94717196187313,83,1.0,19.617860054170382,1.0,0.0,1.0,0.0,0.0,0.0,0.0,0.0,30.0,23.820224719101123,1.0
7877,0.0,1.0,dementia,5.7878165639972625,8.068290944646193,87.0682909446462,24.0,1.75714285714286,4.82535788002039,0.148042615828544,0.401891667488104,13.8479430021108,0.422739671519641,0.378313812891155,1.47850373314037,0.970506856155951,12.8530897598153,3.19539117174157,2.59139424141244,79,1.0,27.513249892946373,1.0,0.0,0.0,0.0,0.0,0.0,0.0,0.0,29.0,15.333333333333334,0.0
7884,0.0,1.0,dementia,4.632443531827516,-24.6857401312185,58.3142598687815,12.0,1.02702702702703,5.27325954210842,0.0238106749024492,1.20106461860573,19.4368487382198,1.26351776385978,1.074480772475,4.34145552363824,2.66882361935339,17.6169425479455,14.8231596876595,9.24323337635414,83,1.0,27.33073401839671,1.0,0.0,1.0,0.0,0.0,0.0,0.0,0.0,30.0,9.495412844036696,
8026,0.0,1.0,dementia,4.569472963723477,-2.9296943659607,77.0703056340393,6.0,1.55,5.21692291226097,0.080731914877673,0.922181618601295,22.6487926556733,0.987226621771841,0.777192296923236,3.25813728006503,3.22161832643091,19.1066556769822,4.65824114794697,4.68956755867067,80,1.0,30.529427573233008,1.0,0.0,1.0,1.0,1.0,0.0,0.0,0.0,30.0,9.446064139941692,
8055,0.0,1.0,dementia,3.8494182067077345,3.854107122470694,83.8541071224707,37.5,2.30263157894737,4.0567407262282,0.0888213864044122,0.556340096028709,9.90743385515931,0.591277539660656,0.510876602420846,1.72137205170315,1.46337238907107,14.289192816239,4.52421985878019,5.5664756331343,80,1.0,24.54971270326743,1.0,0.0,0.0,0.0,1.0,0.0,0.0,0.0,28.0,5.350318471337579,1.0
8113,0.0,1.0,dementia,3.756331279945243,-9.784688391362195,81.2153116086378,29.5,1.84810126582278,5.92401381831895,0.0493119913984949,0.772056497494924,16.4529134402374,0.863291186909083,0.688284272967147,2.07093749239902,5.26698617476094,10.4755130131017,5.19824581744029,13.2990966013175,91,1.0,21.17110158592489,1.0,0.0,0.0,0.0,0.0,0.0,0.0,0.0,,43.16831683168317,0.0
8138,0.0,0.0,censor,7.110198494182067,-1.725590152969502,79.2744098470305,10.0,0.784313725490196,4.63516851777192,0.0472938709519702,0.669515180685363,16.1492616793002,0.710107092778832,0.634852193801856,1.84356207149028,0.896093582666078,9.66610034998996,4.89041497994117,5.05745288796545,81,1.0,31.436476785696517,1.0,0.0,0.0,0.0,1.0,0.0,0.0,0.0,27.0,3.5207823960880194,0.0
8140,0.0,0.0,death,6.392881587953457,-9.125459565354205,73.8745404346458,13.5,0.944444444444444,15.0208871493407,0.0862977032655788,0.725758663724556,20.8110765177874,0.750318433324862,0.672136840106639,2.38469321486,1.64360610355798,10.6542230206757,7.33241197412506,6.0371812970261,83,1.0,26.763043090609077,1.0,0.0,0.0,0.0,1.0,1.0,0.0,0.0,30.0,10.071942446043165,0.0
8158,0.0,0.0,censor,7.359342915811088,-16.5814570094245,65.4185429905755,20.5,1.82926829268293,8.12183524740604,0.0568348037291891,0.881372061386541,19.431969242831,0.933035802805091,0.809190128179682,3.17314078885734,1.73981982637803,15.9993489022397,9.68659941412527,5.77756883704158,82,1.0,25.280833949704135,1.0,0.0,1.0,0.0,0.0,0.0,0.0,0.0,28.0,1.1290322580645162,1.0
8312,0.0,0.0,censor,6.349075975359343,-2.386428120118595,79.6135718798814,5.0,1.21212121212121,5.7459872159017,0.044660856711858,1.05073979471179,9.79533160187033,1.1050505154105,0.91346553953729,0.924961074425566,0.992902022822784,11.2695203821925,4.66720394411928,4.02479550623135,82,1.0,28.987044955384142,1.0,0.0,1.0,0.0,0.0,0.0,0.0,0.0,29.0,7.86096256684492,0.0
8313,0.0,0.0,censor,6.8172484599589325,-13.8084410107811,74.1915589892189,18.5,2.0,5.23047244279737,0.0327478408267304,1.19215195970089,18.1083105091149,1.25711881434541,1.07263792476295,2.34750974005726,2.0916965523871,22.1550286587715,7.67144121346953,8.56829676943007,88,1.0,37.63146401622187,1.0,0.0,0.0,1.0,1.0,0.0,0.0,0.0,29.0,0.46875,
8365,0.0,1.0,dementia,3.6577686516084875,-19.9804211814329,60.0195788185671,4.5,2.28571428571429,10.964619840792,0.0492319325730337,1.138395952303,21.6451006857046,1.23270630746874,1.07370559485764,5.60905764807908,4.10830395850359,15.2955369948907,8.66204327406435,3.91842021162444,80,1.0,27.562690433247067,1.0,0.0,0.0,0.0,0.0,1.0,0.0,0.0,29.0,1.5483870967741935,
8415,0.0,0.0,censor,6.5927446954141,-12.1851851871,69.8148148129,18.5,1.58139534883721,7.41075831978038,0.0701432780654818,0.950163816761713,18.458671763862,1.03732265157503,0.863683581799791,3.79236964237029,2.00768471167982,14.0307761169531,7.11898427214643,6.01849205879921,82,1.0,32.76502646011267,1.0,1.0,0.0,0.0,1.0,0.0,0.0,0.0,28.0,26.131805157593124,
8435,1.0,0.0,dementia,-0.9637234770704997,3.441238921572506,86.4412389215725,14.0,1.25925925925926,4.1815140158044,0.063880410239552,0.547787110479695,10.0267581663892,0.574818367305742,0.52523193299039,0.902269567379192,0.649805609933548,9.04252629696324,3.98642043135703,6.21993699633765,83,1.0,33.45355623109874,1.0,0.0,1.0,1.0,1.0,1.0,0.0,0.0,27.0,9.287469287469287,0.0
8437,0.0,0.0,censor,6.614647501711157,-13.3914565263505,66.6085434736495,20.5,1.35849056603774,10.1777734178112,0.0512729966806013,1.27656176105633,17.2751000634894,1.36974556002172,1.07966663779601,3.08711914190758,2.17850476803674,13.2268156708171,4.61741860910914,4.53753959176611,80,1.0,27.114734516268545,1.0,0.0,0.0,0.0,0.0,0.0,0.0,0.0,29.0,27.36263736263736,0.0
8455,0.0,0.0,censor,6.620123203285421,-4.700211187950799,80.2997888120492,29.0,1.40506329113924,5.17784179815133,0.0696707716101655,0.95584200997915,16.131510588621,1.02296192632198,0.884749463707606,3.10610134388954,1.40124810069189,13.1205669122301,4.4592055789149,4.49162420169989,85,1.0,23.06819320051399,1.0,1.0,1.0,0.0,0.0,0.0,0.0,0.0,30.0,22.554744525547445,
8480,0.0,0.0,censor,6.633812457221081,-3.341853770865896,81.6581462291341,15.0,2.43243243243243,5.9097809492227,0.0528433181031835,0.532989036489181,11.6185569330503,0.560915071038767,0.49597986817076,0.935374036331448,1.13532559750153,9.68119928707875,4.31136622644232,5.01297754174114,85,1.0,21.97800135517107,1.0,0.0,1.0,0.0,1.0,0.0,0.0,0.0,30.0,8.852459016393443,
8486,0.0,0.0,censor,7.197809719370294,-2.487120048345105,81.5128799516549,33.0,2.18181818181818,5.21390148913156,0.0684015229814719,0.58342315130448,16.0421762994658,0.611241968278422,0.546399659351238,1.5098351309299,1.64913541677257,11.0997713907447,3.13161334120509,3.61186826045224,84,1.0,26.22362618043693,1.0,1.0,0.0,0.0,1.0,0.0,0.0,0.0,26.0,13.457943925233645,0.0
8515,0.0,1.0,dementia,4.944558521560575,-7.291917124890801,75.7080828751092,7.0,1.42424242424242,6.82697484536971,0.100633795483216,0.55417239190722,18.1454058214037,0.597806681586702,0.51269632536223,1.65838290320141,1.2118413906957,11.9665283184765,7.02610568993346,1.71130714931331,83,1.0,20.291340937246357,1.0,1.0,1.0,0.0,1.0,0.0,0.0,0.0,30.0,16.304347826086957,0.0
8526,0.0,0.0,censor,6.995208761122519,-9.371392995794494,73.6286070042055,21.0,1.84090909090909,7.85517533073529,0.0657336220123269,0.974900537328492,12.1385344317992,1.01367599660419,0.89884005416903,1.35911472364504,0.722903468838859,10.832340873684,7.62265121999548,5.09793588261917,83,0.0,31.084762057362596,1.0,1.0,0.0,0.0,1.0,0.0,0.0,0.0,27.0,7.524752475247524,0.0
8569,0.0,1.0,dementia,4.219028062970568,0.9296730758643008,82.9296730758643,5.5,1.5,5.89833432659388,0.0736744551840022,0.617996588194572,12.6948071429944,0.646932816549911,0.542400812569119,1.41702481472875,0.846885306326978,11.5953833973972,3.62650066617703,2.68643526153659,82,1.0,21.642732998063718,1.0,1.0,0.0,0.0,1.0,1.0,0.0,0.0,29.0,8.195876288659793,
8600,0.0,0.0,censor,6.299794661190965,-1.668234125503503,80.3317658744965,10.0,0.60377358490566,3.90126832203184,0.0713727788920984,0.659301604149078,15.2983950505872,0.705887017155118,0.61314900582078,2.23373065246258,1.1052855034947,9.29855038460448,5.87254261373173,4.23424343544773,82,1.0,35.67471673864427,1.0,0.0,1.0,0.0,0.0,0.0,0.0,0.0,30.0,6.45476772616137,
8733,0.0,0.0,censor,7.553730321697468,-1.758547441489299,78.2414525585107,27.0,2.24285714285714,7.49060770701567,0.0391577707191818,0.768691363130289,9.46695671270555,0.817072827200801,0.715994209004187,1.33019278130767,0.617863046992083,25.5428499483919,6.76079096278427,5.91543964214027,80,1.0,30.824903439488764,1.0,0.0,1.0,0.0,1.0,0.0,0.0,0.0,26.0,9.109947643979057,
8743,0.0,0.0,censor,7.564681724845996,-3.909577173925797,76.0904228260742,33.5,2.26388888888889,6.29909564330952,0.0749129561488783,0.716240760764068,19.9153170954161,0.784721330364615,0.682917486643237,2.18489048409557,1.57607610809188,11.8984211246578,3.19440712695862,3.41094282246888,80,1.0,33.801821144383055,1.0,1.0,0.0,0.0,0.0,1.0,0.0,0.0,30.0,7.741935483870968,0.0
8751,0.0,1.0,dementia,3.9397672826830936,-15.47018469948731,77.5298153005127,17.5,1.36065573770492,4.6158699510074,0.0601606791485512,0.641992636163098,19.8268826784597,0.691191578012206,0.589068245766157,2.3469152686091,1.74629104293337,10.7899129418387,8.65398731358648,11.1964469646687,93,1.0,20.55424306692797,1.0,0.0,0.0,0.0,1.0,0.0,0.0,0.0,28.0,6.954545454545454,1.0
8753,0.0,0.0,censor,6.992470910335387,-5.937320841135005,83.062679158865,5.5,1.0,5.2355325743475,0.0470662976281559,0.601393592040347,14.7253109400489,0.625146283544653,0.561545353090266,2.06493268466589,1.12709668234548,10.8678609844556,5.04951825537291,3.58878194745181,89,1.0,26.13922331207641,1.0,0.0,0.0,0.0,1.0,0.0,0.0,0.0,,13.846153846153847,
8759,0.0,1.0,dementia,4.922655715263518,-2.995532895976595,83.0044671040234,21.0,1.3,4.57644247718305,0.105564456941362,0.598802385085512,18.2094023061495,0.634664062286184,0.56620850361633,1.92474799632508,1.7233384627529,6.91846444551332,3.60613877857256,4.49524776548619,86,1.0,27.218280943514543,1.0,1.0,0.0,0.0,1.0,0.0,0.0,0.0,30.0,19.45945945945946,0.0
8806,0.0,1.0,dementia,5.002053388090349,-0.4211195595522952,88.5788804404477,9.0,1.61290322580645,4.39577827189266,0.127113199515896,0.689380568180928,13.2507900907814,0.743642009311806,0.648865614514709,1.26635619881158,1.2846740162182,17.6126964189199,5.43307130168833,4.18985850279838,89,0.0,33.514758765675126,1.0,1.0,1.0,0.0,1.0,0.0,0.0,0.0,29.0,17.8125,0.0
8897,0.0,0.0,censor,7.436002737850787,-12.3560628007731,67.6439371992269,7.0,1.2,8.03242382189361,0.0455321500933068,0.965660606422052,21.5887985665367,1.00258412893368,0.887495933277693,4.33307145456174,0.71948095677328,20.1999316849596,9.04543307834848,8.07979312762262,80,1.0,29.753098528719537,1.0,0.0,0.0,0.0,1.0,1.0,0.0,0.0,29.0,16.829268292682926,
8912,0.0,0.0,censor,7.5893223819301845,-5.389220990197003,74.610779009803,30.5,2.71428571428571,5.19290098975895,0.0411825482368028,1.00783774407026,13.7989546466686,1.04953444778887,0.917322555792087,2.43983924951695,1.78724322580106,22.2223338664978,6.55479547590762,5.62095027564444,80,0.0,32.22018040404831,1.0,0.0,0.0,0.0,1.0,0.0,0.0,0.0,28.0,17.549407114624508,
8974,0.0,0.0,censor,7.460643394934976,-3.660438887854099,81.3395611121459,25.0,2.08620689655172,3.95556219107776,0.0503328493383698,0.629424875477821,15.7899043364064,0.656743625226843,0.598688113928777,1.4736428819442,1.0456699754335,13.1107859618683,5.5382802603658,6.53513673877476,85,1.0,32.913745580938084,1.0,1.0,0.0,0.0,0.0,0.0,0.0,0.0,27.0,9.620991253644315,0.0
9018,1.0,0.0,dementia,-0.038329911019849415,-5.180026359174704,75.8199736408253,41.0,2.83636363636364,4.14004214353673,0.0472810337755884,1.0728601945607,14.9437515460626,1.13973622481016,0.973065588901581,2.19389217338671,1.45857162866622,22.023250545544,7.03403144039204,7.84878368670639,81,1.0,27.44728909583786,1.0,0.0,0.0,0.0,0.0,0.0,0.0,1.0,24.0,14.911242603550296,1.0
9036,0.0,1.0,dementia,4.402464065708419,-10.8282961514726,70.1717038485274,34.0,1.64935064935065,6.98330026803011,0.051655295056401,0.778933693593194,20.4017190391345,0.819208792646265,0.730946376099142,3.04985145113348,1.46740247648815,11.6691963867457,6.73191520993418,8.49096762431882,81,1.0,25.275940236489575,1.0,0.0,1.0,0.0,1.0,0.0,0.0,0.0,30.0,20.53475935828877,
9079,0.0,1.0,dementia,4.1971252566735116,-3.149002080322902,85.8509979196771,15.0,2.06521739130435,3.30532186463844,0.0914669903664336,0.756391957634139,14.1319661409246,0.804182198361403,0.701553046793338,1.72148065309464,1.47305610983698,11.7619569090463,4.98746518970998,4.87986307315075,89,1.0,24.46460160337235,1.0,0.0,0.0,0.0,0.0,0.0,0.0,0.0,29.0,2.756183745583039,0.0
9095,0.0,1.0,dementia,3.8822724161533197,-1.838164530412101,82.1618354695879,9.0,1.13888888888889,5.069858813534,0.0475430742342607,0.598508042629256,13.4537385454516,0.617438748748857,0.564630711328848,1.16962422701457,0.914457155271964,7.0508119035781,4.24762512657232,8.62596303561316,84,0.0,34.5343285615205,1.0,1.0,0.0,0.0,1.0,0.0,0.0,0.0,29.0,7.3076923076923075,
9131,0.0,0.0,censor,6.809034907597536,-9.329639938013898,78.6703600619861,1.5,2.0,4.97278009518961,0.0634738412377799,0.525828114255563,16.854125865646,0.541437596564246,0.502041761301554,3.31341365190927,0.813846785672726,25.2215664172694,8.00202395142325,6.11678928475954,88,0.0,26.922127745496155,1.0,1.0,1.0,0.0,1.0,1.0,1.0,1.0,27.0,18.166666666666668,0.0
9143,0.0,0.0,censor,7.416837782340862,-6.211839782165498,75.7881602178345,23.5,1.32857142857143,7.63916762785379,0.0671551621974188,0.893229758230218,18.1548522398915,1.00299342633976,0.765854221661339,3.07790069723257,3.04859613442744,12.1368835509547,3.88812938084661,3.52501222088037,82,1.0,27.213113761911483,1.0,0.0,1.0,0.0,1.0,1.0,1.0,1.0,28.0,5.209580838323354,0.0
9360,0.0,1.0,dementia,4.520191649555099,-5.892003229416403,82.1079967705836,10.0,1.83333333333333,6.20605633449322,0.0629570082970675,0.744139003921029,15.9413702607654,0.779963818159027,0.689009720787166,2.02691179237921,0.707895733897836,15.9017793597594,5.37742047891116,5.87261619080918,88,1.0,21.289899850393446,1.0,0.0,1.0,0.0,1.0,0.0,0.0,0.0,28.0,19.137931034482758,
9430,0.0,0.0,censor,7.572895277207392,-2.915028576460898,77.0849714235391,27.0,1.28125,3.89846204331667,0.0619312792045817,0.626325513960656,17.6404595568527,0.661940112471906,0.588468190045441,2.78607408954062,1.87472470878901,10.5149155984073,5.219681194542,7.24760668914795,80,1.0,28.880332036071042,1.0,0.0,0.0,0.0,1.0,0.0,0.0,0.0,29.0,12.085308056872037,0.0
9451,0.0,1.0,dementia,4.941820670773443,-1.354047295730695,83.6459527042693,15.0,1.19607843137255,3.7550246475018,0.0711722049693562,0.869930907685396,14.9035167257791,0.959634869812601,0.824184869517443,1.80358047689992,1.64096609209945,11.7840271680287,3.54074326769415,3.24249290478631,85,1.0,23.176042798144774,1.0,0.0,0.0,0.0,1.0,0.0,0.0,0.0,29.0,16.3125,
9539,0.0,0.0,censor,7.052703627652293,2.7939129408892,82.7939129408892,19.5,1.25,3.45979952428241,0.0543163751395363,0.481249910968712,14.2399119866557,0.500376477339532,0.430006457729758,1.3862428452749,1.30391484162873,6.15946575891319,2.7789267316378,2.55573108991394,80,1.0,19.43301326017375,1.0,1.0,0.0,0.0,1.0,0.0,1.0,1.0,26.0,0.9523809523809523,0.0
9555,0.0,0.0,censor,5.968514715947981,-9.329410650608494,74.6705893493915,30.0,1.61538461538462,4.48939886647883,0.0468835662387232,0.547519980049647,15.3199955203801,0.579170150443434,0.512157128827633,2.92899320719139,1.69061923797363,9.03192080230157,7.92425114864897,4.34230488080013,84,1.0,31.340319459250438,1.0,0.0,0.0,1.0,1.0,0.0,0.0,0.0,30.0,54.640198511166254,
9614,0.0,0.0,censor,7.57015742642026,-4.936647735707894,78.0633522642921,8.0,1.25581395348837,4.50495724709824,0.0419976219786787,0.465075974825895,18.1174088979579,0.491408338270445,0.434121925256638,2.91112284526556,1.74660796872346,10.6160444250834,5.09970329555098,8.14100463637182,83,1.0,27.833191642186367,1.0,0.0,0.0,0.0,1.0,0.0,0.0,0.0,29.0,13.558441558441558,0.0
9616,0.0,0.0,censor,6.899383983572895,-2.325047934774105,77.6749520652259,17.5,2.28947368421053,5.25556081916891,0.063075795756625,1.08838523518013,9.93811757550613,1.16310325454487,1.0324893018969,1.22308979813804,0.936213777272719,19.9523540910783,7.33212796984845,6.44332186477578,80,1.0,29.24894936444386,1.0,0.0,0.0,0.0,1.0,0.0,0.0,0.0,27.0,14.933333333333334,0.0
9627,0.0,1.0,dementia,5.722108145106092,1.037033584590503,83.0370335845905,11.5,1.88888888888889,4.27944507881755,0.0340657929405468,0.49258654672034,15.7233849139383,0.511872072750716,0.476626441024203,1.37483349312279,0.70730784796686,21.5355213268322,4.9517225537109,4.42746902263459,82,1.0,27.987212642543618,1.0,0.0,0.0,0.0,1.0,1.0,1.0,1.0,30.0,6.069364161849711,0.0
9665,0.0,0.0,censor,7.403148528405202,-2.429140431968307,77.5708595680317,15.5,1.6875,6.14379921830489,0.0533539025857181,0.604026937178256,14.735280528019,0.633894672803169,0.560460175199583,1.62378576024758,1.23759092944217,14.0585065178677,5.05574099188976,6.47085013655405,80,1.0,35.50023199401608,1.0,0.0,0.0,0.0,1.0,0.0,0.0,0.0,27.0,11.023622047244094,
9666,0.0,0.0,censor,6.691307323750856,-3.454065257088004,82.545934742912,22.5,1.01,3.50769593771964,0.0511389314692344,0.554887008515961,13.8271047678684,0.57814455779072,0.520337270667223,1.5411233382534,1.06726662540795,7.21934033705121,5.72267093916625,4.22393776001397,86,0.0,24.227921796797023,1.0,0.0,1.0,0.0,0.0,0.0,0.0,0.0,28.0,5.538461538461538,0.0
