ID,event,time2event
4,censor,7.063655030800821
20,censor,6.806297056810404
112,censor,6.90485968514716
134,death,6.718685831622176
234,censor,6.652977412731006
242,death,6.450376454483231
249,dementia,-1.483915126625599
251,censor,6.283367556468172
329,censor,7.041752224503765
352,censor,6.146475017111568
365,censor,6.151950718685832
393,dementia,4.002737850787132
419,censor,7.014373716632443
443,censor,6.655715263518139
445,dementia,5.021218343600274
446,censor,7.5482546201232035
513,dementia,-0.7802874743326489
560,censor,7.671457905544147
588,dementia,3.693360711841205
633,dementia,3.641341546885695
643,censor,7.906913073237509
724,censor,7.389459274469542
743,censor,7.337440109514032
816,censor,6.976043805612594
841,dementia,5.765913757700205
847,censor,6.746064339493498
852,censor,7.017111567419575
893,censor,7.241615331964408
975,censor,6.50239561943874
1110,dementia,4.123203285420945
1188,censor,7.485284052019165
1233,death,5.409993155373032
1234,censor,6.557152635181383
1262,censor,5.946611909650924
1296,dementia,3.9534565366187535
1342,dementia,5.7850787132101305
1362,censor,6.661190965092403
1363,dementia,4.944558521560575
1420,dementia,5.963039014373717
1425,censor,7.600273785078714
1483,censor,6.669404517453799
1512,death,5.314168377823409
1546,dementia,4.191649555099247
1579,dementia,4.284736481861739
1613,censor,6.995208761122519
1682,censor,6.269678302532512
1719,dementia,5.806981519507187
1723,dementia,4.336755646817249
1745,censor,7.945242984257358
1760,dementia,4.960985626283367
1797,censor,7.301848049281314
1879,dementia,4.251882272416153
1960,dementia,5.689253935660506
1986,censor,6.674880219028063
2035,censor,6.872005475701574
2077,dementia,5.500342231348392
2142,dementia,4.7939767282683095
2196,dementia,5.683778234086242
2254,censor,6.3709787816564
2332,dementia,4.216290212183436
2387,dementia,-0.0301163586584531
2419,censor,6.631074606433949
2439,censor,6.614647501711157
2487,censor,7.304585900068446
2527,death,6.119096509240246
2558,censor,6.546201232032854
2562,censor,7.219712525667351
2622,dementia,4.257357973990418
2642,censor,7.321013004791239
2648,dementia,5.147159479808351
2671,dementia,5.990417522245037
2691,censor,7.507186858316222
2700,censor,6.704996577686516
2705,dementia,3.9644079397672822
2711,censor,6.105407255304586
2787,censor,6.683093771389459
2794,censor,6.7734428473648185
2831,censor,6.075290896646133
2932,censor,7.162217659137577
2950,censor,6.863791923340178
2995,censor,7.474332648870637
2998,death,6.340862422997946
3041,censor,7.942505133470226
3048,dementia,5.804243668720055
3094,censor,6.803559206023272
3103,censor,6.7323750855578375
3147,dementia,4.101300479123887
3212,censor,7.57015742642026
3236,dementia,5.727583846680356
3260,censor,6.606433949349761
3310,censor,6.09719370294319
3312,dementia,5.691991786447638
3325,death,7.342915811088296
3333,censor,7.436002737850787
3334,censor,6.464065708418891
3445,censor,7.597535934291581
3613,dementia,5.155373032169747
3640,dementia,4.536618754277892
3649,censor,7.025325119780972
3660,dementia,5.938398357289528
3692,censor,6.713210130047912
3708,dementia,5.535934291581109
3725,censor,6.674880219028063
3774,censor,6.885694729637235
3798,censor,6.680355920602327
3820,dementia,4.407939767282683
3837,censor,6.146475017111568
3840,censor,7.238877481177276
3958,censor,6.617385352498289
4065,censor,6.094455852156058
4083,censor,7.592060232717317
4100,dementia,5.760438056125941
4104,censor,7.014373716632443
4107,dementia,4.010951403148528
4122,dementia,4.227241615331964
4205,censor,7.066392881587953
4212,dementia,4.161533196440794
4300,censor,6.666666666666667
4310,censor,7.559206023271732
4334,censor,7.118412046543464
4344,censor,6.532511978097194
4379,censor,7.342915811088296
4428,dementia,4.536618754277892
4546,censor,7.57015742642026
4557,censor,7.030800821355236
4609,censor,7.236139630390143
4614,censor,6.847364818617385
4744,dementia,4.380561259411362
4772,censor,7.474332648870637
4798,censor,6.179329226557153
4823,dementia,5.1854893908282
4855,dementia,4.057494866529774
4891,censor,6.154688569472964
4905,dementia,5.253935660506502
4932,dementia,5.084188911704312
4944,dementia,5.670088980150582
4959,censor,5.938398357289528
4981,censor,6.420260095824777
4986,censor,7.189596167008898
5080,censor,6.839151266255989
5097,censor,6.376454483230664
5128,censor,6.874743326488707
5219,dementia,5.823408624229979
5240,censor,6.746064339493498
5275,dementia,3.8521560574948666
5318,death,6.184804928131417
5330,dementia,5.089664613278576
5341,dementia,4.005475701574264
5439,dementia,4.4490075290896645
5481,dementia,4.960985626283367
5506,censor,6.392881587953457
5523,dementia,4.963723477070499
5575,dementia,4.136892539356605
5621,censor,7.099247091033539
5673,censor,7.129363449691992
5674,dementia,4.161533196440794
5725,censor,6.5598904859685145
5741,dementia,4.955509924709103
5763,censor,6.69678302532512
5776,censor,7.430527036276523
5779,dementia,-0.0246406570841889
5782,dementia,5.921971252566735
5799,censor,7.304585900068446
5834,censor,6.381930184804928
5890,censor,6.1492128678987
5932,censor,7.129363449691992
5983,censor,7.561943874058864
6008,censor,6.625598904859685
6013,dementia,4.97741273100616
6034,censor,6.721423682409308
6061,censor,6.176591375770021
6090,censor,7.304585900068446
6099,censor,7.488021902806297
6108,censor,6.16290212183436
6130,censor,7.041752224503765
6172,censor,7.5482546201232035
6175,censor,7.627652292950034
6283,dementia,5.5249828884325805
6315,censor,6.9431895961670085
6316,dementia,-0.0109514031485284
6319,censor,6.5160848733744015
6448,censor,7.592060232717317
6542,censor,7.310061601642711
6561,dementia,4.42984257357974
6577,censor,7.581108829568788
6589,dementia,4.030116358658453
6602,censor,6.343600273785079
6604,dementia,0.0
6613,dementia,4.922655715263518
6670,censor,7.490759753593429
6703,censor,6.628336755646817
6740,censor,7.345653661875428
6816,dementia,4.862422997946612
6840,censor,6.1711156741957565
6881,censor,6.053388090349076
6940,censor,7.471594798083505
7035,death,4.832306639288158
7213,censor,7.359342915811088
7412,death,4.32580424366872
7427,dementia,3.8521560574948666
7444,dementia,4.314852840520191
7463,dementia,3.893223819301848
7499,censor,7.928815879534565
7538,dementia,4.407939767282683
7576,censor,7.060917180013689
7623,death,7.433264887063655
7635,censor,6.209445585215605
7701,censor,6.872005475701574
7728,dementia,4.172484599589322
7737,censor,7.682409308692677
7741,censor,6.74880219028063
7757,dementia,5.300479123887748
7830,censor,7.600273785078714
7836,censor,7.567419575633128
7853,censor,7.12662559890486
7856,dementia,5.152635181382615
7865,dementia,4.824093086926762
7877,dementia,5.787816563997263
7884,dementia,4.632443531827516
8026,dementia,4.569472963723477
8055,dementia,3.8494182067077354
8113,dementia,3.756331279945243
8138,censor,7.110198494182067
8140,death,6.392881587953457
8158,censor,7.359342915811088
8312,censor,6.349075975359343
8313,censor,6.8172484599589325
8365,dementia,3.657768651608488
8415,censor,6.5927446954141
8435,dementia,-0.9637234770704995
8437,censor,6.614647501711157
8455,censor,6.620123203285421
8480,censor,6.633812457221081
8486,censor,7.197809719370294
8515,dementia,4.944558521560575
8526,censor,6.995208761122519
8569,dementia,4.219028062970568
8600,censor,6.299794661190965
8733,censor,7.553730321697468
8743,censor,7.564681724845996
8751,dementia,3.9397672826830936
8753,censor,6.992470910335387
8759,dementia,4.922655715263518
8806,dementia,5.002053388090349
8897,censor,7.436002737850787
8912,censor,7.589322381930184
8974,censor,7.460643394934976
9018,dementia,-0.0383299110198494
9036,dementia,4.402464065708419
9079,dementia,4.197125256673512
9095,dementia,3.88227241615332
9131,censor,6.809034907597536
9143,censor,7.416837782340862
9360,dementia,4.520191649555099
9430,censor,7.572895277207392
9451,dementia,4.941820670773443
9539,censor,7.052703627652293
9555,censor,5.968514715947981
9614,censor,7.57015742642026
9616,censor,6.899383983572895
9627,dementia,5.722108145106092
9665,censor,7.403148528405202
9666,censor,6.691307323750856
