"ID","RobustBAI","RobustBA","V8AGE","AA","CLINIC","EDUC","V8BMI","V8SMOK","V8EXER","V8GDS15","V1AVDRWK","V8EHEART","V8ESTRK","V8EHYPER","V8EDIAB","V8BENZO","V8ZOLP","V8SLPMD","V8RDI3P","V8MMSE","V8EALZH","V8DRWK30","APOE4","V9PRMCOG","V8DAYS","V9DAYS"
4,-1.42893157030727,78.5710684296927,80,"0",4,12,26.2033963010178,0,1,0,0.25,0,0,1,1,0,0,0,3.375,26,0,0,0,1,5366,7200
20,-6.46513285874984,78.5348671412502,85,"0",4,12,30.2677367901024,0,0,2,0,0,0,1,0,1,0,0,18.9655172413793,29,0,0,0,1,5396,6961
112,0.162072577920782,82.1620725779208,82,"0",4,12,28.8953295582083,0,0,3,5.13265306122449,0,0,0,0,0,1,1,6.84782608695652,30,0,0.25,0,1,5688,7678
134,-4.10465776047978,78.8953422395202,83,"0",4,12,29.1675217548249,0,0,3,6.51162790697674,0,0,0,0,0,0,0,20.3305785123967,29,0,0,0,1,5473,7295
155,-4.32807236461191,82.6719276353881,87,"0",4,12,33.8600848524932,0,0,7,0,0,0,0,0,1,0,0,13.9354838709677,29,0,0,0,2,5585,7330
234,-9.13621362505758,73.8637863749424,83,"0",4,7,33.7124343397666,0,0,2,0.75,1,0,1,0,1,0,1,9.00562851782364,29,0,0,0,1,5826,7374
242,-13.9966437071938,75.0033562928062,89,"0",1,12,24.4289851738213,0,1,0,1.47,0,1,1,0,1,0,1,2.49056603773585,28,0,0,NA,1,5648,7449
249,0.950617067352553,82.9506170673526,82,"0",1,12,23.8388081977861,0,1,2,1.25,0,0,1,0,1,0,1,16.7664670658683,27,0,0.25,NA,1,5426,7620
251,-1.40066260040916,78.5993373995908,80,"0",1,9,25.5913643179401,0,1,3,5.93044444444444,0,0,0,0,0,0,0,5.18358531317495,29,0,3,NA,1,5635,7632
329,-13.3007037969921,66.6992962030079,80,"0",4,9,30.9414333767361,0,0,2,0.0113636363636364,1,0,0,1,0,0,0,8.35443037974684,27,0,0,1,1,5509,7384
352,-2.73741396595207,78.2625860340479,81,"0",1,19,26.647590891236,0,0,2,0.0102127659574468,1,1,0,0,0,0,0,0.297766749379653,29,0,0,NA,1,5653,7381
365,-0.664599090117733,80.3354009098823,81,"0",1,13,23.2427989031522,0,1,0,0.25,0,0,1,1,0,0,1,12.2683706070288,30,0,0.5,NA,1,5330,6852
393,-5.45775394326476,81.5422460567352,87,"0",4,11,22.189349112426,1,1,9,6.39130434782609,0,0,1,0,0,0,0,0.569620253164557,26,0,0,0,3,5265,7099
419,-2.19871421260633,77.8012857873937,80,"0",4,13,27.0631468358164,0,1,0,5.75255102040816,0,0,0,0,0,0,0,15.9773371104816,29,0,0,NA,1,5625,7397
443,-8.83403749350641,73.1659625064936,82,"0",4,12,31.055900621118,0,0,0,0,0,0,1,0,0,0,1,65.9659090909091,30,0,0,0,1,5310,6814
445,-1.87219045757003,78.12780954243,80,"0",4,15,27.1329029971271,0,1,1,1.25,0,0,1,0,0,0,0,11.2871287128713,28,0,0.25,0,3,5238,7072
446,-1.84057648472793,80.1594235152721,82,"0",4,16,25.2226746923987,0,0,1,13.2857142857143,0,0,0,0,0,0,0,1.53409090909091,30,0,14,NA,1,5357,7485
497,3.41506188600705,85.415061886007,82,"0",4,12,24.9977609489596,0,0,3,0.0694444444444444,0,0,1,0,0,0,0,0.683760683760684,29,0,0,0,1,5770,7255
513,-4.82478965338757,74.1752103466124,79,"0",4,12,37.2322528532102,0,0,0,0,0,0,1,0,0,0,0,30.2666666666667,24,0,0,0,3,5211,7050
560,-3.21268163062049,82.7873183693795,86,"0",4,12,29.5901153463734,0,0,0,0,0,0,1,0,0,0,0,26.7757009345794,29,0,0,NA,1,5165,7301
588,-2.40525051492253,79.5947494850775,82,"0",1,12,26.3299166101236,0,1,4,5.63541666666667,0,0,0,0,1,0,1,19.9615384615385,29,0,2.5,NA,2,5331,7158
633,7.84627463630248,87.8462746363025,80,"0",4,8,26.3585533087097,0,0,4,2.34782608695652,0,0,0,0,0,0,1,7.87878787878788,29,0,11,0,2,5283,6765
643,-6.25000372406804,72.749996275932,79,"0",4,12,27.4921449276068,0,1,1,0.59593023255814,0,0,0,0,1,0,0,40.7088607594937,30,0,0.25,0,1,4946,7166
724,-12.4325168148838,73.5674831851162,86,"0",4,12,27.949475947326,0,0,1,0.625,0,0,1,0,0,0,0,3.45762711864407,28,0,0,0,1,5378,7479
743,-6.69397766523046,74.3060223347695,81,"0",4,16,28.6648967439138,1,0,1,1.11519607843137,0,0,0,0,0,0,0,2.6865671641791,29,0,0,0,1,5124,6951
816,-13.8710371619188,67.1289628380812,81,"0",1,12,25.1781654720825,0,1,1,7.65853658536585,0,0,0,0,0,0,0,5.27472527472527,28,0,5.5,NA,1,5481,7226
841,-3.56093012284202,76.439069877158,80,"0",4,12,27.7196703293161,0,0,0,0.414285714285714,0,0,0,0,0,0,0,27.2254335260116,30,0,0,0,2,5494,7603
847,-8.03297452404504,80.967025475955,89,"0",4,10,36.5358424387908,0,0,0,0,0,0,1,0,0,0,0,44.0625,29,0,0.625,0,1,5456,6988
852,-3.24315109962555,84.7568489003745,88,"0",4,12,31.2850504726807,0,0,1,0,0,1,1,0,0,0,1,0.178041543026706,30,0,0,0,1,5529,7314
893,-1.33077130077929,80.6692286992207,82,"0",4,12,27.1145337412087,0,1,1,0,0,0,0,0,0,0,0,1.97183098591549,28,0,0,NA,1,5635,7688
924,-3.12959820531323,81.8704017946868,85,"0",4,12,29.9403626921985,0,0,0,0,0,0,1,1,0,0,0,7.88203753351206,29,0,0,0,3,5705,7463
975,-5.09240491921172,76.9075950807883,82,"0",4,12,27.8865551204462,0,0,6,0,0,0,0,0,0,0,0,44.0883977900552,29,0,0.25,0,1,5312,7355
1110,1.52979837755498,83.529798377555,82,"0",4,8,26.8545150131079,0,1,0,0.0228571428571429,0,0,0,0,0,0,0,19.8666666666667,25,0,0,NA,2,5546,7086
1188,-5.955952019641,76.044047980359,82,"0",4,11,33.7729641598975,0,0,1,8.8921568627451,0,0,0,0,0,0,0,8.62275449101796,27,0,0.625,0,1,5120,6961
1233,-12.2443538044438,72.7556461955562,85,"0",1,14,24.8455846911445,1,0,7.5,3.1852358490566,0,0,1,0,0,0,0,0.689655172413793,30,0,0,NA,1,5181,6715
1234,-4.77258121573223,78.2274187842678,83,"0",4,12,24.6482064851817,0,1,4,0,0,0,0,0,0,0,0,40.9756097560976,28,0,0,0,1,5669,7503
1262,-5.85342004124817,80.1465799587518,86,"0",1,18,27.1056513110393,0,0,1,0,0,0,0,0,0,0,0,10.5993690851735,28,0,0,NA,1,5466,7247
1296,1.03515684000654,84.0351568400065,83,"0",4,18,24.0011270445204,0,0,0,0,0,0,0,0,0,0,0,17.0818505338078,30,0,0,1,2,5851,7308
1342,-6.56955172011092,74.4304482798891,81,"0",4,17,38.8705320350417,0,0,1,0,0,0,0,0,0,0,1,7.27272727272727,29,0,0,0,3,5120,7237
1362,-3.80041237653792,77.1995876234621,81,"0",4,12,29.0061030357446,0,0,3,0,0,1,0,0,0,0,0,3.29177057356608,23,0,0,0,1,5185,7116
1363,-2.82887097147272,80.1711290285273,83,"0",4,12,30.7516686274738,0,0,3,0.625,0,0,0,0,1,0,1,3.34177215189873,26,0,1.25,0,3,5247,7062
1420,-8.54847810731914,71.4515218926809,80,"0",4,16,20.8638817997227,0,1,0,0.625,0,0,1,0,0,0,0,18.2608695652174,29,0,0,0,2,5145,7329
1425,2.17281839147184,83.1728183914718,81,"0",4,12,26.6162570888469,0,0,2,0.25,0,0,0,0,0,0,0,1.61725067385445,29,0,0,0,1,5459,7284
1483,-11.8673676155618,73.1326323844382,85,"0",4,12,32.7515774313206,0,0,7,0,0,0,0,0,0,0,1,2.75071633237822,29,0,0,NA,1,5710,7285
1512,-2.58333715084207,80.4166628491579,83,"0",1,15,24.0668086224145,0,1,1,0,0,0,0,0,0,0,0,1.82741116751269,29,0,0,NA,1,5656,7617
1546,-5.27467662360431,76.7253233763957,82,"0",4,12,24.0693097374553,0,0,3,0,0,0,1,0,0,0,0,30.920245398773,27,0,0,0,3,5295,6835
1579,-13.7206961107955,66.2793038892045,80,"0",4,7,21.5895936017723,0,1,0,0.0153191489361702,0,0,0,0,0,0,0,2.90556900726392,28,0,0,0,2,5377,6956
1613,-7.13493778963118,73.8650622103688,81,"0",4,12,26.5779995071996,0,0,4,0,0,0,1,0,0,0,0,7.96875,29,0,0.25,0,1,5386,6814
1682,0.765400838656447,80.7654008386564,80,"0",1,12,25.7210322145387,0,1,0,3.46261363636364,0,0,0,0,0,0,0,4.35,29,0,7,NA,1,5659,7388
1719,-14.4123410669866,65.5876589330134,80,"0",4,12,25.0385593814474,0,0,0,0,0,0,0,0,0,0,0,15.2857142857143,26,0,0,0,2,5398,7519
1723,-16.8992093621097,63.1007906378903,80,"0",1,13,28.4421868351879,0,0,5,0.00411428571428571,0,0,1,0,0,0,0,38.8636363636364,30,0,0,NA,2,5539,7715
1745,-4.5596482707054,75.4403517292946,80,"0",4,12,32.0997037052041,0,0,0,0.625,0,0,1,0,0,0,0,27.5,29,0,0,0,1,4961,7236
1760,-4.94580540468122,79.0541945953188,84,"0",1,12,20.385611949398,0,0,2,31.7572115384615,1,1,1,0,0,0,0,13.2727272727273,30,0,14,NA,2,5698,7574
1797,-13.5670439036124,67.4329560963876,81,"0",4,14,25.7464766357572,0,1,8,0,0,0,1,0,0,0,0,2.60869565217391,29,0,0,0,1,5442,7609
1879,-40.0065165295964,45.9934834704036,86,"0",4,12,28.4009724140695,0,0,1,0,1,0,0,0,0,0,0,41.5267175572519,29,0,0,0,2,5249,7071
1960,-7.15909230615843,71.8409076938416,79,"0",4,12,NA,0,0,3,0,0,0,0,0,0,0,0,0.172910662824208,29,0,0,0,3,4910,6991
1986,-7.31183472003494,73.6881652799651,81,"0",4,12,24.0181528281184,0,0,1,0.25,0,0,1,0,0,0,0,27.2897196261682,29,0,0,0,1,5125,6980
2035,-8.61718367904679,75.3828163209532,84,"0",4,12,25.1684608982791,0,0,2,1.5,0,0,1,0,0,0,0,15.959595959596,29,0,0,0,1,5300,6806
2077,-1.52150333974589,84.4784966602541,86,"0",4,16,24.2822926899262,0,0,5,0,0,1,1,1,0,0,0,49.3877551020408,NA,0,0,0,3,5310,7329
2142,0.923159647323203,88.9231596473232,88,"0",4,8,31.2686691708046,0,0,7,0.169811320754717,0,0,1,0,0,0,0,6.34615384615385,25,0,0,0,2,5396,7160
2196,0.919049688650503,80.9190496886505,80,"0",4,8,37.3955187301286,0,0,10,0,0,0,1,0,0,0,0,15.5891238670695,28,0,0,0,3,5226,7305
2254,-9.95072712438785,75.0492728756121,85,"0",1,16,25.8162660372926,0,1,4,1.16477272727273,0,0,0,0,0,0,0,8.65771812080537,30,0,0.625,NA,1,5666,7424
2332,-11.2175309997362,70.7824690002638,82,"0",1,8,30.8489431222611,0,0,2,3.36734693877551,0,0,1,1,0,0,0,6.33165829145729,NA,0,1.5,NA,2,5997,7645
2387,-3.51614181959017,78.4838581804098,82,"0",1,18,21.6927773633223,0,0,0,4.06944444444444,0,0,1,0,0,0,0,5.21739130434783,27,0,21,NA,1,5484,6896
2419,-4.87329962474354,75.1267003752565,80,"0",4,12,35.1051879084967,0,0,0,0.198863636363636,0,0,1,0,0,0,0,5.75892857142857,28,0,0,0,1,5447,6972
2439,-12.6099302985075,69.3900697014925,82,"0",1,8,20.6974480605932,0,1,2,0.982142857142857,0,0,1,0,0,0,1,1.06824925816024,30,0,7,NA,1,5383,7050
2487,-8.21899420663406,79.7810057933659,88,"0",4,16,27.7366863905325,0,0,0,0.730769230769231,0,0,1,0,0,0,0,26.4705882352941,27,0,0,0,1,5433,7185
2527,-3.55981307703965,79.4401869229604,83,"0",1,12,28.4619826478756,0,0,0,2.64893617021277,0,0,1,0,0,0,0,10.1183431952663,30,0,7,NA,1,5683,7685
2558,-14.1537651135691,71.8462348864309,86,"0",1,12,20.2827675705211,0,1,1,1.64423076923077,0,0,1,0,0,0,0,0.350877192982456,30,0,0,NA,1,5530,6980
2562,-4.50254244518479,77.4974575548152,82,"0",4,10,28.93349908384,0,0,2,3.11111111111111,0,0,1,0,0,0,0,11.7073170731707,28,0,0.25,0,1,5249,7090
2622,-2.60371411670411,82.3962858832959,85,"0",4,9,29.0382358846872,0,0,0,0.0641176470588235,1,0,1,0,0,0,0,9.86301369863014,28,0,0,0,2,5512,7099
2642,-8.12075040365583,82.8792495963442,91,"0",4,12,25.3589164486125,0,0,9,9.05882352941176,0,1,1,0,0,0,0,2.77634961439589,28,0,0,0,1,5426,7532
2648,5.11955073175115,85.1195507317511,80,"0",4,12,34.7598082182836,0,1,1,0,0,0,1,0,0,0,0,15.1094890510949,28,0,0,0,2,5387,7270
2671,-14.5534301894269,71.4465698105731,86,"0",4,8,21.377021396794,0,1,2,7,0,0,0,0,0,0,0,1.18518518518519,25,0,14,0,2,5130,7326
2691,-9.44413411107503,71.555865888925,81,"0",4,13,26.4289311474318,0,1,0,0,0,0,1,0,0,0,0,11.8085106382979,27,0,0,0,1,5302,7480
2700,-5.49501188116356,74.5049881188364,80,"0",4,12,24.3410376737862,0,NA,0,0,0,0,0,0,0,0,0,0.489795918367347,29,0,0,NA,1,5512,6922
2705,-4.67257029830333,74.3274297016967,79,"0",1,15,21.6445784718343,0,1,2,0.507444444444444,1,0,1,0,0,1,1,1.05263157894737,30,0,0,NA,3,5226,7292
2711,-27.4809326205954,54.5190673794046,82,"0",1,12,25.507601265177,0,0,1,0.3875,0,0,0,0,0,0,0,24.3795620437956,30,0,0,NA,1,5733,7481
2787,-3.21152068087909,79.7884793191209,83,"0",4,14,28.9213665806241,0,0,1,0,0,0,1,0,0,0,0,21.340206185567,30,0,0,NA,1,5936,7863
2794,-5.3964527455243,81.6035472544757,87,"0",4,12,22.5093090360508,0,0,1,0,0,0,0,0,0,0,0,1.47982062780269,29,0,0.25,0,1,5721,7191
2831,-15.1812270091228,66.8187729908772,82,"0",1,17,26.5020848205881,0,0,1,0.891204545454545,0,0,1,0,0,0,0,3.75,30,0,7,NA,1,5704,7470
2932,1.20850485233171,84.2085048523317,83,"0",4,12,35.5718571276121,0,0,6,0,0,0,1,1,1,0,0,9.45454545454546,28,0,0,NA,1,5460,7291
2950,-2.65746434638783,79.3425356536122,82,"0",1,12,28.7386213021282,0,0,2,0.05,0,0,1,0,0,0,0,7.43935309973046,30,0,0,NA,1,5863,7668
2995,-1.45618390668642,80.5438160933136,82,"0",4,13,22.5972742037992,0,0,5,0,0,0,0,0,0,0,0,37.328990228013,29,0,0,NA,1,5092,7145
2998,-3.86927874605976,81.1307212539402,85,"0",1,17,27.5570835885503,0,0,1,3,0,0,1,0,0,0,0,52.520325203252,30,0,0,NA,1,5622,7218
3041,0.163536867400396,79.1635368674004,79,"0",4,16,25.9763396453452,0,1,1,0.25,0,0,1,0,0,0,0,9.07161803713528,29,0,0.25,0,1,4950,6811
3048,-2.64450853837836,83.3554914616216,86,"0",4,12,35.7445452460815,0,0,2,2.48986486486486,0,0,1,1,0,0,0,80.0682593856655,NA,0,0,0,3,5136,7258
3094,-11.4948740370607,73.5051259629393,85,"0",4,12,24.8124682433343,0,0,1,0,0,1,0,1,0,0,0,24.0302267002519,28,0,0,0,1,5396,6947
3103,-6.15524496522967,74.8447550347703,81,"0",4,13,19.1325279138676,0,0,0,0.25,0,0,0,0,0,0,0,3.31658291457286,30,0,1.5,NA,1,5747,7657
3147,-6.43630457088511,76.5636954291149,83,"0",4,12,33.7195033198835,0,0,0,0.625,0,0,0,0,0,0,1,7.2289156626506,28,0,0.625,0,2,5432,6943
3212,-8.70844382499992,73.2915561750001,82,"0",4,12,29.1115197723429,0,0,0,3,1,0,0,0,0,0,0,12.9341317365269,30,0,0.625,NA,1,5621,7431
3236,-6.39884708023224,74.6011529197678,81,"0",4,9,29.4111244675885,0,1,4,1.25,0,0,0,0,0,0,0,5.67335243553009,NA,0,0,NA,3,5619,7712
3260,-5.73420783399465,77.2657921660054,83,"0",4,8,31.422245194632,0,0,0,0,0,0,1,0,0,0,1,24.3564356435644,29,0,0.625,0,1,5203,7271
3310,7.59793258696287,88.5979325869629,81,"0",1,12,31.8458251150559,0,1,1,6.2625,0,0,0,0,0,0,1,32.2702702702703,28,0,7,NA,1,5571,7320
3312,3.62620628348947,86.6262062834895,83,"0",4,13,20.7756232686981,0,1,3,0,1,0,1,0,0,0,0,2.47058823529412,29,0,0,NA,2,5404,7498
3325,-0.276673581345776,81.7233264186542,82,"0",4,12,27.9395111970576,0,1,2,0.25,0,0,0,0,0,0,0,10.5707196029777,30,0,0,0,1,5461,7538
3333,-13.5214756215173,69.4785243784827,83,"0",4,11,27.5102641744265,0,0,3,1.41581632653061,0,1,1,1,1,0,0,7.85714285714286,28,0,0,0,1,5158,6971
3334,-9.0661362072664,78.9338637927336,88,"0",4,18,27.8989388837874,0,0,1,0,0,0,0,0,0,0,0,26.4878048780488,28,0,0,0,1,5469,6993
3445,-3.66035836681256,75.3396416331874,79,"0",4,12,24.9512757032794,0,1,1,0,0,0,0,0,0,0,0,14.7404844290657,30,0,0,0,1,5256,7378
3613,3.62632872175773,82.6263287217577,79,"0",4,12,27.7510699811042,0,1,1,0,0,1,1,0,0,0,0,3.3457249070632,30,0,0,0,2,5288,7176
3640,-9.81656566306097,72.183434336939,82,"0",1,12,30.1651010733811,0,0,1,1.95,0,0,0,0,0,0,0,35.6417910447761,29,0,0.625,NA,3,5718,7438
3649,-0.664000247805859,81.3359997521941,82,"0",4,12,22.206330686138,0,1,3,0.625,1,1,1,1,0,0,0,12.4137931034483,29,0,0,0,1,5642,7252
3660,-2.6796972730393,77.3203027269607,80,"0",4,9,26.116973761904,0,0,8,0,0,0,0,0,1,0,1,2.20183486238532,29,0,0,0,3,5416,7587
3692,-9.97282750211036,71.0271724978896,81,"0",4,12,28.9786513492303,0,1,1,0,1,1,1,0,0,0,0,12.1481481481481,30,0,0,NA,1,5928,7352
3708,-2.08384850066297,78.916151499337,81,"0",4,12,30.9401832997398,0,0,2,0.5,0,0,1,1,0,0,0,18.6348122866894,28,0,0,0,2,5145,7177
3725,-1.35243024747797,78.647569752522,80,"0",4,13,35.0592990859934,0,0,1,0,0,0,1,0,1,0,1,44.1688654353562,29,0,0.25,NA,1,5454,6957
3774,-6.06025803804091,76.9397419619591,83,"0",4,17,28.7764601188144,0,0,6,0,1,0,1,0,0,0,0,5.48009367681499,28,0,0.625,0,1,5412,6964
3798,-12.9615523243499,71.0384476756501,84,"0",4,12,24.2443460645654,0,1,1,0,0,1,1,0,0,0,0,13.5616438356164,28,0,0,0,1,5789,7185
3820,-0.343447221620437,79.6565527783796,80,"0",4,8,40.4493343195266,0,0,2,3.73333333333333,0,0,0,0,0,0,0,22.6062322946176,30,0,0,0,2,5331,6966
3837,-4.99763384215944,76.0023661578406,81,"0",1,12,24.4024441974637,0,0,2,0.195652173913043,1,0,1,0,0,1,1,7.05882352941176,30,0,0,NA,1,5423,7651
3840,-4.61342755291663,76.3865724470834,81,"0",4,12,22.9376,0,1,0,0,0,0,1,0,1,0,0,1.77631578947368,30,0,0,NA,1,5711,7495
3958,-6.69360155891565,76.3063984410844,83,"0",4,11,25.5714432477707,0,1,0,0.00857142857142857,0,0,1,0,0,0,0,8.41121495327103,28,0,0,0,1,5546,7086
4065,-10.7036735115262,73.2963264884738,84,"0",1,13,28.7745133750594,0,1,2,1.69132653061224,0,0,1,1,0,0,0,17.2307692307692,NA,0,0.25,NA,1,5534,7393
4083,-8.2157259089587,80.7842740910413,89,"0",4,11,25.2200327378514,0,0,3,0.187142857142857,0,0,1,0,1,0,0,3.54430379746835,29,0,0,0,1,5440,7566
4100,-0.609741034525058,85.3902589654749,86,"0",4,5,34.2210474430778,0,0,1,0.25,1,1,1,0,0,0,1,7.35294117647059,26,0,0,NA,3,5224,7336
4104,-6.85878113517046,74.1412188648295,81,"0",1,12,24.8047337278106,0,1,0,0.894148936170213,0,0,1,0,0,0,1,21.6166281755196,30,0,0.5,NA,1,5487,7196
4107,-0.886779649040335,82.1132203509597,83,"0",1,8,30.3376888141908,0,1,10,1.32373913043478,1,0,1,0,0,0,0,8.47058823529412,NA,0,1.5,NA,2,5823,7335
4122,-6.37628507654365,75.6237149234563,82,"0",1,8,32.5187351148955,0,1,1,1.5,1,0,0,1,0,0,0,16.927374301676,28,0,0.625,NA,2,5607,7243
4205,1.77153388722358,80.7715338872236,79,"0",4,13,36.1215683984999,0,0,0,1.5,0,0,1,0,0,0,0,39.5022624434389,30,0,0,0,1,5289,6866
4212,1.39132031261273,84.3913203126127,83,"0",4,9,28.3422854875474,0,0,1,0,0,0,0,0,0,0,0,6.99300699300699,28,0,0,NA,2,5866,7405
4300,-4.05195310540469,74.9480468945953,79,"0",4,12,25.6211124687034,0,0,0,0,0,0,1,0,0,0,0,9.12114014251781,28,0,0,NA,1,5132,7279
4310,-2.69236320533794,78.3076367946621,81,"0",4,12,30.5240987759836,0,1,4,1.5,0,0,1,0,0,0,0,2.18487394957983,28,0,0.25,0,1,5427,7470
4334,-6.23454622853052,74.7654537714695,81,"0",4,14,25.6243878887636,0,1,0,0.3125,0,0,0,0,0,0,0,3.87596899224806,27,0,0,1,1,5442,7519
4344,-15.5262254775637,66.4737745224363,82,"0",4,7,35.1748658434804,0,0,0,0.565625,0,1,0,0,0,0,0,10.2,28,0,0,0,1,5361,7186
4379,-10.2193075952565,70.7806924047435,81,"0",4,12,24.7949887359908,0,0,1,0,0,0,0,0,0,0,0,6.97674418604651,29,0,0,0,1,5375,7482
4428,-2.20951298871304,84.790487011287,87,"0",4,16,22.6140736074222,0,1,2,0,0,0,1,1,0,0,0,23.5862068965517,28,0,0,0,3,5878,7544
4546,-2.58644464528224,77.4135553547178,80,"0",4,19,32.2879688093887,0,0,2,0,0,0,1,0,0,0,0,12.2413793103448,30,0,0,0,1,5428,7511
4553,-7.28182754570994,77.71817245429,85,"0",1,13,24.4934067645668,0,1,6,0.571428571428571,1,0,1,0,0,0,0,14.7169811320755,30,0,0,NA,3,6008,7685
4557,-0.481656969704304,79.5183430302957,80,"0",4,17,26.4911352590218,0,1,1,2.57142857142857,0,0,0,0,0,0,0,9.3371757925072,28,0,0,0,1,5508,7085
4609,-7.29406313188977,73.7059368681102,81,"0",4,12,25.2299888959594,0,0,1,0.824468085106383,0,0,0,0,1,0,1,4.125,30,0,0.625,NA,1,5319,6880
4614,2.00025500377133,86.0002550037713,84,"0",4,11,29.3700962817023,0,0,5,3,0,1,1,0,0,0,1,39.3048128342246,30,0,0,0,1,5386,6938
4744,-2.70082850279415,79.2991714972058,82,"0",1,12,36.046968710905,0,1,1,0.380952380952381,0,1,1,0,0,0,0,34.9068322981366,27,0,0.25,NA,3,5362,7034
4772,-10.2933830314704,73.7066169685296,84,"0",4,12,29.3198564870182,0,0,10,0,0,0,1,1,0,0,0,16.6844919786096,27,0,0,NA,1,5506,7565
4798,7.37445554366198,87.374455543662,80,"0",1,16,29.5245437124391,0,1,0,1.27272727272727,0,0,0,0,0,0,0,13.7368421052632,30,0,0.625,NA,1,5020,7063
4823,-11.5277577749525,72.4722422250475,84,"0",4,10,34.1932132963989,0,0,2,0.75,0,1,1,0,0,0,0,9.51008645533141,24,0,0,NA,2,5526,7423
4855,0.327182904380805,81.3271829043808,81,"0",4,12,34.6875,0,0,1,0,1,0,0,0,0,0,0,4.96124031007752,29,0,0,0,2,5631,7133
4891,4.62877871314335,84.6287787131433,80,"0",1,12,25.3071708159137,0,1,3,4.5,0,1,0,0,0,0,0,14.6,29,0,14,NA,1,5119,6966
4905,0.886377579040584,83.8863775790406,83,"0",4,12,31.1525721559284,0,0,1,0.625,0,0,0,0,0,0,0,16.1329305135952,30,0,0.25,0,2,5769,7694
4932,-3.09713700514911,80.9028629948509,84,"0",4,18,28.3987180007303,0,0,0,4.16520833333333,1,0,1,0,1,0,1,1.18343195266272,30,0,3,NA,2,5855,7717
4944,-9.94538897654303,69.054611023457,79,"0",4,8,29.3699203340911,0,0,0,0.569767441860465,0,0,0,0,0,0,0,2.33766233766234,26,0,0,NA,3,5292,7370
4959,-17.2409823840106,68.7590176159894,86,"0",1,12,24.1525099479645,0,0,0,0,0,0,1,0,0,0,1,43.95,30,0,0,NA,1,5154,7421
4981,-3.37474359894709,77.6252564010529,81,"0",1,14,34.2808549572802,0,0,2,0.667613636363636,0,0,1,1,0,0,0,68.2702702702703,28,0,0,NA,1,5433,7669
4986,0.763421690629968,87.76342169063,87,"0",4,9,30.2843376145969,0,0,1,0,0,1,0,0,0,0,0,6.57303370786517,29,0,0,0,1,5362,7188
5080,-2.66580563087757,79.3341943691224,82,"0",4,13,22.5788784097331,0,0,7,0.625,0,0,0,0,0,0,1,8.125,28,0,0,0,1,5354,6928
5097,-5.47067689374765,76.5293231062523,82,"0",1,14,24.5861594198301,0,0,2,4.3780487804878,0,0,1,0,0,0,1,22.1465968586387,30,0,5.5,NA,1,5608,6967
5128,-7.00051600786391,74.9994839921361,82,"0",4,19,22.9578039977484,0,0,0,1.5,0,0,0,0,0,0,0,1.84834123222749,30,0,0,1,1,5543,7138
5219,19.5100545677899,98.5100545677899,79,"0",4,12,31.2154872628034,0,1,4,0,0,0,0,1,0,0,0,24.2406876790831,29,0,0.625,0,2,5221,7355
5240,-6.50243797350353,78.4975620264965,85,"0",4,12,25.8064516129032,0,0,0,0.625,0,0,1,0,0,0,0,17.8021978021978,28,0,0,0,1,5456,6988
5275,-2.52052462366851,79.4794753763315,82,"0",4,11,22.6521409812624,0,0,5,0.25,1,1,0,1,0,0,0,28.2889733840304,24,0,0,0,2,5641,7057
5318,-7.36118685929067,71.6388131407093,79,"0",4,12,35.9275916896322,0,1,10,0,0,0,1,0,0,0,0,24.5637583892617,29,0,0,0,1,5232,7155
5330,-17.2576998628081,64.7423001371919,82,"0",1,12,24.141856497501,0,1,0,4.28571428571429,0,0,1,0,0,1,1,16.8888888888889,29,0,3.5,NA,2,5271,7220
5341,-4.5870596394807,80.4129403605193,85,"0",1,12,24.2468223520083,0,0,0,1.14705882352941,0,0,1,0,0,0,0,4.04761904761905,27,0,0.625,NA,2,5208,6894
5439,-0.117678322369855,85.8823216776301,86,"0",4,10,19.1174306922853,0,0,2,0.25,0,0,1,0,0,0,0,34.4622425629291,27,0,0,0,3,5782,7410
5481,-5.27802247683819,74.7219775231618,80,"0",4,9,26.4797389943307,0,0,0,2.80555555555556,0,0,1,0,0,0,0,5.41666666666667,26,0,0.25,NA,3,5650,7465
5506,1.3509645233825,81.3509645233825,80,"0",1,16,25.9181088816187,0,0,0,0,1,0,1,0,0,0,0,13.5678391959799,30,0,0,NA,1,5475,7667
5523,-3.12096920180403,81.879030798196,85,"0",4,12,26.1082265915362,0,0,7,1.5,0,0,0,0,0,0,1,3.58695652173913,NA,0,0,NA,2,5589,7405
5575,-0.688428318336719,87.3115716816633,88,"0",4,6,32.9858780126033,0,0,3,1.31578947368421,0,0,1,1,0,0,0,12.1578947368421,NA,0,0,NA,3,5885,7427
5621,-3.29679837740075,76.7032016225993,80,"0",4,9,31.9651861953511,0,1,1,0,0,0,0,0,0,0,0,10.8355795148248,28,0,0,NA,1,5382,6963
5673,3.07124717687968,88.0712471768797,85,"0",4,14,30.1389491667872,0,0,0,0,1,0,1,0,0,0,0,34.6039603960396,30,0,0,0,1,5309,6832
5674,1.52732818115705,85.527328181157,84,"0",1,12,28.7349689026398,0,0,4,3.20454545454545,0,0,0,0,0,0,0,12.703213610586,25,0,0.25,NA,3,5530,7131
5725,1.75526844852891,84.7552684485289,83,"0",1,12,32.0424617733051,0,0,5,4.32978723404255,0,0,1,0,0,0,0,21.4899713467049,29,0,0.625,NA,1,5510,6937
5741,-6.7190909967594,83.2809090032406,90,"0",4,12,22.3100936524454,0,1,1,0,1,0,1,0,0,0,0,1.08108108108108,27,0,0,1,3,5750,7571
5763,-6.26354908696098,74.736450913039,81,"0",4,12,25.3292783069245,0,0,0,0.625,0,0,0,0,0,0,0,19.6208530805687,29,0,0,0,1,5775,7176
5776,-1.09673608608892,79.9032639139111,81,"0",4,12,31.46157501429,0,0,0,0,0,0,1,0,0,0,0,6.66666666666667,29,0,0.5,0,1,5088,6899
5779,-7.18706183888428,72.8129381611157,80,"0",4,12,23.4746842847379,0,1,0,0,0,0,1,0,0,0,0,21.71875,28,0,0.625,0,1,5334,6860
5782,-8.94475521172306,79.0552447882769,88,"0",4,12,29.3162800933623,0,0,1,0,0,0,0,0,0,0,0,15.9473684210526,28,0,0,NA,2,5342,7506
5799,-9.56438229198238,81.4356177080176,91,"0",4,16,29.8540138721651,0,1,1,1.84545454545455,0,0,0,0,0,0,0,8.44444444444444,29,0,0.625,0,1,5433,7185
5834,-1.72806859608201,82.271931403918,84,"0",1,13,25.160192948398,0,0,1,2.17982456140351,0,0,1,0,0,0,0,0.920716112531969,29,0,0.625,NA,1,5655,7152
5890,-2.48164067447533,79.5183593255247,82,"0",1,10,31.5426646508319,0,0,2,2.28054347826087,0,0,1,0,0,0,0,2.31325301204819,28,0,0.25,NA,1,5653,7264
5932,-3.55609629773674,75.4439037022633,79,"0",4,13,25.5672634304579,0,0,0,1.92727272727273,0,0,0,0,0,0,0,13.730407523511,29,0,0.625,0,1,5224,6636
5983,-11.6992058620983,67.3007941379017,79,"0",4,12,20.5618319694182,0,0,1,0.0106666666666667,0,0,0,0,0,0,0,0,30,0,0,NA,1,5065,6875
6008,-9.64263961995498,71.357360380045,81,"0",4,12,25.4915056030031,0,0,6,0,0,0,1,0,0,0,1,3.88235294117647,30,0,0,0,1,5473,7557
6013,6.11380369698466,85.1138036969847,79,"0",4,10,36.9033443815831,0,0,5,2.875,0,0,1,1,0,0,0,6.53846153846154,29,0,0,0,2,5111,6935
6034,-8.67286424240724,82.3271357575928,91,"0",4,12,25.5421107011557,0,0,1,0.0384,0,0,1,0,0,0,0,5.33742331288344,26,0,0,0,1,5767,7210
6061,-3.32829047856028,77.6717095214397,81,"0",1,15,20.8441331093313,0,1,0,0,0,0,0,0,0,0,0,6.27906976744186,30,0,0,NA,1,5408,7265
6090,0.644095837347223,81.6440958373472,81,"0",4,12,26.6888364117596,0,0,2,0.555555555555555,0,0,1,0,0,0,0,3.54037267080745,28,0,0,0,1,5382,7480
6099,-2.69192538814976,76.3080746118502,79,"0",4,12,NA,0,1,2,0.625,0,0,1,0,0,0,0,89.3375394321767,30,0,1.25,0,1,5090,6987
6108,10.1354437101435,91.1354437101436,81,"0",1,12,24.0518789089273,0,0,0,0.716666666666667,0,0,0,0,0,0,0,3.4965034965035,29,0,3.5,NA,1,5418,7295
6130,-6.0350695025296,73.9649304974704,80,"0",4,12,30.6150006639836,0,0,0,2.58935483870968,0,0,0,0,0,0,0,2.08092485549133,29,0,1.5,0,1,5277,7146
6172,2.4707903857898,84.4707903857898,82,"0",4,9,27.5072504147617,0,0,4,0,1,0,1,1,0,0,0,12.1243523316062,29,0,0,0,1,5500,7312
6175,-5.78331009971959,75.2166899002804,81,"0",4,11,NA,0,0,1,0,0,0,1,0,0,0,0,25.0746268656716,29,0,0,NA,1,5600,7442
6283,-2.96060880576709,82.0393911942329,85,"0",4,15,25.1606656444457,0,1,2,0,0,0,0,0,0,1,1,5.40983606557377,27,0,0,0,3,5473,7506
6315,-9.08039829696035,79.9196017030396,89,"0",1,14,24.4230973697994,0,0,2,2.78009259259259,0,0,0,0,0,0,0,7.73638968481375,29,0,0.25,NA,1,5626,7503
6316,-5.67251531071693,79.3274846892831,85,"0",4,12,24.0026271532208,0,0,3,0.0714285714285714,1,0,1,0,0,0,0,28.2608695652174,27,0,0,NA,1,5181,7298
6319,-0.858970866686633,81.1410291333134,82,"0",4,9,23.3995442938749,0,0,1,0,0,0,1,0,0,0,0,19.4594594594595,29,0,0,0,1,5416,7489
6448,-1.86354767146051,77.1364523285395,79,"0",4,12,25.3789548700782,0,0,0,1.25,0,0,0,1,0,0,0,7.94520547945205,28,0,0,0,1,5039,7195
6542,-9.11104269537631,72.8889573046237,82,"0",4,12,26.9813737827206,0,1,1,0,0,0,0,0,0,0,0,24.3850267379679,29,0,0,NA,1,5391,7164
6561,-2.91162801035931,81.0883719896407,84,"0",1,13,25.7231161780554,0,1,0,4.40697674418605,0,0,0,0,0,0,1,16.3771712158809,28,0,1.25,NA,2,6048,7700
6577,-3.33114481459312,79.6688551854069,83,"0",4,15,25.3723542827735,0,0,0,0.3,0,0,1,0,0,0,0,17.9220779220779,30,0,0,NA,1,5633,7451
6589,-6.15688235020404,75.843117649796,82,"0",1,18,23.3186318522653,0,1,0,5.82101063829787,0,0,1,0,0,0,0,9.17098445595855,30,0,7,NA,3,5360,6916
6602,0.00626421111515185,83.0062642111152,83,"0",1,12,27.6396017993896,0,0,1,0.00489795918367347,0,0,1,0,0,0,0,5.2887537993921,29,0,0,NA,1,5718,7518
6604,-4.13779368644119,81.8622063135588,86,"0",4,9,32.9885031454658,0,1,2,0,1,0,0,0,0,0,0,15.1475409836066,25,0,0,0,3,5495,7392
6613,6.51848169819363,87.5184816981936,81,"0",4,12,33.8485958860379,0,0,7,0,0,0,0,0,0,0,0,24.3609022556391,28,0,0,0,2,5653,7514
6670,0.612380120584305,79.6123801205843,79,"0",4,17,24.1697445554629,0,1,0,0.625,0,0,1,0,1,0,1,10.2395209580838,28,0,0.625,0,1,5156,7258
6703,-12.8778590168814,69.1221409831186,82,"0",4,10,27.4590975470904,0,1,0,0.5,0,0,0,0,0,0,1,8.48484848484848,30,0,3,0,1,5436,7515
6740,-27.3269231068906,54.6730768931094,82,"0",4,12,29.1002211616808,0,0,2,0.291666666666667,0,1,1,0,0,0,0,2.89655172413793,27,0,0,0,1,5186,6992
6765,-5.87575007070669,81.1242499292933,87,"0",1,14,31.5769617810736,0,0,12,1.5,0,0,0,0,0,0,1,18.8571428571429,30,0,0,NA,1,5440,7373
6816,0.761300630717571,86.7613006307176,86,"0",4,16,38.0230988212945,0,0,0,0,0,0,1,0,0,0,0,17.6571428571429,28,0,0,1,3,5076,6868
6840,-1.56910232060068,84.4308976793993,86,"0",1,17,19.8063925131836,0,0,1,0.625,0,0,1,0,0,0,0,11.5862068965517,29,0,0.625,NA,1,5653,7506
6881,1.53586382330209,85.5358638233021,84,"0",1,13,21.8064932749257,0,0,1,0,0,1,1,0,0,0,0,6.38009049773756,29,0,0,NA,1,4897,6689
6940,0.276930047469705,81.2769300474697,81,"0",4,18,27.4120898629221,0,0,1,0.25,0,0,1,0,0,0,0,6.58753709198813,27,0,0.25,NA,1,5125,6931
7035,-1.20157760867872,80.7984223913213,82,"0",1,12,21.0232204861111,0,0,0,0.714782608695652,0,0,1,0,1,0,1,39.9173553719008,29,0,0.625,NA,1,5463,7279
7213,-5.03263881413301,74.967361185867,80,"0",4,12,31.4685236092598,0,0,1,0.25,0,1,0,1,0,0,0,21.4159292035398,27,0,0,0,1,5384,7583
7412,-8.25823651781911,71.7417634821809,80,"0",1,18,20.6128791287072,0,0,1,1.55555555555556,0,1,1,0,0,0,0,5.01305483028721,29,0,0.625,NA,1,5238,6967
7427,4.42120431705744,88.4212043170574,84,"0",1,12,18.6055389653934,0,0,1,8.3,0,1,1,0,0,0,0,1.6624685138539,29,0,1.25,NA,3,5221,7184
7444,9.60329882925599,92.603298829256,83,"0",1,16,33.6126059758519,0,1,3,0,0,0,0,0,0,0,0,10.6611570247934,29,0,0,NA,2,5580,7673
7463,-5.22774121701593,76.7722587829841,82,"0",4,15,29.2619285181046,0,1,2,5.15217391304348,0,0,0,0,0,0,0,6.20689655172414,27,0,0,0,2,5661,7090
7499,2.37898336342595,81.378983363426,79,"0",4,12,33.5767648787039,0,0,2,0.340909090909091,0,0,0,0,0,0,0,6.25,30,0,0,0,1,4974,6836
7538,-7.19463560170976,74.8053643982902,82,"0",4,11,33.0227054687745,0,0,3,0.00612765957446808,0,0,1,0,0,0,0,0.158730158730159,28,0,0,0,2,5348,7194
7576,1.64671986461693,81.6467198646169,80,"0",4,12,33.156067887754,0,1,0,0,1,0,1,0,0,0,0,5.73770491803279,29,0,0,0,1,5415,6957
7623,-4.14967131243442,80.8503286875656,85,"0",4,12,28.8398731495565,0,0,1,0,0,0,1,0,0,0,0,11.8208955223881,NA,0,0,NA,1,5627,7769
7635,-3.27677307331005,75.72322692669,79,"0",1,11,25.2954449052691,0,1,2,9.31818181818182,0,0,1,0,0,0,0,4.36363636363636,29,0,2.5,NA,1,5289,7116
7701,-5.43615012329272,75.5638498767073,81,"0",4,12,26.8463582914978,0,1,8,0.25,0,0,1,0,0,1,0,10.4464285714286,28,0,0.25,0,1,5678,7539
7728,-4.21951948728268,78.7804805127173,83,"0",1,19,20.1699230184848,0,1,3,0.0859375,1,0,0,0,0,0,0,0.666666666666667,30,0,0,NA,3,5727,7425
7737,-11.016632388948,69.983367611052,81,"0",4,12,21.0770914887636,0,1,0,0,0,0,1,0,0,0,0,21.1570247933884,30,0,0,NA,1,5165,7378
7741,-0.652421272008525,85.3475787279915,86,"0",4,19,23.8374059791132,0,0,2,0.625,0,0,1,0,0,0,0,22.0052770448549,28,0,1.5,1,1,5155,6988
7757,-0.507185538012195,87.4928144619878,88,"0",4,12,29.6532875457452,0,0,3,0,0,1,1,0,0,0,0,30.0890207715134,27,0,0,0,3,5634,7594
7830,-9.06682463201351,70.9331753679865,80,"0",4,12,23.2642463974497,0,1,2,0.25,0,1,1,0,0,0,0,54.4148936170213,28,0,0,NA,1,5226,7313
7836,-6.83340085045529,73.1665991495447,80,"0",4,14,30.9371374554204,0,1,0,0.25,0,0,0,0,0,0,0,6.11111111111111,29,0,0.625,0,1,5310,7471
7853,-8.43320466635596,75.566795333644,84,"0",4,9,26.7737509340617,0,0,0,0.625,0,0,0,0,0,0,0,1.43540669856459,30,0,0.625,0,1,5347,6831
7856,-7.9316191373288,73.0683808626712,81,"0",4,16,23.8903900804671,0,0,0,0.293478260869565,0,0,1,0,0,0,0,10.6329113924051,28,0,0.625,NA,2,5630,7517
7865,-5.17156499077346,77.8284350092265,83,"0",4,12,19.6178600541704,0,1,0,0.892857142857143,0,0,0,0,0,0,0,23.8202247191011,30,0,0.625,1,2,5224,7386
7877,6.07298463993733,85.0729846399373,79,"0",4,12,27.5132498929464,0,0,0,1.5,0,0,0,0,0,0,0,15.3333333333333,29,0,0,0,2,5229,7348
7884,-18.3298412312859,64.6701587687141,83,"0",1,14,27.3307340183967,0,1,1,0.372448979591837,0,0,0,0,0,0,0,9.4954128440367,30,0,0.25,NA,2,5627,7466
8026,-10.5326713599403,69.4673286400597,80,"0",1,16,30.529427573233,0,1,1,0,0,0,1,1,0,0,0,9.44606413994169,30,0,0,NA,2,5357,7476
8055,2.42587546429631,82.4258754642963,80,"0",4,12,24.5497127032674,0,0,3,1.78571428571429,0,0,1,0,0,0,0,5.35031847133758,28,0,0,1,3,5215,6790
8113,-15.8741080456113,75.1258919543887,91,"0",4,12,21.1711015859249,0,0,2,0.25,0,0,0,0,0,0,0,43.1683168316832,NA,0,0,0,2,5773,7214
8138,-1.05047738394667,79.9495226160533,81,"0",4,12,31.4364767856965,0,0,0,0,0,0,1,0,0,0,0,3.52078239608802,27,0,0,0,1,5249,7174
8140,-16.4330898664077,66.5669101335923,83,"0",4,12,26.7630430906091,0,0,1,0.0218181818181818,1,0,1,0,0,0,0,10.0719424460432,30,0,0,0,1,5453,7064
8158,-13.0158620510893,68.9841379489107,82,"0",4,12,25.2808339497041,0,1,3,2.34375,0,0,0,0,0,0,0,1.12903225806452,28,0,0.625,1,1,5420,7545
8312,1.99036232060489,83.9903623206049,82,"0",4,13,28.9870449553841,0,1,0,0.25,0,0,0,0,0,0,0,7.86096256684492,29,0,3.5,0,1,5887,7147
8313,-13.5799085417584,74.4200914582416,88,"0",4,12,37.6314640162219,0,0,3,0,0,0,1,1,0,0,0,0.46875,29,0,0,NA,1,5904,7445
8365,-14.0968350061291,65.9031649938709,80,"0",1,12,27.5626904332471,0,0,1,0.625,1,0,0,0,0,0,0,1.54838709677419,29,0,0,NA,3,5038,6787
8415,-9.40660581987446,72.5933941801255,82,"0",1,12,32.7650264601127,0,0,2,1.390625,0,0,1,0,0,0,1,26.1318051575931,28,0,0.625,NA,1,5797,7216
8435,2.60982184916949,85.6098218491695,83,"0",4,12,33.4535562310987,0,1,1,2.75510204081633,1,0,1,1,0,0,0,9.28746928746929,27,0,0.25,0,1,5384,7525
8437,-13.9725427349903,66.0274572650097,80,"0",4,12,27.1147345162685,0,0,1,0,0,0,0,0,0,0,0,27.3626373626374,29,0,0,0,1,5428,6862
8455,-3.55932928573606,81.440670714264,85,"0",1,14,23.068193200514,0,1,3,13.6323529411765,0,0,0,0,0,0,1,22.5547445255474,30,0,7,NA,1,5487,7381
8480,-2.62990806492535,82.3700919350747,85,"0",1,12,21.9780013551711,0,1,4,0.1,0,0,1,0,0,0,0,8.85245901639344,30,0,0.25,NA,1,5208,6708
8486,-2.68957683843689,81.3104231615631,84,"0",4,16,26.2236261804369,0,0,3,0,0,0,1,0,0,0,1,13.4579439252336,26,0,0.5,0,1,5286,6804
8515,-3.35937274410934,79.6406272558907,83,"0",4,16,20.2913409372464,0,1,2,0.25,0,0,1,0,1,0,1,16.304347826087,30,0,0,0,3,5530,7363
8526,-3.99330535352542,79.0066946464746,83,"0",4,9,31.0847620573626,0,0,1,0.25,0,0,1,0,0,0,1,7.52475247524752,27,0,0.25,0,1,5319,7154
8569,-2.39190189703514,79.6080981029649,82,"0",1,15,21.6427329980637,0,0,3,0.836111111111111,1,0,1,0,0,0,1,8.19587628865979,29,0,0,NA,3,5779,7511
8600,-1.56331460279669,80.4366853972033,82,"0",1,17,35.6747167386443,0,1,0,2.29787234042553,0,0,0,0,0,0,0,6.45476772616137,30,0,1.5,NA,1,5438,7161
8733,-2.82994872748591,77.1700512725141,80,"0",4,12,30.8249034394888,0,1,1,0,0,0,1,0,0,0,0,9.10994764397906,26,0,0,NA,1,5536,7755
8743,-3.73634306093959,76.2636569390604,80,"0",4,15,33.8018211443831,0,0,1,1.12828947368421,1,0,0,0,1,0,1,7.74193548387097,30,0,0,0,1,5458,7341
8751,-13.2055132540491,79.7944867459509,93,"0",4,12,20.554243066928,0,0,2,0,0,0,1,0,0,0,0,6.95454545454545,28,0,0,1,3,5296,6934
8753,-8.94758965531742,80.0524103446826,89,"0",4,12,26.1392233120764,0,0,2,0.25,0,0,1,0,0,0,0,13.8461538461538,NA,0,0,NA,1,5553,7103
8759,-3.51926938563437,82.4807306143656,86,"0",4,13,27.2182809435145,0,0,0,0.625,0,0,1,0,0,0,1,19.4594594594595,30,0,0,0,2,5260,7076
8806,-0.268166332971475,88.7318336670285,89,"0",4,11,33.5147587656751,0,1,2,0.048,0,0,1,0,1,0,1,17.8125,29,0,0,0,2,5367,7203
8897,-9.2008218126501,70.7991781873499,80,"0",4,14,29.7530985287195,0,0,0,0.5,1,0,1,0,0,0,0,16.8292682926829,29,0,0.625,NA,1,5277,7305
8912,-2.79298318178058,77.2070168182194,80,"0",4,11,32.2201804040483,0,0,1,0,0,0,1,0,0,0,0,17.5494071146245,28,0,0,NA,1,5368,7476
8974,-3.56576764516358,81.4342323548364,85,"0",4,12,32.9137455809381,0,0,0,0,0,0,0,0,0,0,1,9.62099125364431,27,0,0,0,1,5158,6976
9018,-6.21596624721367,74.7840337527863,81,"0",4,12,27.4472890958379,0,0,6,0,0,0,0,0,0,0,0,14.9112426035503,24,0,0,1,3,5144,6973
9036,-10.3337781175715,70.6662218824285,81,"0",1,12,25.2759402364896,0,1,2,0.528777777777778,0,0,1,0,0,0,0,20.5347593582888,30,0,7,NA,3,5537,7231
9079,-3.01189956673879,85.9881004332612,89,"0",4,17,24.4646016033724,0,0,0,0.0797872340425532,0,0,0,0,0,0,0,2.75618374558304,29,0,0,0,3,5704,7253
9095,0.501399238350047,84.50139923835,84,"0",1,11,34.5343285615205,0,0,3,0.0576923076923077,0,0,1,0,0,0,1,7.30769230769231,29,0,0,NA,2,5972,7444
9131,-8.75912657256853,79.2408734274315,88,"0",4,10,26.9221277454962,0,1,6,0.25,1,1,1,0,0,1,1,18.1666666666667,27,0,0.625,0,1,5439,6989
9143,-12.6612065452857,69.3387934547143,82,"0",4,16,27.2131137619115,0,1,11,0,1,1,1,0,0,0,0,5.20958083832335,28,0,0,0,1,5165,7244
9360,-5.49890274198881,82.5010972580112,88,"0",1,12,21.2898998503934,0,1,1,2.38725490196078,0,0,1,0,0,0,0,19.1379310344828,28,0,1.5,NA,3,5662,7803
9430,-3.00487606063859,76.9951239393614,80,"0",4,12,28.880332036071,0,0,1,0.5,0,0,1,0,0,0,0,12.085308056872,29,0,0.625,0,1,5465,7328
9451,-3.69238257023319,81.3076174297668,85,"0",1,16,23.1760427981448,0,0,4,2,0,0,1,0,0,0,0,16.3125,29,0,0.5,NA,2,5570,7459
9539,2.73141993863123,82.7314199386312,80,"0",4,12,19.4330132601738,0,0,11,5.6,0,1,1,0,0,0,1,0.952380952380952,26,0,0,0,1,5229,7084
9555,-6.98369909944317,77.0163009005568,84,"0",4,16,31.3403194592504,0,0,1,1.7725,0,0,1,1,0,0,0,54.6401985111663,30,0,3.5,NA,1,5399,7078
9614,-7.02890731771272,75.9710926822873,83,"0",4,12,27.8331916421864,0,0,2,0,0,0,1,0,0,0,0,13.5584415584416,29,0,0,0,1,5479,7369
9616,-3.85955980799692,76.1404401920031,80,"0",4,12,29.2489493644439,0,0,1,0,0,0,1,0,0,0,0,14.9333333333333,27,0,0,0,1,5361,6764
9627,-1.11919211470803,80.880807885292,82,"0",4,12,27.9872126425436,0,0,9,0,1,1,1,0,0,0,0,6.06936416184971,30,0,0,0,2,5223,7319
9665,-4.19953722578161,75.8004627742184,80,"0",4,12,35.5002319940161,0,0,4,0,0,0,1,0,0,0,0,11.0236220472441,27,0,0,NA,1,5527,7624
9666,-1.08167776404139,84.9183222359586,86,"0",4,8,24.227921796797,0,1,1,0,0,0,0,0,0,0,0,5.53846153846154,28,0,0,0,1,5738,7256
10025,-5.36885401777556,74.6311459822244,80,"1",4,17,32.189349112426,NA,0,2,NA,0,0,1,0,0,NA,0,8.59504132231405,27,NA,0,NA,1,1901,3374
10027,1.846684012075,79.846684012075,78,"1",4,12,24.0986722939246,NA,1,0,NA,0,0,0,0,0,NA,0,1.02941176470588,29,NA,0,NA,2,1717,3823
10112,3.8475050389679,79.8475050389679,76,"1",4,9,37.3579272395233,NA,0,3,NA,1,0,1,1,0,NA,1,9.86301369863014,27,NA,0,NA,1,2064,3580
10139,-1.76604094071097,77.233959059289,79,"1",4,11,31.1964035071425,NA,1,1,NA,0,0,1,0,0,NA,0,5.33653846153846,27,NA,0,NA,2,1832,3962
10153,-1.82846685937865,79.1715331406213,81,"1",4,11,35.0750970660537,NA,1,4,NA,0,0,1,1,0,NA,0,21.4507772020725,28,NA,0,NA,3,1816,4007
10210,-4.60001270397638,70.3999872960236,75,"1",4,12,36.7140067457718,NA,0,2,NA,0,0,0,0,0,NA,0,11.6312056737589,29,NA,0,NA,1,2185,3772
10228,-7.07918333285529,69.9208166671447,77,"1",1,12,30.1207087402767,NA,1,3,NA,0,0,1,0,0,NA,0,46.8825910931174,29,NA,0,NA,1,2289,3996
10234,-5.29195048400709,73.7080495159929,79,"1",4,12,34.1703116750954,NA,0,7,NA,0,0,0,0,0,NA,0,21.9767441860465,28,NA,17.5,NA,2,1935,3822
10246,-7.12982793753633,68.8701720624637,76,"1",4,12,29.1604019312785,NA,1,1,NA,0,0,1,0,0,NA,0,5.02202643171806,28,NA,0,NA,2,2212,3723
10250,1.92155795426211,76.9215579542621,75,"1",4,16,NA,NA,0,2,NA,0,0,1,0,0,NA,0,11.1504424778761,28,NA,0,NA,1,2008,3541
10271,-2.34964683466164,73.6503531653384,76,"1",4,8,27.5841916867558,NA,0,6,NA,0,0,1,1,1,NA,1,70.4032258064516,25,NA,0,NA,2,1891,3794
10305,-1.75311563048449,74.2468843695155,76,"1",4,12,36.806898191706,NA,0,3,NA,0,0,1,0,0,NA,0,4.67966573816156,30,NA,0,NA,1,1934,3711
10309,-7.83369829578974,75.1663017042103,83,"1",4,10,37.8013157519946,NA,0,10,NA,1,1,1,1,0,NA,0,5.52995391705069,28,NA,0,NA,1,1685,3804
10315,-6.36779632595959,80.6322036740404,87,"1",4,12,32.0713266304261,NA,0,1,NA,0,0,1,0,0,NA,0,12.7810650887574,26,NA,0,NA,1,2240,3751
10354,-5.31811209703936,73.6818879029606,79,"1",4,10,27.9011469517639,NA,0,7,NA,0,0,1,1,0,NA,0,0.37037037037037,26,NA,0,NA,1,1786,3619
10418,-4.81057157315435,74.1894284268457,79,"1",4,12,25.5220923907538,NA,1,7,NA,1,1,1,0,0,NA,1,3.47826086956522,29,NA,0,NA,3,1764,3908
10467,-12.390617991135,70.609382008865,83,"1",4,12,24.4200145632087,NA,0,4,NA,0,0,1,0,0,NA,0,3.41880341880342,30,NA,0,NA,2,1769,3602
10480,14.1557821023701,93.1557821023701,79,"1",1,16,25.993361678579,NA,0,2,NA,0,0,1,0,0,NA,0,13.1105398457584,28,NA,7,NA,1,1876,3998
10491,-10.2165928862121,66.783407113788,77,"1",4,12,25.5913549181797,NA,1,0,NA,0,0,0,0,0,NA,0,4.08791208791209,29,NA,0,NA,2,1815,3926
10525,5.75252695682062,88.7525269568206,83,"1",4,12,35.1050399135636,NA,0,2,NA,0,0,1,1,0,NA,0,11.3924050632911,28,NA,0,NA,2,1772,3786
10572,-4.26955337544328,75.7304466245567,80,"1",1,8,32.5430318317858,NA,1,2,NA,0,1,1,1,0,NA,0,22.5405405405405,30,NA,1.25,NA,1,1990,3830
10610,-9.4330781915374,67.5669218084626,77,"1",4,14,31.5138996056241,NA,1,1,NA,1,1,1,0,0,NA,0,9.85590778097983,26,NA,0,NA,1,2206,3731
10615,-1.48676683090449,78.5132331690955,80,"1",4,16,30.9951722179399,NA,0,1,NA,0,0,1,0,0,NA,0,7.05035971223022,30,NA,0.25,NA,1,1777,3597
10642,-4.99866170823869,71.0013382917613,76,"1",4,14,29.5749783378664,NA,1,0,NA,0,0,0,0,0,NA,0,26.3703703703704,29,NA,0,NA,3,2148,3647
10647,0.210783385094956,81.210783385095,81,"1",4,12,NA,NA,0,2,NA,1,1,1,1,0,NA,0,15.046439628483,27,NA,0,NA,3,1874,4071
