id,event,time2event
bi0001,death,9.61917808219178
bi0002,censor,10.282191780821918
bi0003,death,10.164383561643836
bi0004,censor,9.97808219178082
bi0007,death,7.797260273972602
bi0008,censor,10.706849315068494
bi0010,censor,10.375342465753423
bi0013,censor,10.243835616438355
bi0014,censor,10.213698630136989
bi0015,death,8.438356164383562
bi0018,censor,9.876712328767123
bi0023,censor,11.583561643835615
bi0024,censor,10.33972602739726
bi0025,dementia,1.1424657534246576
bi0028,censor,10.542465753424658
bi0029,censor,10.468493150684932
bi0036,censor,10.835616438356164
bi0037,dementia,3.186301369863014
bi0039,death,9.219178082191782
bi0040,dementia,0.0
bi0041,censor,10.506849315068491
bi0043,censor,9.8
bi0044,death,10.128767123287671
bi0045,censor,10.41095890410959
bi0046,censor,10.438356164383562
bi0048,death,9.564383561643837
bi0049,death,7.673972602739726
bi0050,censor,9.797260273972602
bi0052,censor,10.106849315068493
bi0054,censor,10.35890410958904
bi0055,dementia,10.372602739726029
bi0060,censor,9.602739726027398
bi0063,death,7.331506849315068
bi0064,censor,10.273972602739724
bi0065,death,4.567123287671233
bi0066,censor,10.63835616438356
bi0068,dementia,2.98082191780822
bi0070,dementia,0.8493150684931506
bi0073,death,6.50958904109589
bi0075,death,8.317808219178081
bi0077,censor,10.473972602739726
bi0080,dementia,7.383561643835616
bi0084,dementia,0.0
bi0085,death,9.383561643835616
bi0092,censor,12.03835616438356
bi0094,censor,9.898630136986302
bi0098,censor,10.01095890410959
bi0099,censor,10.37808219178082
bi0100,censor,10.41095890410959
bi0101,censor,10.75890410958904
bi0102,dementia,7.18082191780822
bi0103,censor,9.95890410958904
bi0105,censor,10.408219178082192
bi0107,censor,10.41917808219178
bi0108,censor,10.542465753424658
bi0113,censor,10.62191780821918
bi0114,censor,10.838356164383562
bi0116,censor,9.887671232876713
bi0117,death,2.5013698630136987
bi0118,death,2.736986301369863
bi0121,censor,10.183561643835615
bi0122,censor,10.36986301369863
bi0123,censor,10.490410958904109
bi0125,death,3.1671232876712327
bi0129,dementia,3.252054794520548
bi0130,censor,9.805479452054794
bi0132,death,3.5424657534246577
bi0136,death,11.75068493150685
bi0138,censor,10.597260273972603
bi0139,censor,10.304109589041095
bi0143,censor,10.26027397260274
bi0144,censor,10.2
bi0145,censor,10.506849315068491
bi0146,censor,10.646575342465754
bi0148,dementia,2.627397260273973
bi0149,censor,10.857534246575344
bi0152,censor,11.791780821917808
bi0153,censor,10.213698630136989
bi0154,censor,10.854794520547944
bi0155,censor,10.605479452054794
bi0156,censor,10.717808219178082
bi0157,death,5.791780821917809
bi0160,censor,9.75890410958904
bi0162,dementia,6.712328767123288
bi0165,death,2.9178082191780823
bi0166,censor,10.126027397260271
bi0167,dementia,10.372602739726029
bi0172,censor,10.506849315068491
bi0175,dementia,10.452054794520548
bi0176,censor,10.810958904109588
bi0178,dementia,3.4712328767123286
bi0180,censor,6.347945205479452
bi0181,death,8.501369863013698
bi0182,death,5.912328767123288
bi0183,censor,10.145205479452056
bi0188,dementia,10.473972602739726
bi0192,dementia,6.257534246575342
bi0193,death,8.827397260273973
bi0194,censor,11.61917808219178
bi0197,censor,10.561643835616438
bi0198,censor,11.13972602739726
bi0199,death,8.2
bi0201,death,1.4301369863013698
bi0202,censor,0.0
bi0207,censor,9.695890410958905
bi0210,dementia,3.213698630136986
bi0211,censor,11.232876712328768
bi0212,death,5.542465753424658
bi0217,death,7.189041095890411
bi0219,death,9.172602739726027
bi0220,censor,9.926027397260274
bi0221,dementia,10.972602739726028
bi0222,death,4.671232876712328
bi0223,censor,9.947945205479453
bi0227,death,3.2356164383561645
bi0228,censor,10.263013698630138
bi0229,censor,10.197260273972605
bi0235,censor,10.665753424657536
bi0239,censor,10.66027397260274
bi0240,censor,10.052054794520547
bi0241,death,9.005479452054795
bi0242,censor,10.191780821917808
bi0244,censor,9.967123287671232
bi0245,censor,9.95068493150685
bi0249,dementia,0.0
bi0252,death,4.126027397260274
bi0259,censor,10.723287671232876
bi0260,dementia,2.8109589041095893
bi0262,censor,10.271232876712329
bi0265,death,6.498630136986302
bi0267,death,5.4301369863013695
bi0270,dementia,10.315068493150685
bi0271,censor,11.158904109589042
bi0272,censor,10.72054794520548
bi0275,death,6.956164383561644
bi0276,dementia,1.7013698630136986
bi0278,dementia,3.3232876712328765
bi0279,censor,10.342465753424657
bi0280,dementia,10.315068493150685
bi0281,censor,10.435616438356163
bi0282,death,8.64109589041096
bi0283,censor,3.5835616438356164
bi0287,dementia,11.95890410958904
bi0288,censor,9.95068493150685
bi0291,dementia,6.958904109589041
bi0292,censor,3.638356164383562
bi0293,death,8.509589041095891
bi0296,censor,6.920547945205479
bi0297,dementia,10.797260273972602
bi0298,censor,1.2465753424657535
bi0299,censor,3.9726027397260273
bi0301,censor,9.936986301369863
bi0302,censor,10.353424657534246
bi0303,censor,10.156164383561643
bi0305,censor,10.956164383561644
bi0308,death,11.005479452054796
bi0309,censor,10.947945205479453
bi0310,dementia,0.0
bi0312,censor,10.835616438356164
bi0313,censor,11.142465753424656
bi0314,censor,0.0
bi0315,censor,10.663013698630136
bi0319,death,11.547945205479452
bi0320,censor,10.857534246575344
bi0321,censor,10.509589041095891
bi0323,censor,10.30958904109589
bi0324,death,8.515068493150684
bi0326,death,8.26849315068493
bi0327,censor,10.41095890410959
bi0328,censor,10.512328767123288
bi0330,censor,10.849315068493151
bi0331,censor,10.2
bi0332,death,8.983561643835616
bi0334,censor,11.145205479452056
bi0335,dementia,1.1123287671232878
bi0339,censor,10.47945205479452
bi0344,dementia,0.0
bi0351,censor,10.90958904109589
bi0352,censor,10.438356164383562
bi0353,censor,10.219178082191782
bi0354,dementia,11.994520547945204
bi0356,dementia,2.7150684931506848
bi0357,censor,11.12054794520548
bi0359,censor,10.128767123287671
bi0360,death,8.408219178082192
bi0362,censor,10.435616438356163
bi0363,death,10.778082191780822
bi0365,dementia,4.010958904109589
bi0366,death,10.594520547945203
bi0371,censor,11.197260273972605
bi0372,dementia,6.410958904109589
bi0374,death,5.813698630136987
bi0375,censor,10.534246575342468
bi0376,death,10.054794520547944
bi0377,death,3.4876712328767123
bi0378,censor,6.8
bi0380,censor,10.189041095890412
bi0381,death,11.567123287671231
bi0382,censor,10.663013698630136
bi0388,censor,11.35890410958904
bi0389,censor,10.73972602739726
bi0390,censor,10.432876712328769
bi0392,death,10.578082191780824
bi0395,dementia,10.915068493150685
bi0397,censor,11.043835616438356
bi0399,censor,10.293150684931506
bi0400,dementia,3.052054794520548
bi0404,dementia,0.0
bi0406,dementia,3.4876712328767123
bi0407,dementia,0.6958904109589041
bi0409,censor,10.186301369863012
bi0410,censor,10.643835616438356
bi0411,censor,0.0
bi0413,death,9.33972602739726
bi0417,censor,3.632876712328767
bi0422,death,1.926027397260274
bi0423,censor,11.232876712328768
bi0425,censor,10.331506849315067
bi0426,censor,10.73972602739726
bi0428,censor,10.452054794520548
bi0430,censor,10.61917808219178
bi0432,dementia,3.295890410958904
bi0434,censor,10.41917808219178
bi0435,censor,10.843835616438357
bi0436,death,5.753424657534247
bi0441,censor,10.31780821917808
bi0442,death,10.663013698630136
bi0444,censor,10.572602739726028
bi0445,censor,10.9013698630137
bi0446,dementia,3.191780821917808
bi0448,censor,10.838356164383562
bi0450,censor,10.2986301369863
bi0452,censor,10.835616438356164
bi0455,censor,6.715068493150685
bi0456,death,4.564383561643836
bi0459,censor,10.336986301369864
bi0460,dementia,3.32054794520548
bi0461,censor,0.0
bi0464,censor,10.386301369863014
bi0465,dementia,0.0
bi0466,censor,10.791780821917808
bi0467,censor,10.2986301369863
bi0468,dementia,7.076712328767123
bi0471,censor,11.2
bi0474,censor,11.008219178082191
bi0479,dementia,10.663013698630136
bi0481,censor,11.843835616438357
bi0482,death,2.8109589041095893
bi0483,censor,10.435616438356163
bi0484,censor,11.547945205479452
bi0486,death,10.95068493150685
bi0487,death,1.5917808219178082
bi0490,death,4.295890410958904
bi0493,dementia,0.0
bi0497,censor,11.646575342465754
bi0499,censor,11.09041095890411
bi0508,censor,10.8
bi0510,dementia,0.947945205479452
bi0515,death,7.112328767123287
bi0516,censor,11.871232876712329
bi0519,censor,10.745205479452055
bi0520,censor,10.397260273972602
bi0521,censor,10.605479452054794
bi0524,censor,10.934246575342463
bi0531,death,5.750684931506849
bi0532,censor,10.561643835616438
bi0534,censor,10.728767123287671
bi0539,censor,10.742465753424655
bi0551,censor,11.257534246575345
bi0552,dementia,3.816438356164384
bi0555,dementia,6.336986301369863
bi0556,dementia,6.635616438356164
bi0563,dementia,3.7150684931506848
bi0566,dementia,3.4657534246575343
bi0568,death,11.421917808219176
bi0571,death,7.772602739726027
bi0572,death,6.084931506849316
bi0575,death,8.221917808219178
bi0576,censor,10.953424657534246
bi0580,dementia,7.095890410958904
bi0581,censor,11.61917808219178
bi0583,death,1.868493150684932
bi0584,death,3.863013698630137
bi0585,dementia,11.158904109589042
bi0589,censor,10.991780821917809
bi0594,censor,11.126027397260271
bi0595,death,11.24109589041096
bi0596,censor,0.0
bi0597,dementia,0.0
bi0599,death,6.747945205479452
bi0602,dementia,0.6520547945205479
bi0603,dementia,3.643835616438356
bi0605,censor,11.282191780821918
bi0608,death,7.495890410958904
bi0609,censor,11.224657534246576
bi0610,death,4.158904109589041
bi0612,death,2.063013698630137
bi0613,censor,11.336986301369864
bi0615,censor,10.490410958904109
bi0617,dementia,6.49041095890411
bi0620,death,4.550684931506849
bi0622,censor,11.67945205479452
bi0624,death,7.1945205479452055
bi0625,dementia,3.589041095890411
bi0626,censor,11.6986301369863
bi0627,censor,4.391780821917808
bi0629,death,6.63013698630137
bi0631,censor,11.065753424657537
bi0633,dementia,7.421917808219178
bi0634,censor,10.56986301369863
bi0636,censor,11.02191780821918
bi0639,death,8.583561643835617
bi0640,dementia,0.978082191780822
bi0641,censor,11.13972602739726
bi0645,death,5.232876712328767
bi0649,death,6.868493150684931
bi0651,censor,0.0
bi0655,death,9.736986301369862
bi0657,death,4.06027397260274
bi0658,death,8.553424657534247
bi0661,censor,11.402739726027397
bi0666,censor,10.736986301369862
bi0669,censor,0.0
bi0672,censor,11.104109589041096
bi0677,death,4.498630136986302
bi0678,censor,10.517808219178082
bi0681,censor,10.789041095890411
bi0682,censor,10.81917808219178
bi0683,censor,11.805479452054794
bi0684,death,5.13972602739726
bi0689,death,3.4547945205479453
bi0691,censor,10.86027397260274
bi0692,dementia,7.610958904109589
bi0694,death,11.186301369863012
bi0697,death,11.564383561643837
bi0701,censor,11.189041095890412
bi0702,censor,11.032876712328768
bi0703,death,8.854794520547944
bi0704,censor,10.8
bi0705,dementia,0.0
bi0706,dementia,10.893150684931507
bi0708,censor,10.778082191780822
bi0711,censor,10.547945205479452
bi0712,dementia,4.698630136986301
bi0718,death,9.153424657534249
bi0722,censor,11.926027397260274
bi0725,dementia,3.8054794520547945
bi0729,death,8.865753424657534
bi0734,death,5.698630136986301
bi0737,death,2.26027397260274
bi0741,censor,4.446575342465754
bi0742,censor,7.046575342465753
bi0743,censor,11.432876712328769
bi0747,death,5.435616438356164
bi0748,death,12.243835616438355
bi0749,censor,11.18082191780822
bi0750,dementia,1.263013698630137
bi0751,censor,11.2986301369863
bi0756,death,6.082191780821918
bi0757,dementia,6.873972602739726
bi0758,censor,0.0
bi0761,dementia,1.4109589041095891
bi0763,death,5.663013698630137
bi0766,dementia,0.0
bi0770,death,9.871232876712329
bi0771,death,9.03013698630137
bi0772,censor,11.454794520547946
bi0773,death,7.161643835616438
bi0774,death,7.23013698630137
bi0775,censor,7.156164383561644
bi0776,dementia,1.4383561643835616
bi0778,censor,10.832876712328767
bi0780,death,5.865753424657535
bi0781,dementia,3.638356164383562
bi0782,dementia,3.4575342465753423
bi0787,dementia,4.282191780821917
bi0789,censor,11.216438356164383
bi0790,censor,10.7013698630137
bi0796,dementia,0.8438356164383561
bi0798,censor,11.41095890410959
bi0801,censor,11.542465753424658
bi0802,censor,11.005479452054796
bi0803,censor,11.471232876712328
bi0804,censor,11.435616438356163
bi0805,death,11.824657534246576
bi0806,dementia,1.5205479452054795
bi0807,censor,11.095890410958903
bi0809,censor,11.553424657534247
bi0814,death,10.150684931506849
bi0815,death,5.64931506849315
bi0821,censor,11.183561643835615
bi0822,dementia,0.0
bi0824,death,5.021917808219178
bi0828,censor,11.2
bi0829,dementia,0.0
bi0832,death,5.473972602739726
bi0833,death,5.789041095890411
bi0835,censor,3.706849315068493
bi0838,death,1.8246575342465756
bi0840,dementia,3.947945205479452
bi0845,death,9.830136986301367
bi0848,dementia,0.0
bi0851,dementia,3.419178082191781
bi0852,censor,11.161643835616438
bi0853,dementia,4.287671232876712
bi0854,death,8.287671232876713
bi0855,censor,11.528767123287672
bi0858,censor,11.668493150684933
bi0863,death,8.394520547945206
bi0864,death,3.641095890410959
bi0865,dementia,6.947945205479452
bi0867,death,10.454794520547946
bi0870,censor,11.282191780821918
bi0879,censor,10.89041095890411
bi0880,death,2.290410958904109
bi0884,death,8.756164383561643
bi0887,censor,11.66027397260274
bi0889,censor,11.41917808219178
bi0893,censor,6.989041095890411
bi0895,death,6.909589041095891
bi0897,censor,11.528767123287672
bi0901,censor,10.90958904109589
bi0904,censor,10.868493150684932
bi0905,censor,6.923287671232877
bi0910,censor,11.68219178082192
bi0911,death,10.75068493150685
bi0912,censor,12.271232876712329
bi0914,censor,7.69041095890411
bi0915,censor,6.260273972602739
bi0917,censor,4.312328767123288
bi0920,death,5.090410958904109
bi0922,censor,3.627397260273973
bi0923,dementia,0.0
bi0926,death,8.501369863013698
bi0929,censor,11.61917808219178
bi0931,censor,10.9013698630137
bi0933,death,9.424657534246576
bi0934,dementia,0.0
bi0939,censor,11.197260273972605
bi0940,censor,11.495890410958904
bi0943,death,9.567123287671231
bi0948,censor,11.257534246575345
bi0951,dementia,1.904109589041096
bi0957,death,4.9150684931506845
bi0958,censor,11.490410958904109
bi0963,dementia,4.304109589041096
bi0965,dementia,11.312328767123288
bi0966,censor,11.383561643835616
bi0974,censor,11.443835616438356
mn1503,censor,10.526027397260274
mn1505,dementia,3.32054794520548
mn1507,dementia,4.13972602739726
mn1508,censor,10.931506849315069
mn1511,censor,11.063013698630137
mn1515,censor,10.726027397260276
mn1517,censor,10.416438356164385
mn1518,death,4.53972602739726
mn1521,censor,10.41095890410959
mn1523,censor,11.043835616438356
mn1524,censor,10.243835616438355
mn1525,dementia,0.9178082191780822
mn1526,censor,10.586301369863014
mn1527,censor,10.336986301369864
mn1532,censor,6.67945205479452
mn1535,censor,11.232876712328768
mn1538,censor,0.0
mn1540,dementia,2.8904109589041096
mn1541,dementia,11.183561643835615
mn1543,death,3.290410958904109
mn1544,death,8.89041095890411
mn1546,censor,11.334246575342464
mn1548,censor,10.446575342465753
mn1550,censor,10.449315068493153
mn1552,death,9.26849315068493
mn1553,censor,10.506849315068491
mn1555,death,8.564383561643835
mn1562,censor,10.805479452054794
mn1565,death,2.8164383561643835
mn1566,censor,10.526027397260274
mn1567,censor,10.887671232876713
mn1570,death,6.972602739726027
mn1571,dementia,4.243835616438356
mn1572,censor,11.561643835616438
mn1573,censor,10.75068493150685
mn1574,death,11.123287671232877
mn1577,censor,10.616438356164384
mn1578,censor,9.665753424657536
mn1580,dementia,4.583561643835616
mn1582,censor,9.93972602739726
mn1583,dementia,11.18082191780822
mn1586,death,7.380821917808219
mn1587,censor,10.90958904109589
mn1589,death,3.780821917808219
mn1592,death,7.210958904109589
mn1594,dementia,1.947945205479452
mn1595,censor,10.62191780821918
mn1596,dementia,12.216438356164383
mn1597,censor,9.761643835616438
mn1598,death,8.953424657534246
mn1599,censor,10.81917808219178
mn1600,dementia,11.98082191780822
mn1602,censor,11.13972602739726
mn1604,death,10.468493150684932
mn1607,censor,11.005479452054796
mn1608,death,6.923287671232877
mn1609,dementia,0.9616438356164384
mn1610,death,3.841095890410959
mn1611,censor,10.898630136986302
mn1612,censor,12.153424657534249
mn1615,censor,3.416438356164384
mn1617,censor,11.386301369863014
mn1618,censor,11.27945205479452
mn1619,censor,10.761643835616438
mn1624,death,8.712328767123287
mn1625,dementia,1.0
mn1626,censor,9.832876712328767
mn1627,dementia,0.9013698630136986
mn1628,censor,11.98904109589041
mn1630,censor,10.791780821917808
mn1631,censor,10.424657534246576
mn1632,death,9.63013698630137
mn1633,death,9.67123287671233
mn1634,censor,11.824657534246576
mn1636,censor,11.186301369863012
mn1637,death,7.947945205479452
mn1638,death,8.224657534246575
mn1639,death,6.254794520547946
mn1641,censor,11.202739726027398
mn1643,dementia,2.936986301369863
mn1644,death,9.597260273972603
mn1645,death,9.917808219178085
mn1646,censor,11.331506849315067
mn1647,death,11.265753424657534
mn1648,death,9.315068493150685
mn1649,dementia,2.0493150684931507
mn1650,censor,11.52054794520548
mn1652,censor,10.56986301369863
mn1653,death,8.09041095890411
mn1658,censor,10.92876712328767
mn1660,death,11.687671232876712
mn1662,censor,11.76986301369863
mn1664,censor,10.871232876712329
mn1665,censor,10.997260273972604
mn1668,death,7.147945205479452
mn1670,dementia,4.564383561643836
mn1672,censor,10.394520547945206
mn1675,death,8.073972602739726
mn1676,death,3.9808219178082194
mn1677,death,6.791780821917809
mn1678,death,2.758904109589041
mn1680,censor,9.8
mn1683,censor,11.153424657534249
mn1684,death,5.134246575342465
mn1686,censor,3.271232876712329
mn1690,censor,11.564383561643837
mn1691,dementia,4.83013698630137
mn1694,death,2.989041095890411
mn1695,death,4.312328767123288
mn1698,censor,11.421917808219176
mn1699,censor,11.24109589041096
mn1700,censor,10.76986301369863
mn1703,censor,4.586301369863014
mn1704,censor,10.084931506849315
mn1712,death,4.778082191780822
mn1714,censor,11.315068493150685
mn1717,death,3.72054794520548
mn1720,censor,11.942465753424658
mn1721,censor,11.02191780821918
mn1722,dementia,3.2273972602739724
mn1723,censor,10.41917808219178
mn1724,censor,11.747945205479452
mn1725,censor,11.07945205479452
mn1727,censor,11.128767123287671
mn1729,death,9.736986301369862
mn1731,censor,11.821917808219178
mn1733,censor,10.73972602739726
mn1734,death,7.619178082191781
mn1739,censor,10.824657534246576
mn1740,censor,11.463013698630135
mn1741,dementia,3.2794520547945205
mn1743,censor,11.715068493150683
mn1745,dementia,1.2383561643835617
mn1748,death,5.068493150684931
mn1749,censor,12.0
mn1753,censor,10.484931506849316
mn1754,censor,10.487671232876712
mn1755,death,9.158904109589042
mn1756,dementia,3.197260273972603
mn1757,censor,10.887671232876713
mn1763,dementia,1.4712328767123288
mn1764,dementia,11.608219178082193
mn1765,dementia,1.189041095890411
mn1767,censor,1.2054794520547945
mn1770,censor,10.947945205479453
mn1772,death,6.183561643835616
mn1775,dementia,11.693150684931506
mn1776,censor,10.852054794520548
mn1777,dementia,11.024657534246575
mn1779,censor,11.482191780821918
mn1784,death,7.742465753424658
mn1786,censor,3.73972602739726
mn1787,dementia,10.221917808219178
mn1788,death,8.983561643835616
mn1789,censor,11.591780821917808
mn1791,death,7.816438356164384
mn1794,dementia,1.284931506849315
mn1795,dementia,0.0
mn1796,censor,10.830136986301367
mn1800,dementia,1.2684931506849315
mn1802,censor,10.736986301369862
mn1803,death,4.8273972602739725
mn1804,dementia,1.16986301369863
mn1807,censor,11.471232876712328
mn1808,censor,10.372602739726029
mn1809,censor,11.594520547945203
mn1811,censor,10.315068493150685
mn1812,censor,11.53972602739726
mn1813,death,8.191780821917808
mn1814,death,7.884931506849315
mn1815,censor,11.567123287671231
mn1818,dementia,10.41095890410959
mn1819,death,2.4136986301369863
mn1822,censor,11.224657534246576
mn1823,death,4.526027397260274
mn1825,censor,10.484931506849316
mn1827,dementia,2.5315068493150683
mn1829,censor,10.558904109589042
mn1830,death,10.32054794520548
mn1831,censor,11.0
mn1835,censor,10.7013698630137
mn1837,censor,11.66027397260274
mn1839,censor,11.816438356164385
mn1840,censor,10.35068493150685
mn1842,censor,10.161643835616438
mn1845,death,7.906849315068493
mn1847,censor,10.32054794520548
mn1848,dementia,2.3589041095890413
mn1850,censor,12.002739726027396
mn1851,death,12.02191780821918
mn1854,dementia,0.0
mn1855,censor,9.605479452054794
mn1860,dementia,11.695890410958905
mn1861,dementia,2.9616438356164383
mn1863,death,4.46027397260274
mn1864,death,9.208219178082192
mn1866,censor,10.323287671232876
mn1867,death,4.794520547945205
mn1868,dementia,11.509589041095891
mn1869,death,2.4383561643835616
mn1870,death,10.424657534246576
mn1873,death,7.295890410958904
mn1875,death,11.835616438356164
mn1877,censor,11.62191780821918
mn1880,censor,11.789041095890411
mn1881,censor,11.62191780821918
mn1886,censor,10.835616438356164
mn1887,censor,11.476712328767125
mn1889,censor,11.608219178082193
mn1890,censor,10.476712328767125
mn1891,dementia,11.4
mn1892,censor,10.183561643835615
mn1893,censor,10.854794520547944
mn1894,censor,11.315068493150685
mn1895,censor,10.221917808219178
mn1897,censor,11.189041095890412
mn1900,dementia,1.1452054794520548
mn1902,censor,10.367123287671232
mn1903,death,5.301369863013699
mn1905,censor,10.68219178082192
mn1906,censor,9.64109589041096
mn1907,death,5.846575342465753
mn1910,dementia,10.526027397260274
mn1911,death,8.863013698630137
mn1913,death,10.893150684931507
mn1914,death,4.2027397260273975
mn1917,death,10.336986301369864
mn1919,death,11.383561643835616
mn1920,censor,11.13972602739726
mn1921,dementia,2.8958904109589043
mn1927,death,1.6849315068493151
mn1928,dementia,0.6520547945205479
mn1929,dementia,6.7753424657534245
mn1932,dementia,11.531506849315068
mn1934,censor,11.238356164383562
mn1936,dementia,7.402739726027397
mn1940,censor,11.082191780821915
mn1943,censor,12.095890410958903
mn1944,dementia,0.7616438356164383
mn1951,death,5.758904109589041
mn1955,death,10.068493150684931
mn1957,censor,11.61917808219178
mn1961,death,10.441095890410958
mn1962,death,9.63835616438356
mn1966,dementia,11.753424657534246
mn1969,censor,11.432876712328769
mn1971,censor,10.427397260273972
mn1973,censor,10.191780821917808
mn1974,death,8.556164383561644
mn1975,death,10.558904109589042
mn1978,death,10.778082191780822
mn1981,censor,10.605479452054794
mn1982,death,4.756164383561644
mn1987,censor,10.427397260273972
mn1988,death,6.038356164383561
mn1991,censor,10.167123287671233
mn1996,death,9.972602739726028
mn1997,dementia,0.5452054794520548
mn1998,censor,10.18082191780822
mn1999,death,2.389041095890411
mn2002,censor,10.09041095890411
mn2003,censor,10.627397260273971
mn2005,death,7.219178082191781
mn2006,censor,11.2986301369863
mn2013,death,11.065753424657537
mn2019,death,10.076712328767124
mn2020,censor,11.35068493150685
mn2024,death,9.578082191780824
mn2025,censor,11.810958904109588
mn2027,censor,11.238356164383562
mn2028,censor,11.219178082191782
mn2033,death,7.035616438356165
mn2035,death,3.336986301369863
mn2039,death,9.73972602739726
mn2042,death,6.821917808219178
mn2043,censor,10.372602739726029
mn2045,death,10.167123287671233
mn2048,dementia,4.356164383561644
mn2053,censor,3.3698630136986303
mn2054,dementia,1.093150684931507
mn2058,dementia,0.0
mn2060,dementia,0.6219178082191781
mn2064,censor,11.63835616438356
mn2065,death,5.383561643835616
mn2070,death,2.8493150684931505
mn2071,death,3.627397260273973
mn2076,death,10.167123287671233
mn2078,dementia,11.178082191780822
mn2079,dementia,0.6465753424657534
mn2080,censor,11.178082191780822
mn2088,censor,10.712328767123289
mn2089,death,7.578082191780822
mn2091,censor,11.232876712328768
mn2092,death,11.06027397260274
mn2094,censor,11.03835616438356
mn2098,censor,9.476712328767125
mn2099,censor,10.86027397260274
mn2101,censor,11.0986301369863
mn2106,death,5.8191780821917805
mn2111,dementia,10.449315068493153
mn2114,censor,10.158904109589042
mn2116,death,10.487671232876712
mn2118,dementia,5.232876712328767
mn2121,death,5.956164383561644
mn2123,censor,11.761643835616438
mn2126,dementia,11.31780821917808
mn2129,censor,10.167123287671233
mn2130,death,3.4767123287671238
mn2131,censor,10.18082191780822
mn2134,death,9.912328767123288
mn2137,censor,11.046575342465754
mn2140,censor,11.216438356164383
mn2141,censor,10.567123287671231
mn2143,censor,10.561643835616438
mn2145,censor,11.191780821917808
mn2146,death,5.665753424657535
mn2148,censor,9.772602739726029
mn2149,death,10.69041095890411
mn2152,censor,10.391780821917807
mn2157,censor,11.043835616438356
mn2159,death,4.038356164383561
mn2160,censor,11.36986301369863
mn2161,death,5.561643835616438
mn2165,censor,10.747945205479452
mn2166,censor,2.8109589041095893
mn2169,death,10.652054794520549
mn2170,death,9.315068493150685
mn2178,censor,10.032876712328768
mn2184,censor,11.715068493150683
mn2190,censor,9.923287671232876
mn2191,death,7.361643835616438
mn2192,dementia,4.172602739726028
mn2194,censor,10.624657534246577
mn2196,death,3.372602739726027
mn2199,death,7.0
mn2200,death,2.1013698630136988
mn2201,dementia,0.0
mn2202,censor,9.764383561643836
mn2203,censor,11.082191780821915
mn2204,dementia,0.0
mn2207,censor,11.145205479452056
mn2208,censor,10.93972602739726
mn2209,death,5.558904109589041
mn2213,censor,10.849315068493151
mn2214,censor,11.68219178082192
mn2218,death,8.547945205479452
mn2219,death,9.257534246575345
mn2221,dementia,10.854794520547944
mn2223,death,9.484931506849316
mn2224,censor,11.04109589041096
mn2226,dementia,0.8986301369863013
mn2228,death,5.419178082191781
mn2231,dementia,1.104109589041096
mn2232,censor,10.912328767123288
mn2241,censor,11.065753424657537
mn2242,censor,3.857534246575343
mn2243,death,2.104109589041096
mn2246,censor,10.715068493150683
mn2247,dementia,0.0
mn2249,censor,10.964383561643835
mn2250,dementia,10.868493150684932
mn2251,censor,11.791780821917808
mn2255,censor,10.065753424657537
mn2258,dementia,5.93972602739726
mn2259,dementia,3.621917808219178
mn2261,death,8.986301369863014
mn2263,death,7.082191780821918
mn2267,censor,10.084931506849315
mn2273,censor,11.27945205479452
mn2275,death,7.846575342465753
mn2276,death,3.5397260273972604
mn2278,censor,6.005479452054795
mn2280,censor,11.926027397260274
mn2283,censor,9.673972602739726
mn2285,dementia,11.150684931506849
mn2286,censor,10.375342465753423
mn2288,death,10.810958904109588
mn2289,censor,10.43013698630137
mn2292,death,8.326027397260274
mn2293,censor,10.36986301369863
mn2297,censor,10.67123287671233
mn2298,censor,10.353424657534246
mn2301,censor,10.947945205479453
mn2306,dementia,11.394520547945206
mn2308,censor,10.438356164383562
mn2309,death,10.24931506849315
mn2312,death,9.063013698630137
mn2315,death,9.123287671232877
mn2316,dementia,10.282191780821918
mn2319,censor,11.221917808219178
mn2322,dementia,2.0027397260273974
mn2323,censor,10.397260273972602
mn2324,dementia,11.126027397260271
mn2325,death,6.652054794520548
mn2326,censor,11.095890410958903
mn2330,dementia,1.4547945205479451
mn2333,censor,10.164383561643836
mn2335,death,3.2
mn2336,death,6.276712328767124
mn2337,death,8.66027397260274
mn2338,censor,10.145205479452056
mn2339,dementia,10.934246575342463
mn2340,death,6.183561643835616
mn2344,censor,10.81917808219178
mn2345,death,4.145205479452055
mn2347,censor,9.608219178082193
mn2350,censor,10.624657534246577
mn2352,censor,10.564383561643837
mn2358,censor,11.194520547945206
mn2359,death,9.747945205479452
mn2361,death,6.884931506849315
mn2363,censor,10.383561643835616
mn2364,censor,10.427397260273972
mn2370,dementia,0.8767123287671232
mn2372,death,9.191780821917808
mn2374,death,5.484931506849315
mn2378,censor,10.602739726027398
mn2379,censor,9.794520547945206
mn2380,censor,11.334246575342464
mn2381,censor,10.41095890410959
mn2383,censor,10.602739726027398
mn2385,censor,10.432876712328769
mn2388,censor,3.950684931506849
mn2389,censor,10.142465753424656
mn2390,censor,1.0767123287671232
mn2391,censor,10.052054794520547
mn2392,censor,10.547945205479452
mn2393,dementia,1.6246575342465754
mn2394,death,6.931506849315069
mn2396,censor,10.43013698630137
mn2400,censor,10.347945205479451
mn2403,censor,10.567123287671231
mn2404,censor,9.797260273972602
mn2405,censor,10.838356164383562
mn2406,death,6.854794520547945
mn2407,censor,10.397260273972602
mn2408,dementia,3.378082191780822
mn2409,dementia,10.72054794520548
mn2410,censor,10.73150684931507
mn2411,death,5.383561643835616
mn2413,censor,10.704109589041096
mn2414,censor,0.0
mn2418,censor,11.41917808219178
mn2419,death,8.87945205479452
mn2421,censor,11.24109589041096
mn2423,censor,11.408219178082192
mn2424,dementia,10.542465753424658
mn2425,death,9.01095890410959
mn2426,censor,10.778082191780822
mn2428,censor,10.547945205479452
mn2429,death,10.26027397260274
mn2432,censor,10.775342465753424
mn2433,dementia,5.947945205479452
mn2434,death,10.726027397260276
mn2437,dementia,9.838356164383562
mn2439,censor,11.295890410958904
mn2440,censor,9.81917808219178
mn2442,censor,9.906849315068492
mn2444,death,10.158904109589042
mn2451,censor,10.224657534246576
mn2457,censor,9.602739726027398
mn2458,censor,10.723287671232876
mn2459,censor,11.254794520547945
mn2461,censor,10.202739726027398
mn2463,death,8.024657534246575
mn2464,censor,10.205479452054794
mn2465,censor,9.706849315068494
mn2468,censor,11.345205479452057
mn2469,censor,11.082191780821915
mn2470,dementia,1.3287671232876712
mn2474,death,10.98904109589041
mn2475,censor,10.41095890410959
mn2476,death,9.31780821917808
mn2480,censor,10.183561643835615
mn2481,censor,10.073972602739726
mn2484,dementia,3.778082191780822
mn2486,censor,9.895890410958904
mn2488,censor,9.627397260273971
mn2489,censor,10.375342465753423
mn2491,censor,10.931506849315069
mn2492,censor,9.991780821917809
mn2496,dementia,4.216438356164384
mn2498,censor,10.8
mn2499,censor,9.389041095890413
mn2500,censor,11.424657534246576
mn2503,censor,9.778082191780822
mn2505,dementia,3.873972602739726
pa3002,censor,10.347945205479451
pa3005,censor,9.73972602739726
pa3007,censor,10.41095890410959
pa3008,death,6.506849315068493
pa3009,censor,9.37808219178082
pa3010,death,7.964383561643835
pa3011,censor,11.04109589041096
pa3013,censor,10.065753424657537
pa3014,censor,10.468493150684932
pa3015,censor,10.794520547945206
pa3016,dementia,1.189041095890411
pa3017,censor,10.73972602739726
pa3018,censor,9.816438356164385
pa3019,death,4.986301369863014
pa3021,dementia,7.331506849315068
pa3022,dementia,1.1863013698630136
pa3023,censor,2.378082191780822
pa3024,censor,11.271232876712329
pa3025,censor,10.490410958904109
pa3027,censor,2.16986301369863
pa3028,death,2.958904109589041
pa3029,censor,10.06027397260274
pa3030,death,8.202739726027398
pa3034,censor,11.210958904109589
pa3035,censor,10.43013698630137
pa3036,death,4.487671232876712
pa3038,censor,10.331506849315067
pa3040,censor,10.482191780821918
pa3046,censor,11.997260273972604
pa3047,censor,10.31780821917808
pa3048,death,2.063013698630137
pa3049,dementia,1.0712328767123287
pa3053,censor,11.717808219178082
pa3054,death,9.747945205479452
pa3056,censor,10.512328767123288
pa3058,dementia,1.282191780821918
pa3059,death,4.353424657534247
pa3061,death,8.852054794520548
pa3062,censor,9.852054794520548
pa3063,censor,10.567123287671231
pa3064,censor,10.068493150684931
pa3070,censor,11.147945205479452
pa3072,censor,10.56986301369863
pa3077,censor,10.493150684931509
pa3079,censor,11.443835616438356
pa3080,dementia,0.4602739726027397
pa3084,dementia,2.9287671232876717
pa3086,dementia,3.2739726027397262
pa3089,censor,9.98904109589041
pa3091,censor,10.531506849315068
pa3092,death,2.610958904109589
pa3093,censor,12.087671232876712
pa3094,dementia,1.0547945205479452
pa3096,censor,0.0
pa3098,censor,10.504109589041096
pa3102,dementia,3.191780821917808
pa3104,death,2.9342465753424656
pa3105,censor,12.087671232876712
pa3106,censor,10.931506849315069
pa3107,censor,11.002739726027396
pa3108,death,2.2
pa3111,censor,9.63013698630137
pa3112,censor,11.175342465753424
pa3113,censor,11.235616438356164
pa3114,censor,9.70958904109589
pa3115,death,10.263013698630138
pa3118,death,6.857534246575343
pa3119,censor,10.531506849315068
pa3120,death,5.463013698630137
pa3121,death,11.830136986301367
pa3125,censor,10.501369863013698
pa3126,censor,9.605479452054794
pa3129,death,9.238356164383562
pa3130,censor,10.471232876712328
pa3131,dementia,1.1534246575342466
pa3135,censor,10.616438356164384
pa3136,death,10.06027397260274
pa3141,dementia,4.315068493150685
pa3144,censor,11.835616438356164
pa3146,death,4.857534246575343
pa3151,censor,10.90958904109589
pa3152,death,9.06027397260274
pa3155,censor,3.32054794520548
pa3156,death,6.16986301369863
pa3159,death,2.9452054794520546
pa3161,death,8.90958904109589
pa3162,censor,10.219178082191782
pa3163,censor,10.506849315068491
pa3166,censor,9.736986301369862
pa3167,censor,9.627397260273971
pa3169,censor,9.715068493150683
pa3170,death,7.695890410958904
pa3171,dementia,3.4383561643835616
pa3172,censor,10.56986301369863
pa3173,censor,11.64931506849315
pa3175,censor,10.561643835616438
pa3177,censor,0.0
pa3179,censor,10.084931506849315
pa3182,censor,11.67123287671233
pa3185,death,9.542465753424658
pa3189,censor,11.208219178082192
pa3191,censor,10.463013698630135
pa3192,censor,10.035616438356165
pa3193,dementia,2.3863013698630136
pa3195,censor,10.73972602739726
pa3201,censor,10.126027397260271
pa3203,death,8.580821917808219
pa3204,censor,10.706849315068494
pa3205,death,10.547945205479452
pa3210,censor,11.273972602739724
pa3214,dementia,10.408219178082192
pa3215,death,9.221917808219178
pa3216,death,5.2027397260273975
pa3217,death,9.912328767123288
pa3219,death,2.6931506849315068
pa3222,death,4.761643835616439
pa3223,dementia,11.213698630136989
pa3225,dementia,0.0
pa3228,death,5.52054794520548
pa3229,censor,9.663013698630136
pa3233,death,9.632876712328768
pa3236,censor,10.504109589041096
pa3238,censor,10.586301369863014
pa3240,death,11.786301369863011
pa3241,censor,10.558904109589042
pa3243,censor,11.52054794520548
pa3248,dementia,0.936986301369863
pa3250,censor,10.556164383561644
pa3253,censor,10.452054794520548
pa3255,censor,10.66027397260274
pa3260,dementia,3.282191780821918
pa3262,death,10.18082191780822
pa3264,censor,10.616438356164384
pa3266,death,5.397260273972603
pa3268,dementia,2.564383561643836
pa3274,death,6.8
pa3276,censor,3.4712328767123286
pa3280,censor,10.509589041095891
pa3284,censor,10.46027397260274
pa3285,censor,10.854794520547944
pa3287,death,9.408219178082192
pa3288,censor,10.96986301369863
pa3290,censor,9.676712328767124
pa3291,censor,10.287671232876711
pa3292,censor,11.082191780821915
pa3294,censor,10.676712328767124
pa3295,censor,11.405479452054797
pa3299,censor,10.646575342465754
pa3303,censor,10.30958904109589
pa3305,death,5.983561643835617
pa3306,dementia,0.3972602739726027
pa3307,dementia,3.6301369863013697
pa3315,censor,10.084931506849315
pa3316,death,8.241095890410959
pa3322,censor,10.545205479452054
pa3323,censor,9.356164383561644
pa3328,dementia,1.0465753424657531
pa3331,death,5.586301369863014
pa3334,dementia,1.2082191780821918
pa3341,death,3.747945205479452
pa3346,censor,10.126027397260271
pa3349,death,10.326027397260274
pa3352,death,11.063013698630137
pa3353,dementia,2.7616438356164386
pa3356,death,3.5835616438356164
pa3357,death,3.238356164383561
pa3360,censor,10.175342465753424
pa3362,censor,10.846575342465751
pa3366,dementia,1.2684931506849315
pa3368,censor,9.904109589041097
pa3377,censor,10.761643835616438
pa3378,censor,10.36164383561644
pa3380,censor,11.9013698630137
pa3382,dementia,0.0
pa3383,censor,10.717808219178082
pa3387,censor,10.008219178082191
pa3390,death,5.978082191780822
pa3392,death,5.476712328767123
pa3393,censor,10.789041095890411
pa3394,censor,11.156164383561643
pa3395,censor,10.336986301369864
pa3397,death,5.742465753424658
pa3398,censor,3.5616438356164384
pa3399,death,6.6876712328767125
pa3400,death,8.591780821917808
pa3401,censor,10.605479452054794
pa3402,censor,3.3424657534246576
pa3403,dementia,1.4164383561643836
pa3405,dementia,0.5452054794520548
pa3406,censor,10.134246575342466
pa3408,censor,10.646575342465754
pa3409,censor,11.0
pa3411,dementia,0.9561643835616438
pa3412,death,11.093150684931508
pa3415,censor,3.452054794520548
pa3417,censor,0.0
pa3418,censor,10.824657534246576
pa3419,death,10.189041095890412
pa3420,censor,3.4383561643835616
pa3421,censor,11.578082191780824
pa3423,death,4.594520547945206
pa3426,censor,10.767123287671232
pa3427,censor,0.0
pa3428,censor,9.397260273972602
pa3429,dementia,3.564383561643836
pa3430,censor,10.509589041095891
pa3431,censor,10.92876712328767
pa3434,dementia,1.4356164383561645
pa3440,censor,11.986301369863014
pa3442,death,7.695890410958904
pa3445,dementia,0.9863013698630136
pa3447,censor,3.627397260273973
pa3448,censor,11.295890410958904
pa3449,death,3.6986301369863015
pa3450,censor,10.32876712328767
pa3451,dementia,1.0986301369863014
pa3454,censor,5.734246575342466
pa3455,censor,11.04931506849315
pa3456,dementia,1.202739726027397
pa3457,censor,10.942465753424658
pa3459,death,10.676712328767124
pa3466,censor,10.854794520547944
pa3469,censor,11.024657534246575
pa3471,death,5.947945205479452
pa3472,censor,10.572602739726028
pa3474,death,2.936986301369863
pa3476,censor,10.868493150684932
pa3479,censor,10.967123287671232
pa3480,censor,11.183561643835615
pa3481,dementia,3.632876712328767
pa3485,dementia,1.0986301369863014
pa3486,censor,10.810958904109588
pa3489,censor,11.084931506849315
pa3492,censor,10.87945205479452
pa3495,censor,11.095890410958903
pa3496,dementia,1.3506849315068492
pa3498,death,10.745205479452055
pa3499,death,4.898630136986301
pa3502,dementia,0.810958904109589
pa3503,dementia,3.1616438356164385
pa3504,death,3.0054794520547947
pa3506,dementia,0.0
pa3511,death,4.698630136986301
pa3512,dementia,11.942465753424658
pa3515,censor,0.9945205479452056
pa3516,death,9.9013698630137
pa3519,censor,11.435616438356163
pa3521,dementia,6.712328767123288
pa3522,censor,10.117808219178082
pa3526,censor,11.07945205479452
pa3528,censor,10.816438356164385
pa3532,death,12.265753424657534
pa3534,death,11.893150684931507
pa3535,censor,11.027397260273972
pa3539,dementia,0.0
pa3541,censor,11.452054794520548
pa3544,censor,3.6986301369863015
pa3545,censor,1.3150684931506849
pa3547,censor,3.6575342465753424
pa3549,dementia,0.7287671232876712
pa3553,censor,11.12054794520548
pa3554,death,11.821917808219178
pa3562,censor,11.506849315068491
pa3565,dementia,11.005479452054796
pa3567,dementia,0.0
pa3568,death,9.534246575342468
pa3570,dementia,4.315068493150685
pa3572,censor,10.605479452054794
pa3574,dementia,1.3534246575342466
pa3575,dementia,1.7287671232876711
pa3591,death,3.3232876712328765
pa3595,death,8.764383561643836
pa3596,dementia,6.265753424657534
pa3597,death,6.542465753424658
pa3601,dementia,1.0767123287671232
pa3602,dementia,3.7424657534246575
pa3603,death,9.884931506849314
pa3605,censor,11.161643835616438
pa3606,censor,10.96986301369863
pa3607,death,6.241095890410959
pa3609,death,10.90958904109589
pa3612,dementia,1.4301369863013698
pa3613,death,8.813698630136987
pa3614,death,8.545205479452054
pa3616,dementia,6.3863013698630136
pa3617,death,10.58904109589041
pa3622,dementia,3.580821917808219
pa3628,death,10.526027397260274
pa3632,censor,10.482191780821918
pa3634,dementia,3.72054794520548
pa3635,censor,10.432876712328769
pa3636,dementia,1.808219178082192
pa3639,censor,3.1397260273972605
pa3640,censor,10.282191780821918
pa3643,dementia,5.7095890410958905
pa3645,censor,10.92876712328767
pa3650,censor,10.572602739726028
pa3651,censor,10.6986301369863
pa3652,death,2.504109589041096
pa3654,death,8.353424657534246
pa3655,death,4.038356164383561
pa3656,dementia,0.0
pa3657,death,7.345205479452055
pa3663,death,7.879452054794521
pa3664,death,6.424657534246576
pa3665,death,5.504109589041096
pa3667,death,1.83013698630137
pa3670,death,5.435616438356164
pa3672,death,2.1232876712328768
pa3673,censor,10.778082191780822
pa3676,censor,11.394520547945206
pa3678,censor,9.306849315068494
pa3680,death,1.868493150684932
pa3684,death,2.287671232876712
pa3686,censor,11.232876712328768
pa3687,censor,10.712328767123289
pa3691,dementia,1.4931506849315068
pa3693,dementia,6.18082191780822
pa3696,death,10.435616438356163
pa3699,death,6.427397260273972
pa3701,death,9.126027397260271
pa3702,dementia,1.3863013698630138
pa3703,death,10.32054794520548
pa3707,censor,10.945205479452056
pa3708,dementia,10.90958904109589
pa3711,dementia,3.5424657534246577
pa3712,censor,10.67945205479452
pa3718,death,3.2794520547945205
pa3719,censor,11.591780821917808
pa3721,death,10.210958904109589
pa3722,censor,0.0
pa3730,censor,11.652054794520549
pa3731,death,6.2
pa3737,dementia,0.0
pa3738,censor,11.232876712328768
pa3740,death,1.852054794520548
pa3742,censor,11.271232876712329
pa3746,death,3.5616438356164384
pa3747,censor,10.68219178082192
pa3748,censor,10.816438356164385
pa3750,censor,10.871232876712329
pa3755,dementia,3.5178082191780824
pa3757,censor,3.758904109589041
pa3760,dementia,1.021917808219178
pa3763,censor,0.0
pa3766,dementia,5.780821917808219
pa3767,censor,10.786301369863011
pa3768,censor,10.75068493150685
pa3774,death,3.772602739726028
pa3775,censor,3.66027397260274
pa3783,censor,10.586301369863014
pa3784,death,8.421917808219177
pa3789,dementia,4.189041095890411
pa3797,death,3.4657534246575343
pa3803,death,3.926027397260274
pa3808,dementia,10.652054794520549
pa3809,death,7.917808219178082
pa3810,death,4.435616438356164
pa3811,death,7.263013698630137
pa3814,censor,10.767123287671232
pa3815,death,8.202739726027398
pa3816,death,6.287671232876712
pa3823,death,10.161643835616438
pa3828,dementia,11.147945205479452
pa3829,censor,11.216438356164383
pa3830,death,3.484931506849315
pa3833,censor,10.315068493150685
pa3834,censor,11.293150684931506
pa3836,censor,3.5287671232876714
pa3837,death,3.317808219178082
pa3842,censor,10.846575342465751
pa3844,censor,11.093150684931508
pa3846,censor,11.18082191780822
pa3848,death,8.189041095890412
pa3850,dementia,5.594520547945206
pa3851,dementia,1.4301369863013698
pa3852,dementia,3.786301369863014
pa3854,censor,11.054794520547944
pa3856,death,11.235616438356164
pa3860,death,2.495890410958904
pa3861,censor,10.794520547945206
pa3862,dementia,1.3232876712328767
pa3863,dementia,1.304109589041096
pa3864,censor,10.923287671232876
pa3866,censor,10.304109589041095
pa3867,death,3.290410958904109
pa3869,death,8.635616438356164
pa3870,dementia,1.1178082191780825
pa3871,censor,11.123287671232877
pa3878,dementia,10.446575342465753
pa3879,dementia,0.0
pa3881,censor,11.490410958904109
pa3882,death,1.4904109589041097
pa3883,dementia,6.367123287671233
pa3885,censor,10.684931506849315
pa3886,censor,10.884931506849314
pa3889,censor,5.736986301369863
pa3892,censor,11.465753424657532
pa3893,censor,10.58904109589041
pa3899,censor,10.734246575342466
pa3901,dementia,0.0
pa3902,dementia,6.3863013698630136
pa3904,dementia,1.4794520547945205
pa3905,dementia,1.4136986301369865
pa3907,dementia,11.03835616438356
pa3909,censor,10.63835616438356
pa3910,death,10.219178082191782
pa3911,censor,10.550684931506847
pa3912,death,8.797260273972602
pa3913,dementia,1.03013698630137
pa3917,dementia,1.3315068493150686
pa3918,death,9.865753424657534
pa3919,censor,11.216438356164383
pa3920,censor,0.0
pa3922,death,4.276712328767124
pa3923,death,3.293150684931507
pa3924,censor,10.561643835616438
pa3928,death,7.3561643835616435
pa3930,dementia,1.2383561643835617
pa3933,death,10.506849315068491
pa3935,death,11.904109589041097
pa3937,censor,11.194520547945206
pa3939,dementia,1.6054794520547946
pa3940,censor,10.843835616438357
pa3942,death,10.884931506849314
pa3943,dementia,5.553424657534246
pa3944,censor,11.43013698630137
pa3945,dementia,6.624657534246575
pa3951,censor,6.4301369863013695
pa3952,dementia,3.6986301369863015
pa3953,censor,0.0
pa3958,dementia,1.5123287671232877
pa3963,dementia,11.101369863013698
pa3964,censor,9.972602739726028
pa3965,dementia,1.304109589041096
pa3967,dementia,1.4136986301369865
pa3968,censor,11.175342465753424
pa3970,death,5.120547945205479
pa3972,dementia,11.306849315068494
pa3973,death,4.112328767123287
pa3974,death,9.63013698630137
pa3975,censor,10.591780821917808
pa3977,censor,10.934246575342463
pa3979,dementia,1.2
pa3981,death,11.210958904109589
pa3982,death,7.186301369863013
pa3983,dementia,1.2219178082191782
pa3985,death,2.2054794520547945
pa3988,death,6.421917808219178
pa3991,dementia,1.1369863013698631
pa3993,censor,11.161643835616438
pa3994,censor,10.610958904109587
pa3998,censor,11.246575342465754
pa3999,death,11.3013698630137
pi4502,death,3.515068493150685
pi4503,censor,10.31780821917808
pi4504,death,6.7835616438356166
pi4508,death,7.13972602739726
pi4510,censor,10.142465753424656
pi4512,death,8.43013698630137
pi4513,death,2.364383561643836
pi4520,censor,10.873972602739729
pi4521,censor,6.2465753424657535
pi4522,death,5.06027397260274
pi4523,censor,11.92054794520548
pi4525,death,7.950684931506849
pi4528,death,7.821917808219178
pi4530,dementia,0.6931506849315069
pi4532,death,4.821917808219178
pi4534,death,6.838356164383562
pi4536,death,6.63013698630137
pi4543,dementia,3.2794520547945205
pi4546,death,4.978082191780822
pi4549,death,8.164383561643836
pi4550,censor,11.756164383561645
pi4551,censor,11.183561643835615
pi4552,dementia,0.0
pi4558,death,9.893150684931507
pi4559,dementia,2.2794520547945205
pi4561,death,7.35068493150685
pi4562,dementia,1.252054794520548
pi4566,death,4.972602739726027
pi4568,censor,10.898630136986302
pi4571,censor,10.421917808219176
pi4572,dementia,5.904109589041096
pi4573,censor,10.967123287671232
pi4574,death,10.01095890410959
pi4575,censor,9.789041095890411
pi4576,dementia,1.2328767123287672
pi4578,death,8.865753424657534
pi4580,death,9.441095890410958
pi4581,death,7.810958904109589
pi4585,death,9.6
pi4586,death,8.35068493150685
pi4587,death,4.347945205479452
pi4588,censor,10.101369863013698
pi4589,death,2.8767123287671232
pi4590,death,8.893150684931507
pi4592,censor,11.558904109589042
pi4594,death,7.186301369863013
pi4595,death,6.7095890410958905
pi4596,death,6.523287671232877
pi4603,censor,10.424657534246576
pi4604,censor,6.361643835616438
pi4605,death,5.002739726027397
pi4606,censor,10.797260273972602
pi4608,dementia,7.071232876712329
pi4609,death,8.183561643835617
pi4613,censor,3.372602739726027
pi4616,death,9.67123287671233
pi4621,censor,11.254794520547945
pi4624,censor,10.312328767123288
pi4625,censor,11.03013698630137
pi4626,death,10.31780821917808
pi4627,dementia,4.13972602739726
pi4629,death,6.854794520547945
pi4630,death,10.838356164383562
pi4631,censor,10.235616438356164
pi4635,censor,10.515068493150684
pi4638,censor,10.608219178082193
pi4639,dementia,3.3972602739726026
pi4644,censor,11.484931506849316
pi4645,dementia,6.556164383561644
pi4648,censor,10.197260273972605
pi4652,death,3.210958904109589
pi4656,death,5.043835616438356
pi4660,death,9.35890410958904
pi4661,death,5.706849315068493
pi4669,censor,11.295890410958904
pi4670,dementia,0.0
pi4671,dementia,1.1863013698630136
pi4672,censor,10.24109589041096
pi4674,censor,10.665753424657536
pi4679,censor,10.726027397260276
pi4683,death,10.695890410958905
pi4686,censor,10.391780821917807
pi4691,death,9.736986301369862
pi4695,death,11.780821917808218
pi4697,censor,9.558904109589042
pi4700,dementia,3.5205479452054798
pi4702,censor,9.863013698630136
pi4703,censor,10.347945205479451
pi4705,censor,11.087671232876712
pi4711,censor,11.2986301369863
pi4713,dementia,1.4575342465753425
pi4714,death,4.676712328767123
pi4715,death,9.09041095890411
pi4717,censor,10.684931506849315
pi4719,censor,11.312328767123288
pi4721,dementia,2.841095890410959
pi4722,censor,9.838356164383562
pi4723,censor,11.443835616438356
pi4725,death,8.353424657534246
pi4726,dementia,1.367123287671233
pi4727,death,9.613698630136986
pi4731,dementia,0.7643835616438356
pi4733,death,2.673972602739726
pi4736,death,10.8
pi4738,death,11.52054794520548
pi4740,dementia,5.405479452054794
pi4741,censor,10.657534246575343
pi4744,dementia,9.972602739726028
pi4745,death,10.994520547945204
pi4748,censor,11.397260273972602
pi4749,censor,3.5342465753424657
pi4750,death,10.24931506849315
pi4751,death,7.865753424657535
pi4752,dementia,0.0
pi4753,censor,10.032876712328768
pi4760,death,8.76986301369863
pi4761,death,4.161643835616438
pi4763,censor,10.98904109589041
pi4764,censor,5.6876712328767125
pi4765,death,3.33972602739726
pi4766,censor,10.24109589041096
pi4770,death,5.427397260273972
pi4772,death,7.120547945205479
pi4773,censor,10.912328767123288
pi4779,death,11.052054794520547
pi4782,censor,10.64931506849315
pi4783,death,9.975342465753425
pi4785,death,7.712328767123288
pi4786,censor,10.454794520547946
pi4789,censor,10.095890410958903
pi4790,death,7.909589041095891
pi4791,death,6.5479452054794525
pi4792,censor,10.704109589041096
pi4798,censor,10.528767123287672
pi4801,dementia,11.810958904109588
pi4806,dementia,3.221917808219178
pi4810,censor,10.367123287671232
pi4812,death,7.260273972602739
pi4813,censor,10.03013698630137
pi4815,censor,10.586301369863014
pi4818,censor,11.186301369863012
pi4822,censor,10.334246575342464
pi4823,censor,3.1452054794520548
pi4824,censor,9.92876712328767
pi4827,censor,10.490410958904109
pi4829,censor,10.704109589041096
pi4831,censor,10.726027397260276
pi4832,censor,10.736986301369862
pi4835,censor,10.383561643835616
pi4840,censor,11.197260273972605
pi4841,censor,11.67945205479452
pi4842,death,3.2739726027397262
pi4844,censor,10.830136986301367
pi4845,dementia,0.536986301369863
pi4850,censor,11.421917808219176
pi4855,death,10.12054794520548
pi4856,censor,10.936986301369863
pi4858,death,3.9863013698630136
pi4862,censor,10.991780821917809
pi4863,censor,10.33972602739726
pi4869,dementia,1.115068493150685
pi4872,censor,3.441095890410959
pi4873,censor,11.150684931506849
pi4876,death,9.553424657534247
pi4878,death,4.747945205479452
pi4880,censor,9.843835616438357
pi4881,death,5.495890410958904
pi4882,death,11.23013698630137
pi4883,death,8.131506849315068
pi4887,death,6.336986301369863
pi4888,death,4.980821917808219
pi4889,death,3.682191780821918
pi4894,censor,9.841095890410958
pi4895,censor,10.087671232876712
pi4896,censor,9.717808219178082
pi4898,dementia,10.912328767123288
pi4900,dementia,3.293150684931507
pi4901,death,3.821917808219178
pi4905,death,9.194520547945206
pi4908,dementia,0.9041095890410958
pi4909,death,11.189041095890412
pi4911,death,10.482191780821918
pi4912,censor,10.238356164383562
pi4913,death,9.75068493150685
pi4917,censor,10.326027397260274
pi4918,death,10.432876712328769
pi4921,censor,10.13972602739726
pi4925,dementia,2.512328767123288
pi4926,censor,11.29041095890411
pi4927,censor,3.315068493150685
pi4929,death,4.397260273972603
pi4931,censor,10.054794520547944
pi4932,dementia,10.684931506849315
pi4935,censor,0.0
pi4936,death,7.742465753424658
pi4938,dementia,6.843835616438356
pi4939,death,7.96986301369863
pi4940,censor,10.246575342465754
pi4941,censor,10.087671232876712
pi4942,censor,3.5972602739726027
pi4943,death,9.33972602739726
pi4944,censor,10.956164383561644
pi4945,death,1.4328767123287671
pi4946,censor,11.07123287671233
pi4947,death,3.704109589041096
pi4948,censor,6.167123287671233
pi4950,censor,10.106849315068493
pi4952,censor,3.0273972602739727
pi4954,death,7.024657534246575
pi4955,censor,10.684931506849315
pi4958,censor,10.972602739726028
pi4959,death,2.6767123287671235
pi4963,death,7.93972602739726
pi4965,dementia,5.098630136986301
pi4966,censor,10.775342465753424
pi4968,death,3.8767123287671232
pi4969,censor,10.202739726027398
pi4970,censor,9.635616438356164
pi4976,censor,11.276712328767124
pi4977,death,6.410958904109589
pi4980,censor,10.032876712328768
pi4983,censor,10.6986301369863
pi4984,censor,10.36986301369863
pi4985,dementia,1.073972602739726
pi4989,censor,10.315068493150685
pi4992,censor,9.953424657534246
pi4994,dementia,0.7808219178082192
pi4995,censor,11.545205479452054
pi4997,death,9.134246575342466
pi4998,censor,11.142465753424656
pi5004,death,8.904109589041095
pi5011,dementia,10.90958904109589
pi5015,censor,10.813698630136988
pi5016,censor,11.24109589041096
pi5017,censor,9.37808219178082
pi5020,censor,10.082191780821915
pi5021,censor,3.649315068493151
pi5022,censor,11.202739726027398
pi5024,death,10.986301369863014
pi5025,dementia,3.641095890410959
pi5028,censor,9.775342465753424
pi5029,death,3.3863013698630136
pi5030,censor,10.493150684931509
pi5033,censor,3.43013698630137
pi5039,censor,10.6986301369863
pi5040,death,1.641095890410959
pi5042,death,9.482191780821918
pi5043,censor,10.26027397260274
pi5045,death,7.252054794520548
pi5047,dementia,0.0
pi5048,censor,10.356164383561644
pi5050,censor,10.756164383561645
pi5051,censor,10.372602739726029
pi5052,death,8.895890410958904
pi5053,death,4.906849315068493
pi5056,censor,9.668493150684933
pi5057,censor,10.517808219178082
pi5058,death,9.92054794520548
pi5062,death,3.4027397260273973
pi5067,censor,10.471232876712328
pi5068,death,8.90958904109589
pi5069,death,8.301369863013699
pi5071,censor,4.372602739726028
pi5073,censor,10.726027397260276
pi5079,death,11.0986301369863
pi5080,censor,10.835616438356164
pi5081,censor,4.021917808219178
pi5082,death,3.249315068493151
pi5083,censor,11.717808219178082
pi5086,censor,10.81917808219178
pi5087,death,5.898630136986301
pi5088,censor,10.832876712328767
pi5090,death,4.635616438356164
pi5092,censor,11.402739726027397
pi5093,censor,10.95068493150685
pi5094,death,3.1013698630136988
pi5095,censor,11.405479452054797
pi5100,censor,11.3013698630137
pi5103,censor,11.405479452054797
pi5107,censor,10.547945205479452
pi5109,censor,10.75890410958904
pi5112,death,7.608219178082192
pi5116,death,2.936986301369863
pi5117,death,8.668493150684931
pi5118,death,8.882191780821918
pi5119,censor,10.326027397260274
pi5122,censor,10.087671232876712
pi5125,death,7.912328767123288
pi5127,death,10.427397260273972
pi5130,dementia,11.394520547945206
pi5132,dementia,4.093150684931507
pi5135,death,7.331506849315068
pi5136,death,6.695890410958904
pi5137,dementia,3.978082191780822
pi5138,censor,10.191780821917808
pi5142,censor,10.86027397260274
pi5145,death,11.70958904109589
pi5146,death,5.569863013698631
pi5148,censor,11.643835616438356
pi5151,censor,9.764383561643836
pi5152,death,6.210958904109589
pi5153,death,5.063013698630137
pi5154,death,7.084931506849316
pi5157,dementia,6.052054794520548
pi5162,dementia,3.4986301369863013
pi5164,censor,10.591780821917808
pi5170,censor,10.065753424657537
pi5172,dementia,0.0
pi5174,dementia,3.7150684931506848
pi5177,death,8.32876712328767
pi5180,censor,10.726027397260276
pi5181,censor,11.490410958904109
pi5185,death,4.131506849315069
pi5186,censor,9.95068493150685
pi5187,censor,10.457534246575342
pi5188,dementia,6.956164383561644
pi5189,dementia,1.6986301369863013
pi5191,death,10.849315068493151
pi5192,censor,10.64931506849315
pi5193,dementia,11.413698630136986
pi5194,dementia,10.70958904109589
pi5196,censor,11.191780821917808
pi5197,censor,11.684931506849315
pi5198,dementia,0.0
pi5200,death,10.893150684931507
pi5202,death,5.997260273972603
pi5206,censor,10.852054794520548
pi5207,censor,9.827397260273973
pi5208,censor,0.0
pi5211,censor,10.567123287671231
pi5212,death,9.715068493150683
pi5213,death,3.432876712328768
pi5214,censor,10.898630136986302
pi5215,dementia,1.178082191780822
pi5219,censor,11.356164383561644
pi5220,censor,10.931506849315069
pi5221,dementia,1.1561643835616435
pi5227,dementia,4.024657534246575
pi5228,death,11.531506849315068
pi5230,death,8.556164383561644
pi5233,censor,11.01095890410959
pi5238,censor,10.786301369863011
pi5239,dementia,0.0
pi5241,censor,9.934246575342463
pi5242,death,11.63835616438356
pi5247,death,9.345205479452057
pi5248,censor,3.994520547945205
pi5250,censor,9.726027397260276
pi5252,dementia,10.646575342465754
pi5254,censor,10.526027397260274
pi5255,censor,10.356164383561644
pi5257,censor,10.342465753424657
pi5258,death,8.416438356164383
pi5262,censor,10.810958904109588
pi5264,dementia,1.7917808219178082
pi5266,censor,10.89041095890411
pi5268,censor,10.315068493150685
pi5269,death,8.106849315068493
pi5270,death,6.942465753424657
pi5271,dementia,7.0
pi5273,censor,10.810958904109588
pi5274,death,3.92054794520548
pi5275,death,10.005479452054796
pi5276,death,3.158904109589041
pi5278,censor,10.553424657534247
pi5282,death,11.556164383561644
pi5285,censor,10.736986301369862
pi5287,censor,10.221917808219178
pi5288,censor,11.265753424657534
pi5290,censor,1.4191780821917808
pi5291,censor,10.263013698630138
pi5292,death,8.123287671232877
pi5295,censor,10.375342465753423
pi5296,death,7.208219178082191
pi5297,censor,9.7013698630137
pi5299,death,10.854794520547944
pi5303,death,9.715068493150683
pi5304,death,10.468493150684932
pi5305,censor,10.627397260273971
pi5308,censor,11.213698630136989
pi5309,censor,4.312328767123288
pi5310,death,2.589041095890411
pi5313,censor,10.665753424657536
pi5314,death,11.01917808219178
pi5316,dementia,1.7315068493150685
pi5319,death,9.668493150684933
pi5320,censor,11.063013698630137
pi5323,death,3.6931506849315063
pi5324,censor,10.2986301369863
pi5325,censor,4.109589041095891
pi5329,death,8.906849315068493
pi5330,death,5.493150684931507
pi5334,censor,9.7013698630137
pi5339,dementia,4.323287671232877
pi5340,censor,10.934246575342463
pi5341,censor,11.054794520547944
pi5343,censor,11.386301369863014
pi5344,death,7.616438356164384
pi5346,death,8.424657534246576
pi5347,censor,4.276712328767124
pi5348,censor,10.783561643835617
pi5349,censor,11.473972602739726
pi5350,death,7.728767123287671
pi5355,death,10.295890410958904
pi5356,censor,3.8383561643835615
pi5361,death,10.172602739726027
pi5363,dementia,0.0
pi5373,censor,10.169863013698633
pi5375,dementia,1.536986301369863
pi5377,censor,11.67945205479452
pi5379,death,12.046575342465754
pi5381,death,7.243835616438356
pi5382,censor,10.032876712328768
pi5383,dementia,3.5671232876712327
pi5386,censor,10.871232876712329
pi5388,death,8.156164383561643
pi5389,death,11.87945205479452
pi5393,censor,9.953424657534246
pi5396,death,7.526027397260274
pi5399,censor,11.27945205479452
pi5403,censor,10.764383561643836
pi5404,death,8.835616438356164
pi5409,dementia,3.978082191780822
pi5410,censor,11.312328767123288
pi5411,censor,11.556164383561644
pi5412,death,6.912328767123288
pi5416,dementia,4.254794520547946
pi5417,censor,10.742465753424655
pi5419,censor,9.594520547945203
pi5421,censor,10.2
pi5422,dementia,6.128767123287672
pi5426,censor,9.931506849315069
pi5430,dementia,0.0
pi5431,dementia,4.101369863013699
pi5432,censor,10.476712328767125
pi5434,censor,9.895890410958904
pi5437,death,8.142465753424657
pi5440,censor,11.506849315068491
pi5441,dementia,3.871232876712329
pi5445,censor,10.186301369863012
pi5446,death,8.156164383561643
pi5450,dementia,1.227397260273973
pi5452,censor,11.043835616438356
pi5455,censor,10.227397260273971
pi5456,death,9.602739726027398
pi5460,death,9.391780821917807
pi5462,censor,6.268493150684932
pi5465,censor,10.438356164383562
pi5466,censor,10.169863013698633
pi5472,censor,10.723287671232876
pi5473,death,7.786301369863014
pi5474,death,7.624657534246575
pi5475,death,12.04931506849315
pi5476,dementia,10.849315068493151
pi5477,dementia,4.049315068493151
pi5479,dementia,6.904109589041096
pi5481,censor,6.879452054794521
pi5486,censor,10.397260273972602
pi5487,censor,11.106849315068493
pi5489,censor,9.931506849315069
pi5490,death,10.37808219178082
pi5491,censor,11.161643835616438
pi5499,censor,12.046575342465754
pi5500,censor,9.86027397260274
pi5501,dementia,4.142465753424657
pi5505,censor,10.53972602739726
po6501,censor,9.736986301369862
po6502,death,2.9068493150684933
po6503,death,6.068493150684931
po6504,censor,9.627397260273971
po6507,dementia,1.2
po6509,censor,11.027397260273972
po6512,dementia,10.389041095890413
po6516,censor,10.501369863013698
po6524,censor,9.704109589041096
po6525,death,4.249315068493151
po6527,censor,11.526027397260274
po6528,censor,10.534246575342468
po6529,death,1.8164383561643835
po6531,censor,10.986301369863014
po6536,censor,10.493150684931509
po6537,censor,10.334246575342464
po6538,censor,10.66027397260274
po6541,death,7.882191780821918
po6546,censor,10.43013698630137
po6547,dementia,10.282191780821918
po6548,censor,10.917808219178085
po6549,dementia,7.317808219178082
po6551,death,8.282191780821918
po6554,dementia,6.471232876712329
po6555,death,3.8054794520547945
po6556,censor,10.515068493150684
po6557,death,8.156164383561643
po6558,censor,10.53972602739726
po6559,dementia,3.1534246575342464
po6564,censor,9.846575342465751
po6566,censor,10.41095890410959
po6567,censor,10.41095890410959
po6569,censor,10.336986301369864
po6573,death,9.169863013698633
po6574,dementia,10.4
po6575,censor,3.180821917808219
po6576,death,8.942465753424658
po6577,death,4.205479452054795
po6583,censor,9.556164383561644
po6584,dementia,3.117808219178082
po6585,death,10.58904109589041
po6586,death,9.065753424657537
po6587,death,6.32054794520548
po6591,censor,3.147945205479452
po6597,censor,10.52054794520548
po6600,dementia,7.342465753424658
po6602,death,1.873972602739726
po6605,death,8.257534246575343
po6609,death,2.868493150684932
po6610,censor,10.41917808219178
po6612,censor,10.446575342465753
po6613,censor,10.334246575342464
po6617,death,10.41917808219178
po6618,censor,10.706849315068494
po6619,censor,10.347945205479451
po6623,death,7.758904109589041
po6630,death,4.66027397260274
po6631,dementia,1.2054794520547945
po6635,death,5.175342465753425
po6642,dementia,3.1315068493150684
po6644,death,4.021917808219178
po6648,censor,6.895890410958904
po6651,censor,10.41095890410959
po6655,dementia,1.3287671232876712
po6659,dementia,1.0876712328767124
po6660,dementia,10.432876712328769
po6663,dementia,1.1178082191780825
po6664,censor,9.972602739726028
po6666,death,11.553424657534247
po6670,censor,9.926027397260274
po6672,death,10.342465753424657
po6674,death,5.6438356164383565
po6677,censor,3.156164383561644
po6679,death,1.6575342465753424
po6680,censor,2.8273972602739725
po6682,censor,10.158904109589042
po6685,censor,10.432876712328769
po6688,censor,10.471232876712328
po6689,censor,10.490410958904109
po6690,death,7.432876712328767
po6692,dementia,7.315068493150685
po6693,censor,10.04931506849315
po6696,death,5.0
po6698,censor,10.465753424657532
po6699,dementia,10.47945205479452
po6702,death,2.4986301369863013
po6703,censor,3.1095890410958904
po6705,dementia,5.575342465753424
po6706,death,3.265753424657534
po6710,censor,10.397260273972602
po6714,censor,10.438356164383562
po6715,censor,10.783561643835617
po6717,censor,10.578082191780824
po6721,censor,10.558904109589042
po6727,censor,10.58904109589041
po6729,censor,10.558904109589042
po6730,death,8.893150684931507
po6732,death,6.183561643835616
po6733,censor,10.53972602739726
po6736,censor,10.509589041095891
po6742,censor,10.498630136986302
po6743,dementia,3.16986301369863
po6747,dementia,11.142465753424656
po6748,dementia,3.241095890410959
po6750,dementia,3.243835616438356
po6751,censor,10.487671232876712
po6753,censor,10.476712328767125
po6756,dementia,1.2465753424657535
po6760,dementia,3.210958904109589
po6761,censor,3.213698630136986
po6763,censor,10.67945205479452
po6770,censor,10.597260273972603
po6774,censor,10.594520547945203
po6779,censor,10.663013698630136
po6781,dementia,10.753424657534246
po6782,censor,11.161643835616438
po6783,censor,10.627397260273971
po6786,dementia,3.104109589041096
po6790,dementia,4.046575342465753
po6791,death,5.764383561643836
po6796,censor,9.852054794520548
po6798,censor,10.01095890410959
po6804,dementia,3.2246575342465755
po6810,dementia,1.073972602739726
po6817,dementia,0.0
po6821,death,4.452054794520548
po6823,censor,10.608219178082193
po6825,censor,10.657534246575343
po6826,censor,10.810958904109588
po6827,death,4.947945205479452
po6828,censor,10.605479452054794
po6835,dementia,2.882191780821918
po6836,censor,10.150684931506849
po6837,dementia,1.1945205479452057
po6839,dementia,1.2082191780821918
po6842,censor,10.756164383561645
po6844,censor,10.68219178082192
po6845,censor,10.761643835616438
po6846,censor,10.912328767123288
po6856,censor,6.394520547945206
po6857,censor,10.717808219178082
po6862,censor,10.715068493150683
po6864,censor,10.26849315068493
po6865,death,3.295890410958904
po6866,censor,11.41917808219178
po6868,censor,10.717808219178082
po6869,death,7.772602739726027
po6870,censor,10.712328767123289
po6871,censor,10.742465753424655
po6879,dementia,3.4493150684931506
po6885,dementia,7.172602739726028
po6888,death,6.961643835616439
po6891,dementia,1.2246575342465753
po6894,censor,10.96164383561644
po6900,dementia,0.0
po6901,censor,6.501369863013698
po6908,censor,10.728767123287671
po6910,death,8.101369863013698
po6912,censor,10.821917808219178
po6913,censor,10.246575342465754
po6914,death,4.260273972602739
po6915,censor,9.942465753424658
po6919,death,4.682191780821918
po6920,censor,10.96986301369863
po6923,censor,11.52054794520548
po6926,censor,10.876712328767123
po6928,censor,6.553424657534246
po6929,death,9.386301369863014
po6932,censor,11.10958904109589
po6933,death,11.616438356164384
po6936,death,10.405479452054797
po6937,dementia,1.3013698630136987
po6940,dementia,1.2602739726027397
po6943,censor,10.03013698630137
po6947,death,4.126027397260274
po6951,censor,3.287671232876712
po6955,censor,2.841095890410959
po6956,death,5.693150684931507
po6958,death,2.8109589041095893
po6961,censor,10.805479452054794
po6962,dementia,0.0
po6964,dementia,6.186301369863013
po6966,censor,10.832876712328767
po6970,death,11.67945205479452
po6972,death,3.5205479452054798
po6973,censor,10.89041095890411
po6976,death,10.095890410958903
po6982,censor,3.3945205479452056
po6987,censor,10.882191780821918
po6988,censor,10.915068493150685
po6994,censor,10.780821917808218
po6996,censor,10.956164383561644
po6998,censor,10.9013698630137
po7004,death,6.980821917808219
po7005,dementia,1.4027397260273973
po7010,censor,10.876712328767123
po7013,censor,7.284931506849315
po7019,dementia,3.495890410958904
po7020,dementia,10.624657534246577
po7021,dementia,3.6465753424657534
po7023,censor,10.761643835616438
po7027,censor,10.824657534246576
po7028,death,10.673972602739726
po7029,censor,10.835616438356164
po7031,censor,3.3972602739726026
po7033,dementia,0.926027397260274
po7035,censor,10.923287671232876
po7036,censor,10.917808219178085
po7042,dementia,0.0
po7044,death,3.0383561643835617
po7047,death,4.101369863013699
po7048,death,5.942465753424657
po7050,death,6.778082191780822
po7052,censor,10.67945205479452
po7057,censor,10.868493150684932
po7058,dementia,1.3315068493150686
po7065,censor,10.816438356164385
po7069,death,3.654794520547945
po7074,death,2.156164383561644
po7075,censor,3.010958904109589
po7078,death,10.723287671232876
po7080,censor,10.904109589041097
po7083,censor,10.964383561643835
po7085,dementia,3.378082191780822
po7088,censor,11.084931506849315
po7093,censor,11.024657534246575
po7096,censor,11.257534246575345
po7100,dementia,1.4027397260273973
po7105,censor,10.454794520547946
po7106,death,10.394520547945206
po7109,death,9.61917808219178
po7112,censor,10.887671232876713
po7114,death,4.13972602739726
po7120,dementia,1.3534246575342466
po7123,dementia,10.4
po7128,dementia,1.1945205479452057
po7129,censor,10.282191780821918
po7132,censor,10.947945205479453
po7134,censor,10.926027397260274
po7138,censor,10.789041095890411
po7140,censor,10.295890410958904
po7141,censor,10.871232876712329
po7142,censor,10.904109589041097
po7143,dementia,3.317808219178082
po7145,dementia,0.0
po7148,censor,5.536986301369863
po7149,death,3.676712328767124
po7150,censor,10.865753424657534
po7152,dementia,10.884931506849314
po7155,dementia,10.92054794520548
po7156,censor,11.01095890410959
po7157,dementia,1.3287671232876712
po7163,censor,11.03013698630137
po7166,censor,11.128767123287671
po7167,death,9.509589041095891
po7168,censor,11.224657534246576
po7169,death,11.684931506849315
po7171,death,2.421917808219178
po7174,censor,10.446575342465753
po7176,death,10.506849315068491
po7178,censor,10.942465753424658
po7182,dementia,0.9863013698630136
po7186,death,3.336986301369863
po7188,censor,10.87945205479452
po7189,censor,10.810958904109588
po7190,censor,11.076712328767124
po7191,death,10.035616438356165
po7198,censor,10.887671232876713
po7201,death,8.687671232876712
po7202,dementia,3.684931506849315
po7204,censor,7.364383561643836
po7207,censor,10.58904109589041
po7210,dementia,1.4164383561643836
po7216,censor,10.898630136986302
po7217,death,7.482191780821918
po7218,death,6.498630136986302
po7221,death,11.115068493150686
po7223,dementia,10.906849315068492
po7225,censor,6.838356164383562
po7229,death,8.197260273972603
po7230,censor,11.276712328767124
po7231,censor,11.468493150684932
po7233,censor,10.96164383561644
po7235,censor,7.3561643835616435
po7248,death,1.515068493150685
po7249,dementia,11.326027397260274
po7257,censor,4.1068493150684935
po7258,death,5.764383561643836
po7261,dementia,3.775342465753425
po7262,censor,10.624657534246577
po7266,censor,11.01095890410959
po7269,death,6.953424657534247
po7270,death,5.608219178082192
po7271,death,9.876712328767123
po7285,death,5.673972602739726
po7288,dementia,3.717808219178082
po7290,censor,11.295890410958904
po7293,death,8.131506849315068
po7301,censor,10.92054794520548
po7302,death,9.465753424657532
po7307,censor,10.96164383561644
po7309,death,4.8712328767123285
po7313,censor,10.87945205479452
po7322,dementia,11.210958904109589
po7327,censor,10.81917808219178
po7334,censor,10.849315068493151
po7336,dementia,3.6054794520547935
po7337,censor,0.0
po7343,censor,10.906849315068492
po7350,censor,10.947945205479453
po7351,censor,10.945205479452056
po7355,censor,10.849315068493151
po7357,censor,10.391780821917807
po7369,dementia,3.780821917808219
po7372,censor,10.854794520547944
po7373,censor,10.849315068493151
po7375,censor,10.956164383561644
po7377,censor,6.668493150684932
po7378,death,1.443835616438356
po7379,censor,3.813698630136986
po7380,death,11.243835616438355
po7383,death,3.4465753424657533
po7384,censor,3.791780821917808
po7386,censor,10.854794520547944
po7387,death,1.7671232876712328
po7390,censor,10.934246575342463
po7392,censor,3.843835616438356
po7394,death,8.361643835616439
po7395,censor,11.016438356164384
po7397,death,11.12054794520548
po7399,death,4.123287671232877
po7401,censor,1.452054794520548
po7406,censor,11.065753424657537
po7412,censor,10.967123287671232
po7413,censor,10.953424657534246
po7415,dementia,1.4328767123287671
po7417,dementia,7.342465753424658
po7418,censor,11.117808219178082
po7420,censor,10.550684931506847
po7431,death,2.7013698630136984
po7432,censor,10.923287671232876
po7433,death,10.38082191780822
po7435,death,8.98904109589041
po7441,censor,5.205479452054795
po7442,censor,10.553424657534247
po7446,death,9.323287671232876
po7450,censor,11.12054794520548
po7457,dementia,0.0
po7460,dementia,10.832876712328767
po7461,death,7.904109589041096
po7462,censor,10.854794520547944
po7468,censor,0.0
po7469,death,7.52054794520548
po7470,censor,10.704109589041096
po7476,censor,10.728767123287671
po7479,censor,6.493150684931507
po7481,dementia,5.383561643835616
po7484,death,9.994520547945204
po7486,censor,10.736986301369862
po7487,dementia,10.353424657534246
po7488,censor,10.854794520547944
po7489,censor,3.8054794520547945
po7491,censor,5.682191780821918
po7492,death,8.057534246575342
po7493,censor,10.898630136986302
po7494,censor,10.849315068493151
po7496,censor,10.221917808219178
po7498,death,6.2
po7499,censor,10.832876712328767
po7500,censor,10.904109589041097
po7503,censor,10.780821917808218
po7504,censor,2.8164383561643835
po7505,death,10.76986301369863
po7508,death,5.1945205479452055
po7512,death,5.052054794520548
po7513,censor,10.783561643835617
po7514,censor,10.8
po7516,death,4.561643835616438
sd8007,censor,3.0904109589041098
sd8010,dementia,1.1287671232876713
sd8011,censor,10.35890410958904
sd8012,dementia,1.5945205479452054
sd8015,dementia,4.761643835616439
sd8019,dementia,1.1616438356164382
sd8020,death,6.983561643835617
sd8023,censor,12.158904109589042
sd8024,death,8.63013698630137
sd8026,dementia,7.646575342465753
sd8027,censor,11.805479452054794
sd8031,dementia,7.515068493150685
sd8033,dementia,0.5452054794520548
sd8034,death,9.04931506849315
sd8036,death,10.956164383561644
sd8038,censor,11.441095890410958
sd8042,dementia,1.1726027397260277
sd8046,death,1.6246575342465754
sd8048,censor,10.3013698630137
sd8049,death,5.254794520547946
sd8050,death,5.564383561643836
sd8054,dementia,0.0
sd8055,censor,2.3835616438356166
sd8056,death,9.183561643835615
sd8057,death,7.312328767123287
sd8059,death,2.2684931506849315
sd8062,death,5.761643835616439
sd8063,death,9.805479452054794
sd8064,censor,5.863013698630137
sd8066,dementia,11.202739726027398
sd8068,censor,10.97808219178082
sd8069,censor,10.30958904109589
sd8070,death,10.66027397260274
sd8071,death,3.0794520547945203
sd8072,censor,11.12054794520548
sd8073,censor,3.150684931506849
sd8076,death,8.978082191780821
sd8082,censor,3.1424657534246574
sd8085,dementia,7.567123287671233
sd8086,death,11.476712328767125
sd8089,death,10.89041095890411
sd8090,death,11.802739726027395
sd8092,censor,12.013698630136986
sd8093,censor,10.402739726027397
sd8094,death,6.586301369863014
sd8098,dementia,1.1369863013698631
sd8101,censor,10.736986301369862
sd8102,censor,10.312328767123288
sd8104,dementia,11.238356164383562
sd8106,death,9.64931506849315
sd8107,censor,2.898630136986301
sd8109,dementia,10.438356164383562
sd8110,death,4.454794520547945
sd8112,censor,10.942465753424658
sd8115,death,7.852054794520548
sd8117,death,11.073972602739726
sd8118,censor,11.158904109589042
sd8119,dementia,1.0410958904109588
sd8121,death,4.147945205479452
sd8124,censor,9.912328767123288
sd8126,death,6.53972602739726
sd8131,dementia,3.194520547945205
sd8132,dementia,1.2082191780821918
sd8133,death,10.101369863013698
sd8135,dementia,0.0
sd8138,censor,10.506849315068491
sd8139,censor,11.087671232876712
sd8141,censor,12.123287671232877
sd8143,censor,10.89041095890411
sd8144,censor,10.147945205479452
sd8147,death,3.1013698630136988
sd8148,censor,11.164383561643836
sd8149,death,7.682191780821918
sd8151,death,4.301369863013699
sd8152,censor,11.282191780821918
sd8155,dementia,11.342465753424657
sd8158,dementia,0.9561643835616438
sd8162,dementia,0.6410958904109589
sd8163,death,1.378082191780822
sd8164,censor,10.07123287671233
sd8165,censor,10.254794520547945
sd8167,censor,11.547945205479452
sd8168,dementia,6.380821917808219
sd8170,death,8.054794520547945
sd8171,censor,11.364383561643836
sd8173,censor,10.876712328767123
sd8175,censor,11.150684931506849
sd8176,censor,10.452054794520548
sd8177,censor,10.64109589041096
sd8178,death,8.978082191780821
sd8180,censor,10.164383561643836
sd8181,censor,10.96986301369863
sd8185,dementia,2.9945205479452053
sd8188,censor,10.98904109589041
sd8189,death,4.720547945205479
sd8191,death,8.698630136986301
sd8192,dementia,1.0684931506849316
sd8196,death,2.043835616438356
sd8207,dementia,6.347945205479452
sd8208,censor,3.0876712328767124
sd8209,censor,11.235616438356164
sd8210,death,5.575342465753424
sd8211,death,6.095890410958904
sd8212,death,8.786301369863013
sd8215,censor,10.7013698630137
sd8216,censor,10.512328767123288
sd8217,death,5.50958904109589
sd8218,death,4.794520547945205
sd8219,dementia,1.03013698630137
sd8220,censor,11.243835616438355
sd8221,dementia,3.117808219178082
sd8223,death,8.547945205479452
sd8224,censor,11.945205479452056
sd8226,censor,10.002739726027396
sd8228,death,8.345205479452055
sd8229,censor,11.326027397260274
sd8231,dementia,3.158904109589041
sd8235,death,4.975342465753425
sd8239,death,10.96164383561644
sd8240,censor,10.186301369863012
sd8242,death,10.6986301369863
sd8243,dementia,3.243835616438356
sd8246,censor,3.197260273972603
sd8247,death,9.805479452054794
sd8249,dementia,7.534246575342466
sd8251,death,9.0986301369863
sd8254,death,5.276712328767124
sd8256,censor,11.13972602739726
sd8257,censor,10.717808219178082
sd8261,censor,10.235616438356164
sd8262,dementia,7.739726027397261
sd8263,censor,9.96164383561644
sd8265,censor,10.684931506849315
sd8268,censor,11.312328767123288
sd8269,censor,10.873972602739729
sd8271,dementia,1.2191780821917808
sd8275,dementia,5.898630136986301
sd8277,dementia,0.0
sd8279,censor,3.1890410958904107
sd8280,death,1.536986301369863
sd8281,death,8.134246575342466
sd8282,censor,10.635616438356164
sd8284,censor,11.257534246575345
sd8286,death,2.621917808219178
sd8289,death,5.958904109589041
sd8291,censor,10.92876712328767
sd8294,death,8.873972602739727
sd8297,censor,11.523287671232875
sd8300,death,8.013698630136986
sd8306,censor,10.10958904109589
sd8307,dementia,7.32054794520548
sd8309,censor,10.31780821917808
sd8310,death,7.145205479452055
sd8313,death,2.967123287671233
sd8314,censor,11.367123287671232
sd8316,death,11.517808219178082
sd8319,death,10.27945205479452
sd8320,censor,10.493150684931509
sd8321,censor,10.63835616438356
sd8322,censor,11.446575342465753
sd8324,censor,3.0465753424657533
sd8325,dementia,10.931506849315069
sd8327,death,9.013698630136986
sd8332,death,7.208219178082191
sd8333,censor,3.241095890410959
sd8335,death,10.97808219178082
sd8336,censor,5.501369863013698
sd8337,censor,10.893150684931507
sd8339,death,11.035616438356165
sd8341,censor,11.421917808219176
sd8342,censor,10.27945205479452
sd8345,censor,10.402739726027397
sd8346,censor,9.87945205479452
sd8348,censor,10.547945205479452
sd8349,death,7.5479452054794525
sd8354,censor,11.046575342465754
sd8356,censor,11.597260273972603
sd8359,dementia,5.427397260273972
sd8360,censor,11.753424657534246
sd8361,censor,11.112328767123287
sd8362,censor,11.463013698630135
sd8363,death,10.375342465753423
sd8364,censor,11.24109589041096
sd8365,death,4.7095890410958905
sd8368,censor,11.427397260273972
sd8370,dementia,1.1726027397260277
sd8371,censor,11.367123287671232
sd8373,censor,10.389041095890413
sd8375,censor,10.205479452054794
sd8377,death,9.213698630136989
sd8379,censor,6.534246575342466
sd8381,death,4.7315068493150685
sd8383,death,3.7095890410958905
sd8386,dementia,0.0
sd8388,censor,11.216438356164383
sd8393,censor,10.032876712328768
sd8394,death,8.46027397260274
sd8395,death,6.2904109589041095
sd8400,dementia,1.093150684931507
sd8402,dementia,3.3123287671232875
sd8405,censor,6.498630136986302
sd8407,censor,10.96986301369863
sd8412,death,8.367123287671232
sd8415,death,9.547945205479452
sd8419,death,9.128767123287671
sd8421,death,10.216438356164383
sd8423,censor,10.791780821917808
sd8424,censor,10.07123287671233
sd8433,censor,3.3835616438356166
sd8436,censor,10.257534246575345
sd8443,censor,10.01095890410959
sd8448,dementia,3.372602739726027
sd8450,censor,3.608219178082192
sd8451,death,3.410958904109589
sd8458,censor,10.906849315068492
sd8462,dementia,6.556164383561644
sd8463,death,7.542465753424658
sd8467,death,7.594520547945206
sd8468,death,7.010958904109589
sd8475,censor,10.03013698630137
sd8476,censor,11.008219178082191
sd8477,dementia,5.47945205479452
sd8482,censor,10.863013698630136
sd8484,death,10.35890410958904
sd8487,death,7.824657534246575
sd8489,dementia,3.602739726027397
sd8490,dementia,1.147945205479452
sd8493,death,9.172602739726027
sd8494,dementia,3.506849315068493
sd8495,dementia,11.334246575342464
sd8496,censor,10.723287671232876
sd8497,death,7.375342465753425
sd8498,death,10.69041095890411
sd8499,dementia,3.46027397260274
sd8501,death,2.602739726027397
sd8503,death,11.315068493150685
sd8506,censor,11.235616438356164
sd8507,dementia,1.2246575342465753
sd8509,censor,10.219178082191782
sd8516,death,8.095890410958905
sd8517,censor,10.09041095890411
sd8518,dementia,3.5424657534246577
sd8519,censor,10.553424657534247
sd8521,dementia,1.0904109589041096
sd8522,death,5.583561643835616
sd8525,dementia,3.4712328767123286
sd8528,censor,10.254794520547945
sd8530,dementia,10.89041095890411
sd8531,death,5.367123287671233
sd8532,censor,10.591780821917808
sd8537,censor,11.068493150684931
sd8538,dementia,10.169863013698633
sd8544,dementia,5.676712328767123
sd8545,censor,10.413698630136986
sd8547,dementia,0.9041095890410958
sd8549,death,3.2
sd8553,death,6.671232876712328
sd8554,death,4.3863013698630136
sd8556,death,1.695890410958904
sd8559,dementia,10.421917808219176
sd8560,censor,10.24109589041096
sd8564,censor,10.761643835616438
sd8565,censor,6.575342465753424
sd8568,dementia,1.1972602739726028
sd8569,death,4.515068493150685
sd8571,death,10.608219178082193
sd8573,death,2.797260273972603
sd8575,death,5.326027397260274
sd8585,death,11.36986301369863
sd8586,censor,11.161643835616438
sd8588,censor,10.421917808219176
sd8589,dementia,3.547945205479452
sd8590,censor,10.454794520547946
sd8591,censor,3.2794520547945205
sd8592,dementia,10.956164383561644
sd8593,censor,3.147945205479452
sd8596,censor,3.4465753424657533
sd8599,death,6.441095890410959
sd8601,censor,10.194520547945206
sd8602,death,2.6684931506849314
sd8606,censor,10.106849315068493
sd8609,censor,10.780821917808218
sd8610,dementia,11.145205479452056
sd8614,censor,10.087671232876712
sd8616,dementia,3.5835616438356164
sd8617,censor,9.915068493150685
sd8618,dementia,3.90958904109589
sd8619,censor,11.542465753424658
sd8621,censor,10.347945205479451
sd8624,death,5.7095890410958905
sd8628,censor,10.663013698630136
sd8629,censor,0.0
sd8630,censor,10.975342465753425
sd8632,censor,11.66027397260274
sd8636,death,9.002739726027396
sd8638,dementia,1.3232876712328767
sd8639,death,2.0383561643835617
sd8640,censor,9.838356164383562
sd8646,dementia,5.8054794520547945
sd8650,dementia,10.821917808219178
sd8652,death,11.452054794520548
sd8653,dementia,3.5835616438356164
sd8662,censor,9.805479452054794
sd8664,censor,10.778082191780822
sd8666,death,8.780821917808218
sd8667,death,2.6054794520547944
sd8668,censor,11.063013698630137
sd8669,death,7.021917808219178
sd8671,censor,10.597260273972603
sd8673,death,8.646575342465754
sd8675,censor,11.586301369863014
sd8676,censor,11.142465753424656
sd8678,death,5.695890410958904
sd8685,censor,9.652054794520549
sd8687,dementia,5.463013698630137
sd8688,death,8.942465753424658
sd8689,death,9.827397260273973
sd8691,censor,10.663013698630136
sd8692,death,3.180821917808219
sd8694,censor,9.906849315068492
sd8695,censor,11.487671232876712
sd8696,dementia,9.643835616438356
sd8697,censor,11.101369863013698
sd8699,censor,10.235616438356164
sd8701,death,7.232876712328767
sd8702,censor,0.0
sd8703,censor,10.005479452054796
sd8706,censor,10.830136986301367
sd8707,death,7.517808219178082
sd8709,censor,3.758904109589041
sd8710,censor,11.0
sd8711,dementia,11.356164383561644
sd8712,death,10.652054794520549
sd8713,censor,11.47945205479452
sd8714,censor,10.449315068493153
sd8717,censor,11.506849315068491
sd8719,death,3.728767123287671
sd8722,dementia,10.75068493150685
sd8724,censor,10.27945205479452
sd8726,death,8.830136986301369
sd8734,censor,9.745205479452055
sd8736,dementia,0.0
sd8737,dementia,1.1123287671232878
sd8744,censor,10.89041095890411
sd8745,death,10.07123287671233
sd8746,censor,10.745205479452055
sd8747,death,2.5506849315068494
sd8748,death,9.33972602739726
sd8749,censor,10.63835616438356
sd8752,censor,11.465753424657532
sd8757,censor,10.9013698630137
sd8759,death,7.189041095890411
sd8760,death,10.084931506849315
sd8761,censor,0.0
sd8767,death,2.175342465753425
sd8771,censor,11.356164383561644
sd8772,death,6.884931506849315
sd8773,censor,11.463013698630135
sd8774,dementia,10.33972602739726
sd8775,censor,6.16986301369863
sd8776,censor,10.372602739726029
sd8778,censor,11.161643835616438
sd8779,censor,11.03835616438356
sd8780,censor,11.03013698630137
sd8781,censor,10.956164383561644
sd8783,death,6.646575342465753
sd8786,censor,10.693150684931506
sd8788,death,2.0821917808219177
sd8789,censor,10.112328767123287
sd8790,death,5.8712328767123285
sd8792,censor,11.183561643835615
sd8794,censor,10.778082191780822
sd8796,censor,10.964383561643835
sd8799,censor,9.490410958904109
sd8803,censor,11.424657534246576
sd8804,censor,6.6
sd8805,censor,3.852054794520548
sd8807,censor,3.73972602739726
sd8809,death,10.802739726027395
sd8810,dementia,3.512328767123288
sd8811,censor,11.172602739726027
sd8813,death,11.947945205479453
sd8816,death,6.049315068493151
sd8818,censor,11.145205479452056
sd8820,death,9.586301369863014
sd8821,dementia,10.884931506849314
sd8822,censor,12.128767123287671
sd8823,death,11.86027397260274
sd8824,censor,11.087671232876712
sd8825,censor,10.432876712328769
sd8828,censor,10.202739726027398
sd8829,dementia,0.9863013698630136
sd8830,death,3.0054794520547947
sd8831,death,4.235616438356164
sd8834,censor,10.72054794520548
sd8835,death,12.01095890410959
sd8836,censor,10.153424657534249
sd8841,censor,10.605479452054794
sd8842,censor,3.635616438356165
sd8844,censor,10.917808219178085
sd8849,censor,9.857534246575344
sd8854,death,11.295890410958904
sd8855,death,3.3424657534246576
sd8858,dementia,3.704109589041096
sd8863,dementia,10.816438356164385
sd8865,censor,10.271232876712329
sd8866,censor,9.95068493150685
sd8868,dementia,3.802739726027397
sd8869,death,9.810958904109588
sd8870,censor,3.7424657534246575
sd8871,censor,11.254794520547945
sd8872,dementia,1.0191780821917809
sd8873,censor,10.898630136986302
sd8876,censor,10.912328767123288
sd8877,censor,11.243835616438355
sd8878,death,9.726027397260276
sd8879,death,11.87945205479452
sd8880,dementia,3.797260273972603
sd8881,censor,11.391780821917807
sd8882,death,8.490410958904109
sd8885,censor,9.81917808219178
sd8886,dementia,5.583561643835616
sd8887,censor,10.936986301369863
sd8889,death,4.136986301369863
sd8890,death,3.843835616438356
sd8892,dementia,10.906849315068492
sd8893,death,9.956164383561644
sd8897,death,7.197260273972603
sd8899,dementia,11.03013698630137
sd8911,censor,11.424657534246576
sd8915,dementia,1.1726027397260277
sd8916,death,7.726027397260274
sd8918,censor,10.687671232876712
sd8919,censor,10.175342465753424
sd8920,censor,3.898630136986301
sd8923,death,5.284931506849315
sd8926,death,9.936986301369863
sd8927,censor,11.263013698630138
sd8929,censor,11.471232876712328
sd8933,dementia,1.1369863013698631
sd8934,censor,10.56986301369863
sd8938,censor,11.558904109589042
sd8939,death,5.079452054794521
sd8940,death,8.238356164383562
sd8941,censor,9.832876712328767
sd8942,censor,11.008219178082191
sd8943,censor,9.868493150684932
sd8944,death,6.421917808219178
sd8946,censor,10.295890410958904
sd8947,dementia,0.6493150684931507
sd8948,death,7.115068493150685
sd8949,censor,11.158904109589042
sd8950,death,1.747945205479452
sd8951,censor,3.857534246575343
sd8958,censor,9.761643835616438
sd8960,censor,11.156164383561643
sd8964,censor,10.652054794520549
sd8967,censor,11.03835616438356
sd8969,censor,10.736986301369862
sd8972,censor,10.446575342465753
sd8977,death,2.6301369863013697
sd8978,dementia,0.0
sd8979,censor,10.893150684931507
sd8982,censor,9.95068493150685
sd8986,censor,10.813698630136988
sd8987,censor,11.2
sd8991,censor,11.161643835616438
sd8993,dementia,3.1616438356164385
sd8995,death,5.071232876712329
sd8996,dementia,1.0
sd8997,censor,11.216438356164383
sd8998,censor,11.424657534246576
sd8999,censor,11.2986301369863
sd9000,death,12.0986301369863
sd9001,censor,10.643835616438356
sd9003,dementia,1.0657534246575342
sd9006,censor,10.01095890410959
sd9007,death,9.468493150684932
sd9008,censor,10.068493150684931
sd9009,dementia,1.202739726027397
sd9010,censor,10.07123287671233
sd9013,death,10.602739726027398
sd9016,death,2.5671232876712327
