mesaid,sexM,age,BA,BAI
1,0,70,70.8337535320538,0.8337535320538052
2,0,83,70.8354433241862,-12.164556675813799
6,0,57,61.190951822562,4.190951822561999
10,1,57,51.5989666927401,-5.401033307259901
12,1,80,71.8543223073497,-8.145677692650295
14,0,60,60.2733089628832,0.27330896288319906
16,0,57,61.4665961060705,4.466596106070497
21,0,78,84.7229210305498,6.722921030549799
27,0,72,69.4091052795746,-2.5908947204253963
28,0,60,62.1659356880147,2.1659356880146987
33,1,77,62.4440694678788,-14.555930532121202
35,1,67,68.2339946246797,1.2339946246796956
36,1,75,69.0687502282365,-5.931249771763504
38,1,63,65.8999187431587,2.8999187431586932
46,0,79,76.2245934009061,-2.7754065990938983
48,0,82,69.0926441777653,-12.907355822234706
50,1,68,64.7687277559548,-3.2312722440452006
52,1,56,54.9045032396007,-1.0954967603992998
54,0,61,51.4735581399833,-9.526441860016703
56,0,63,69.8527338520221,6.852733852022098
64,1,58,64.5073502217962,6.507350221796202
70,0,59,55.5907264264304,-3.4092735735695996
74,1,75,64.6247242235744,-10.375275776425596
77,1,61,54.1989393424699,-6.801060657530101
79,0,74,66.4376518413891,-7.562348158610902
81,0,80,71.1826896300751,-8.817310369924897
84,0,58,50.2227795092849,-7.777220490715102
85,0,60,59.9461671190683,-0.0538328809317008
87,0,75,74.0307345783095,-0.9692654216904941
99,1,71,71.6567059526169,0.6567059526169032
101,0,63,58.1272873629754,-4.872712637024598
105,0,68,61.7547612240391,-6.2452387759609
107,1,82,76.9335573086363,-5.066442691363704
109,1,66,65.8690243910602,-0.13097560893980642
110,1,60,61.9045446120603,1.904544612060299
111,0,77,78.3653651863393,1.3653651863393037
113,0,61,57.7334392219266,-3.266560778073398
118,0,56,56.9511903950488,0.9511903950487977
120,0,60,55.1804765058217,-4.8195234941782985
121,1,58,53.5455723587257,-4.4544276412743
125,1,82,84.6099671717697,2.6099671717696964
132,1,62,58.35968294191,-3.640317058089998
133,1,84,72.5548976156045,-11.445102384395497
138,1,63,62.4893076592763,-0.5106923407237005
140,1,67,62.3000979980925,-4.699902001907503
144,0,67,63.3154296504339,-3.6845703495661013
149,0,81,74.7770898821691,-6.2229101178309065
152,1,80,80.176279581662,0.1762795816620013
155,1,76,66.9123083789322,-9.087691621067805
159,0,58,57.9419852048243,-0.058014795175701295
167,0,59,,
169,1,71,57.8873547084375,-13.112645291562501
171,0,59,58.0330098164982,-0.9669901835017995
183,1,65,62.941337508614,-2.058662491386002
187,0,62,75.8753601906804,13.875360190680396
188,1,71,74.1839666477041,3.1839666477040964
193,1,89,80.8116244544905,-8.188375545509501
194,0,57,57.2575256037643,0.2575256037643001
195,0,84,73.5423694029975,-10.457630597002506
196,1,75,64.5667438034896,-10.4332561965104
197,0,67,61.6462505459918,-5.353749454008202
204,1,75,71.3964292932352,-3.603570706764799
211,0,61,65.2934530756606,4.293453075660594
219,0,68,63.7778161125973,-4.2221838874027
220,0,81,67.9443570631844,-13.055642936815602
225,0,63,65.3224479384297,2.322447938429704
236,1,75,72.1561022956695,-2.8438977043305016
241,0,79,80.6421222130738,1.6421222130738045
248,0,69,,
251,0,73,81.300448709925,8.300448709925007
258,0,64,51.4264447110361,-12.573555288963902
269,1,80,71.4611225546822,-8.538877445317794
271,1,56,61.5111975187889,5.511197518788897
275,1,59,39.5009040808071,-19.499095919192897
282,0,68,65.3992842946026,-2.6007157053974055
284,0,60,59.4267521476459,-0.5732478523541005
285,1,70,69.3123003938843,-0.6876996061157001
286,0,68,65.481020310487,-2.518979689513003
288,1,64,68.6859258571649,4.685925857164904
292,1,57,66.4309514314203,9.430951431420297
295,0,62,58.7572592337432,-3.2427407662568015
299,1,74,66.057452182166,-7.942547817833997
301,1,63,63.5682684932634,0.5682684932634032
303,0,64,69.7242966487024,5.724296648702406
306,1,77,75.1918105454576,-1.8081894545424007
310,0,57,49.1775974681457,-7.822402531854301
312,1,75,68.9272382953631,-6.072761704636903
314,1,77,70.9902325245631,-6.009767475436902
318,1,75,64.2606725666259,-10.7393274333741
319,0,75,77.1585946818323,2.158594681832298
323,1,79,75.959659970818,-3.040340029182005
328,1,73,62.453601502646,-10.546398497353998
329,1,61,62.5589250982748,1.5589250982747984
332,1,74,61.6707908426639,-12.329209157336102
338,1,56,59.843516082077,3.8435160820770022
339,0,86,70.934020790277,-15.065979209722997
344,1,69,64.9781378491223,-4.021862150877695
345,1,58,35.3125751416803,-22.6874248583197
346,1,65,63.4219773104812,-1.5780226895187965
347,1,84,,
350,0,71,71.5264287349472,0.5264287349472028
359,1,56,53.939747229863,-2.060252770136998
363,0,64,62.5978503094671,-1.4021496905329016
368,1,82,73.2884752011703,-8.7115247988297
372,0,57,57.3322731456489,0.3322731456488981
374,1,76,60.3234577305734,-15.676542269426598
380,1,58,54.1704004213162,-3.8295995786837977
381,1,77,72.1909193293433,-4.809080670656698
382,0,61,67.702046475833,6.702046475833001
384,1,73,70.9835080762805,-2.0164919237194994
385,1,63,73.7467219071726,10.7467219071726
386,1,87,84.7936036975201,-2.2063963024799023
388,0,82,81.4578733575644,-0.5421266424356048
392,0,84,74.8430086705106,-9.1569913294894
393,0,82,73.4627728363824,-8.537227163617601
399,0,62,61.1073427283383,-0.8926572716616974
402,1,78,68.3931059211339,-9.606894078866105
405,1,78,73.7948565048272,-4.2051434951728055
407,0,77,71.307708992133,-5.692291007866999
408,1,62,61.0823243300735,-0.9176756699265027
414,0,65,65.5206104979284,0.5206104979284021
415,0,75,62.661360648786,-12.338639351213999
416,1,58,59.923132576195,1.9231325761950018
419,0,69,62.8711990152688,-6.1288009847312
423,1,61,64.7093807131982,3.7093807131982004
427,0,56,47.6210443697379,-8.378955630262098
435,1,69,62.4422784247717,-6.5577215752283
440,0,73,60.1556775930869,-12.8443224069131
443,1,64,62.3152098286517,-1.684790171348297
445,0,56,57.5541431333771,1.554143133377103
452,0,73,77.5172032818507,4.517203281850698
457,0,58,51.1834066107063,-6.8165933892937005
458,0,57,59.327009980362,2.327009980362
459,1,63,62.6552644168246,-0.34473558317539954
460,0,77,70.6090164110904,-6.390983588909606
464,0,57,51.2433324657434,-5.7566675342566
465,1,60,60.3341322774388,0.3341322774387976
468,1,87,78.3443860543795,-8.655613945620502
469,1,63,63.8926577685744,0.8926577685744022
470,0,62,75.3737268037336,13.373726803733604
474,1,78,68.6857087637994,-9.314291236200603
476,1,74,66.1505926352817,-7.849407364718303
483,1,78,72.6903223727783,-5.309677627221703
485,0,61,61.9105914315834,0.9105914315833985
488,0,59,66.1733666283707,7.173366628370701
490,1,74,72.0781641839931,-1.9218358160069045
491,1,76,72.8531717438882,-3.146828256111803
495,1,76,66.3496417563867,-9.650358243613297
499,0,64,67.077769873455,3.077769873454997
501,1,62,61.1840129052986,-0.8159870947013985
505,1,71,69.7765105640281,-1.2234894359718993
509,0,64,51.1558561477191,-12.8441438522809
512,0,58,68.0664583207839,10.066458320783894
518,0,70,63.7872452078245,-6.212754792175502
519,0,66,74.2700344270501,8.270034427050106
522,1,63,63.1871530809436,0.1871530809436024
523,1,68,,
526,0,62,60.2049965676877,-1.7950034323122992
527,1,61,61.2618951563004,0.2618951563003975
528,1,66,57.8566451262106,-8.143354873789399
529,1,61,66.2429574080679,5.242957408067895
533,1,69,72.5388220759136,3.5388220759136004
534,1,77,63.8863758201443,-13.113624179855698
536,1,71,,
537,1,60,64.0081387819902,4.008138781990198
545,1,82,73.172000407462,-8.827999592538006
548,1,70,73.7275425803222,3.7275425803221935
550,1,75,72.6174895603875,-2.3825104396125028
553,1,68,52.2694811941917,-15.730518805808302
554,0,78,72.9071195617609,-5.092880438239106
555,0,86,88.3612177960248,2.3612177960248033
556,0,74,,
558,0,74,75.9890679048764,1.989067904876407
560,0,81,71.6430413206085,-9.356958679391497
561,0,85,73.4586681312119,-11.541331868788106
563,0,75,72.9679543954854,-2.032045604514593
565,1,69,73.3888556689184,4.388855668918396
571,1,81,57.4734130562846,-23.5265869437154
572,0,65,60.0232326982168,-4.976767301783198
581,1,57,57.6503523423398,0.6503523423398008
583,1,82,77.4887220621518,-4.511277937848206
586,0,58,62.4217776475563,4.421777647556297
587,1,65,54.6378798279417,-10.362120172058297
589,1,64,56.6705992015617,-7.3294007984383
590,1,59,68.5656839615292,9.565683961529203
594,0,72,60.5567199613314,-11.443280038668597
596,0,59,44.9531161247936,-14.046883875206397
599,0,77,78.0654461755925,1.0654461755924984
601,0,58,48.4748742436722,-9.525125756327803
602,1,66,70.5562074760114,4.556207476011394
604,0,76,65.1402964811987,-10.859703518801297
609,1,73,62.8212840900056,-10.178715909994402
612,1,76,75.7366208302789,-0.2633791697211052
614,1,62,53.5910277663428,-8.408972233657202
620,0,68,69.9553860126723,1.9553860126723066
621,1,61,64.9749770289164,3.974977028916399
626,0,77,65.1519071821381,-11.848092817861897
628,1,72,74.401492002809,2.401492002808993
629,0,59,56.5492334211711,-2.4507665788288975
632,1,65,48.7359070530591,-16.2640929469409
636,0,75,77.9827542760094,2.982754276009402
639,0,68,75.2090281775983,7.209028177598299
640,0,72,71.8339887275047,-0.16601127249529668
643,1,60,75.1512633471671,15.151263347167102
648,1,66,68.8875101217192,2.8875101217192025
651,1,74,64.7127912025612,-9.287208797438794
652,1,68,65.7906369719937,-2.209363028006294
655,0,71,62.8809271455513,-8.119072854448703
657,0,60,61.9374733082684,1.9374733082684017
658,0,68,68.4882331288683,0.48823312886830195
664,1,62,57.5436386068736,-4.4563613931264
672,0,82,73.0702318890353,-8.929768110964702
675,0,81,80.0754504266709,-0.9245495733291023
677,1,62,57.7889217199482,-4.211078280051801
679,0,61,76.7945489533486,15.794548953348595
680,0,82,81.2107857274562,-0.789214272543802
683,1,59,51.0965937074278,-7.9034062925722
684,1,70,,
686,0,58,52.9917715634352,-5.008228436564799
688,0,69,57.5885174777599,-11.4114825222401
692,0,89,82.2520858794687,-6.747914120531306
694,1,76,63.3039009077744,-12.696099092225602
702,0,72,74.4120737658835,2.4120737658835054
705,0,60,59.7865992851654,-0.21340071483459866
711,0,64,50.8062240526709,-13.193775947329101
712,0,78,69.7287434160981,-8.271256583901902
713,1,58,86.526089017236,28.526089017236004
715,0,60,61.9914159246723,1.991415924672303
716,0,65,55.4319562798178,-9.568043720182203
719,1,79,74.0379819099071,-4.962018090092897
725,0,57,60.3083450803909,3.3083450803909003
726,1,71,61.8618060868714,-9.138193913128603
727,1,88,78.6814205895049,-9.318579410495104
728,0,82,79.7041035145241,-2.295896485475893
743,0,77,,
744,1,58,53.3406608981029,-4.659339101897103
747,1,74,65.0157624520448,-8.984237547955203
755,1,77,71.0470581994136,-5.952941800586402
762,0,74,81.2126637343937,7.212663734393701
764,1,77,79.1076258620266,2.1076258620265946
768,0,61,49.2462617990327,-11.753738200967298
771,0,59,56.6658914061326,-2.3341085938673984
776,1,72,57.9554818504045,-14.044518149595497
782,0,57,46.0838467658165,-10.916153234183497
784,0,74,63.8552025948126,-10.144797405187397
789,0,80,73.0014814907182,-6.998518509281794
791,0,59,59.3292591522104,0.3292591522103976
792,1,73,74.239053646146,1.2390536461460044
796,0,77,69.975560883956,-7.024439116043993
797,1,62,70.1193890931636,8.119389093163605
800,0,61,49.4941541087955,-11.505845891204501
801,1,59,69.018697639098,10.018697639097994
804,0,63,65.4647426486461,2.4647426486460944
807,1,61,60.128776821677,-0.8712231783229996
811,1,74,73.1638528776282,-0.8361471223717984
812,1,62,56.3912073146851,-5.608792685314903
813,0,72,67.2995895771099,-4.700410422890101
821,0,58,54.3382806626342,-3.6617193373658026
823,0,69,57.2956994154979,-11.7043005845021
828,0,76,65.7375308941081,-10.262469105891896
837,1,60,49.2375271055834,-10.762472894416597
838,0,74,65.1625576986972,-8.8374423013028
852,0,73,68.7799115764437,-4.220088423556305
854,1,74,68.5616136052009,-5.438386394799096
856,1,63,54.5702915821562,-8.429708417843798
860,0,73,68.8126566058427,-4.1873433941572955
862,1,79,73.1913745128976,-5.808625487102404
863,0,71,70.9722070662284,-0.027792933771593198
864,0,78,59.5591531469364,-18.440846853063597
873,1,69,60.5430746144288,-8.456925385571203
884,0,76,72.571150309388,-3.4288496906119974
889,0,60,50.5928287525149,-9.407171247485103
892,1,62,53.5881464625074,-8.411853537492597
893,0,55,41.6321987784135,-13.367801221586497
899,0,63,54.1672721673045,-8.832727832695497
902,1,68,69.7824813131578,1.7824813131578026
904,0,62,63.4684831497622,1.4684831497622
908,1,76,71.8737454643238,-4.126254535676196
910,0,81,67.922648210777,-13.077351789223002
912,0,60,49.2863946133063,-10.7136053866937
914,1,61,57.8006353368446,-3.1993646631554
916,0,67,62.8443434970131,-4.155656502986901
917,1,86,72.833235027285,-13.166764972715
920,0,89,83.8022817284507,-5.197718271549306
921,1,73,65.0766196616913,-7.923380338308704
923,1,67,48.3277911209366,-18.672208879063398
926,0,87,86.0233919149193,-0.9766080850806986
928,1,70,72.0796469135352,2.0796469135352
931,0,64,58.2795940391508,-5.720405960849199
933,0,87,82.687347585325,-4.312652414675
934,1,67,57.4384071343121,-9.5615928656879
935,1,57,55.7406092440677,-1.2593907559323014
937,1,64,49.9759709704538,-14.024029029546199
939,0,71,77.8629687527348,6.862968752734801
943,1,57,57.887119329513,0.8871193295129984
946,1,58,64.9720249587033,6.972024958703301
949,0,55,52.6526475231658,-2.347352476834203
951,0,55,52.3196357551459,-2.680364244854097
960,0,60,66.0491192758029,6.049119275802894
962,1,61,53.0847905649069,-7.915209435093097
967,1,79,58.5690591882064,-20.430940811793597
968,0,84,75.2351468044826,-8.764853195517404
971,0,78,72.6095246025296,-5.3904753974703965
976,0,55,54.869400775656,-0.13059922434400306
977,1,56,63.4571250693638,7.457125069363798
979,0,76,71.6264654880282,-4.373534511971798
980,0,75,70.2354761553915,-4.7645238446085045
989,1,83,78.1502422956246,-4.849757704375406
994,0,70,64.9806975491124,-5.019302450887594
1010,0,82,72.3914293062061,-9.608570693793894
1013,1,69,61.744878354783,-7.255121645217002
1016,1,64,62.0267085542077,-1.9732914457922988
1017,0,68,61.985618590634,-6.014381409366003
1018,0,57,57.9510130457851,0.9510130457851034
1019,1,66,65.5911993207282,-0.4088006792718062
1020,1,80,63.7578824949447,-16.242117505055297
1021,0,80,76.5703336806453,-3.429666319354695
1022,1,62,66.824892444929,4.824892444929006
1026,0,73,64.7273839600305,-8.272616039969506
1030,0,84,81.8005479846739,-2.199452015326102
1033,1,70,55.9015424174231,-14.098457582576899
1035,0,76,80.3632330173424,4.363233017342395
1039,1,83,74.2482313101923,-8.751768689807705
1041,1,58,54.6824776672757,-3.3175223327243017
1043,1,74,63.2333205797399,-10.766679420260097
1044,0,57,60.7846278696276,3.784627869627599
1048,0,56,58.5437198194437,2.5437198194437016
1055,0,62,57.7814553783602,-4.218544621639801
1058,0,72,71.7080329796954,-0.29196702030459676
1068,1,84,73.1383330085317,-10.861666991468297
1074,0,72,65.488637649163,-6.511362350837004
1077,0,69,66.5867855341333,-2.4132144658667016
1080,1,67,58.7177151441186,-8.2822848558814
1085,1,60,63.8273333542896,3.8273333542895998
1087,1,65,50.3508229181671,-14.649177081832903
1089,1,61,59.9149257356156,-1.085074264384403
1090,1,66,65.8444262027724,-0.15557379722760345
1091,0,77,70.0062050965726,-6.9937949034274
1092,1,65,61.2314433942642,-3.768556605735803
1094,0,85,79.1662192239874,-5.833780776012603
1098,0,78,77.3440294772435,-0.6559705227565047
1102,0,65,54.1909315041534,-10.809068495846603
1105,1,61,61.4142642373128,0.4142642373127998
1109,1,81,70.5380984847093,-10.461901515290705
1113,0,78,72.0476716988636,-5.952328301136404
1118,1,59,80.3495509370965,21.349550937096495
1121,0,78,74.7929530060565,-3.207046993943493
1122,1,62,68.6237609825147,6.623760982514696
1127,0,55,58.8587063703435,3.858706370343498
1128,0,72,67.7864844060709,-4.2135155939291025
1133,1,75,76.4398127528127,1.4398127528126992
1139,1,87,78.3814148432036,-8.6185851567964
1140,0,67,72.2915742175165,5.291574217516498
1146,0,71,58.9713072407689,-12.028692759231099
1148,1,64,74.7055545098347,10.705554509834698
1150,1,56,62.1304539229956,6.130453922995599
1152,0,82,77.9569002454889,-4.043099754511104
1161,1,80,74.188584199252,-5.811415800747994
1162,1,64,62.5154020611498,-1.4845979388502002
1164,1,69,64.1750413895962,-4.824958610403797
1173,0,68,60.3886800585979,-7.611319941402101
1177,0,70,68.2688217631354,-1.7311782368645936
1187,1,77,63.8854279416996,-13.114572058300404
1188,0,64,61.4206333057474,-2.579366694252599
1194,1,75,83.4588735631349,8.458873563134901
1204,1,69,54.5988209929813,-14.401179007018698
1206,1,75,69.184519102665,-5.815480897334993
1209,0,61,59.2355006195502,-1.7644993804497986
1212,1,62,62.797237032567,0.7972370325669971
1215,0,75,72.3786527738719,-2.621347226128094
1216,0,69,62.6954576786485,-6.304542321351498
1219,0,80,70.1752975456266,-9.824702454373394
1224,1,69,64.2185350979418,-4.781464902058204
1227,0,60,,
1236,1,89,80.4583874255505,-8.541612574449502
1256,0,63,57.149581294545,-5.850418705454999
1260,1,57,59.5035289983223,2.5035289983223024
1263,1,69,33.3612304460604,-35.6387695539396
1265,1,67,67.7197321640888,0.7197321640887964
1266,1,63,55.045374021251,-7.954625978749
1268,1,55,40.8014357124298,-14.1985642875702
1271,1,79,69.6892207708111,-9.310779229188896
1278,1,81,72.0664068491399,-8.933593150860105
1281,1,67,74.7083837248708,7.708383724870799
1284,0,66,57.9150046912335,-8.084995308766501
1290,1,92,86.3970826860554,-5.602917313944602
1291,0,57,47.6545576433935,-9.345442356606497
1294,0,71,59.3299574354743,-11.670042564525701
1297,0,80,68.4212414695793,-11.5787585304207
1298,0,76,73.945438135455,-2.0545618645449935
1300,0,60,60.5375374030173,0.5375374030173035
1301,0,63,54.5511034039084,-8.4488965960916
1305,0,70,67.8440509166764,-2.1559490833236055
1308,1,66,68.2620592877244,2.262059287724398
1309,0,69,53.3920859779781,-15.607914022021902
1311,1,62,55.0401337847448,-6.959866215255197
1321,0,59,63.2829892837989,4.282989283798898
1324,0,66,56.7922041335894,-9.2077958664106
1328,1,80,70.8170913957366,-9.182908604263403
1334,0,66,63.5919786030033,-2.408021396996702
1342,1,56,48.781865789032,-7.218134210968003
1349,0,81,74.214692116026,-6.785307883973999
1354,0,62,62.361236734131,0.36123673413099766
1356,0,60,73.4133888619149,13.413388861914896
1374,1,78,72.2479389833452,-5.752061016654807
1376,1,61,58.8085704778457,-2.1914295221543014
1378,0,78,67.8709619679383,-10.1290380320617
1381,0,83,73.5555813306043,-9.444418669395702
1385,1,60,57.6342095979245,-2.365790402075497
1387,0,55,60.7460357548936,5.746035754893597
1388,1,63,54.9361212183394,-8.063878781660598
1389,0,78,73.7183681640541,-4.281631835945902
1390,1,64,70.4683919479765,6.4683919479764995
1391,0,88,79.6104759461786,-8.389524053821404
1395,0,56,53.0929550267529,-2.9070449732471033
1403,0,78,75.6494293332568,-2.350570666743195
1404,0,76,74.1014331722944,-1.8985668277055936
1405,1,55,55.4955117367885,0.4955117367885009
1408,0,68,72.8816261133646,4.881626113364604
1410,0,84,94.2114588748783,10.211458874878304
1413,0,80,70.0427609294566,-9.957239070543395
1418,1,86,75.0796424634452,-10.920357536554803
1420,1,59,55.9693983139479,-3.0306016860521012
1427,1,83,75.5740705988431,-7.425929401156907
1430,1,88,70.5686808189381,-17.431319181061895
1431,0,74,70.601014148347,-3.398985851652995
1435,1,61,56.290138385154,-4.709861614845998
1443,1,60,59.3383441970987,-0.6616558029013007
1446,1,79,,
1448,1,57,60.049497322024,3.0494973220240027
1453,1,60,61.2218316039192,1.221831603919199
1459,0,89,83.682350627755,-5.3176493722450004
1463,1,70,68.518232077837,-1.4817679221630016
1464,1,55,39.4082930977685,-15.5917069022315
1470,0,63,57.8833232347792,-5.116676765220802
1472,1,74,76.366913521684,2.3669135216839976
1474,0,70,71.2307593527523,1.230759352752301
1476,0,68,67.5013049856245,-0.49869501437549957
1478,1,80,75.1737050022787,-4.826294997721305
1483,1,66,57.1278262857766,-8.8721737142234
1488,0,59,56.7684878986002,-2.231512101399801
1492,1,70,65.7603943829867,-4.2396056170132965
1493,0,60,,
1497,1,65,64.475910476471,-0.5240895235289997
1498,1,71,66.0334650671563,-4.9665349328437
1501,1,76,73.7325926362151,-2.2674073637848977
1502,1,81,70.6638032969931,-10.336196703006905
1510,1,75,65.2761881568031,-9.723811843196899
1515,0,62,60.0390532587643,-1.960946741235702
1516,1,60,59.79722974265,-0.20277025734999654
1520,1,74,68.0008001526926,-5.999199847307395
1523,0,57,38.2246418592072,-18.775358140792797
1527,0,69,73.9933704823502,4.993370482350201
1528,1,60,63.0855316764615,3.0855316764614997
1529,1,71,67.0929172622337,-3.907082737766302
1531,0,71,73.415229744173,2.415229744173004
1539,1,75,74.2223329087197,-0.777667091280307
1541,1,67,68.6947578978256,1.6947578978255962
1542,1,63,67.6250078191022,4.625007819102194
1546,0,69,65.9706229460744,-3.0293770539256
1552,0,73,75.3845520494553,2.3845520494552943
1562,1,57,58.0180209529603,1.018020952960299
1563,0,65,,
1569,1,59,52.8930859152975,-6.1069140847025025
1570,0,55,41.0714853290266,-13.9285146709734
1571,0,80,76.8796407312194,-3.1203592687806037
1573,0,69,87.6506912097528,18.650691209752793
1577,0,76,78.0625743207782,2.0625743207781966
1584,1,68,64.7240638165908,-3.2759361834092005
1589,0,71,53.1667495504502,-17.8332504495498
1590,1,67,58.2876124707018,-8.712387529298198
1591,0,62,62.14465205749,0.1446520574899992
1595,1,80,76.5639018200491,-3.4360981799509034
1604,1,86,76.1495271956036,-9.850472804396404
1607,1,83,70.1829489091162,-12.817051090883794
1608,0,58,49.8828876392185,-8.117112360781498
1612,1,79,82.3154034521855,3.3154034521855067
1613,0,66,61.8191782281814,-4.1808217718186
1615,0,81,62.8076894590913,-18.1923105409087
1616,1,57,41.4232632806535,-15.5767367193465
1619,0,86,72.1213909540806,-13.878609045919404
1620,0,55,58.0562031553308,3.056203155330799
1623,0,81,81.791398280403,0.7913982804030013
1626,0,63,58.4063134952051,-4.593686504794903
1634,1,57,58.5385177659276,1.538517765927601
1637,0,64,64.160603221404,0.16060322140400274
1640,1,68,58.4624110737639,-9.537588926236097
1641,0,62,64.6731235396529,2.673123539652906
1644,0,75,71.1485702813942,-3.8514297186058
1647,1,67,71.3852641868251,4.385264186825097
1650,1,72,57.5759475897845,-14.424052410215502
1655,1,69,66.5071495387295,-2.492850461270507
1656,1,71,64.961541764323,-6.038458235676998
1659,1,56,49.2626574990822,-6.737342500917798
1661,1,55,,
1670,0,57,77.0315438489632,20.031543848963196
1672,0,79,69.1569577473278,-9.843042252672205
1673,0,69,59.7402227773403,-9.2597772226597
1677,0,61,54.389293346411,-6.6107066535889984
1680,1,87,75.2927238537182,-11.7072761462818
1682,1,59,37.2644617458501,-21.7355382541499
1684,0,84,71.5024711489647,-12.497528851035298
1686,1,78,81.9250145095174,3.9250145095173963
1691,0,57,57.607409020588,0.6074090205880012
1693,1,78,66.5707665471171,-11.429233452882897
1694,0,66,62.7873818712434,-3.2126181287566027
1698,1,68,63.1708165350592,-4.829183464940797
1700,1,76,75.8656009540058,-0.1343990459942006
1703,1,90,79.6631597176816,-10.336840282318406
1704,1,60,52.0836386338346,-7.916361366165397
1705,0,68,48.4603137524462,-19.539686247553803
1707,1,61,61.2915701174922,0.2915701174921992
1708,0,76,71.7725295860156,-4.227470413984406
1713,0,67,56.0734089501115,-10.9265910498885
1716,1,57,58.3418963251571,1.3418963251571014
1717,0,60,52.263022313251,-7.736977686749
1731,0,63,56.1886309070314,-6.811369092968597
1732,0,59,49.6946357507041,-9.305364249295899
1733,0,57,56.0313364739983,-0.9686635260016985
1735,1,57,61.0050405023118,4.0050405023118
1738,0,80,71.854840640508,-8.145159359491998
1742,1,88,82.092191933374,-5.9078080666260036
1744,0,54,52.1246449626263,-1.8753550373737014
1752,0,89,81.8009900159205,-7.199009984079495
1756,0,66,66.1375008760851,0.13750087608509887
1757,0,56,51.5451525300105,-4.454847469989502
1758,0,67,91.9422824112797,24.942282411279706
1759,1,74,76.6450052817612,2.6450052817612004
1760,0,81,71.7695877048421,-9.230412295157905
1764,1,61,55.0966646455363,-5.9033353544636995
1766,0,75,66.8655165758519,-8.134483424148101
1768,1,75,64.203843805455,-10.796156194545006
1769,0,56,47.6146277297836,-8.3853722702164
1772,0,66,67.2994428705402,1.2994428705402044
1778,1,73,67.1564579685653,-5.843542031434694
1781,1,73,65.5588078397681,-7.441192160231907
1783,1,78,71.7902007737161,-6.209799226283906
1789,0,55,41.6289200347301,-13.3710799652699
1790,1,55,51.8589540232902,-3.1410459767097976
1795,0,60,53.3629225034806,-6.637077496519403
1797,0,68,67.114235361126,-0.8857646388739937
1801,1,83,63.8381729993576,-19.161827000642397
1803,0,75,72.2055443341245,-2.7944556658755033
1805,1,73,60.6254198331044,-12.374580166895598
1809,1,85,70.3559532272718,-14.644046772728203
1811,1,80,78.9929420582446,-1.0070579417554057
1821,1,82,75.4391390083684,-6.5608609916316
1833,0,70,66.4473041038526,-3.552695896147398
1838,1,72,48.8215708970691,-23.1784291029309
1842,1,58,60.9247189938918,2.9247189938918012
1844,0,80,76.1573267993547,-3.8426732006452937
1847,0,78,70.8590716824788,-7.140928317521201
1850,1,71,62.8753168823024,-8.1246831176976
1856,0,63,47.1008819361797,-15.899118063820303
1859,0,76,73.7939676266578,-2.2060323733421967
1862,1,69,71.4127139033257,2.4127139033256952
1863,1,72,66.3821230692683,-5.617876930731697
1866,1,57,65.3342459343133,8.334245934313302
1874,1,84,76.1292879996969,-7.870712000303101
1876,0,76,69.4644638340459,-6.535536165954099
1878,0,88,76.9098952441506,-11.090104755849396
1879,0,63,52.1967033891597,-10.803296610840299
1882,1,86,77.5946529853236,-8.405347014676394
1884,0,71,69.2100029403052,-1.789997059694798
1887,0,71,73.5046170575346,2.5046170575346025
1890,0,81,73.6235517923301,-7.376448207669895
1891,1,74,61.0854878400631,-12.914512159936898
1892,1,65,69.4030411988083,4.403041198808296
1900,1,66,60.3926945859626,-5.607305414037398
1901,1,77,73.9633758818652,-3.036624118134796
1906,1,57,59.6220989192159,2.622098919215901
1907,0,63,74.0070181835088,11.007018183508805
1912,1,80,73.3188875139375,-6.681112486062503
1913,0,57,58.2934314001076,1.2934314001076004
1914,1,57,48.9064240200441,-8.0935759799559
1917,0,69,61.1539438418125,-7.846056158187501
1921,1,73,66.8274411165111,-6.172558883488904
1924,1,86,,
1927,0,73,76.0702051835136,3.0702051835135933
1940,1,68,53.8065995165314,-14.1934004834686
1951,0,80,71.2400569863344,-8.759943013665605
1957,0,64,59.5028142601207,-4.497185739879299
1959,0,71,69.7962246575947,-1.2037753424052937
1964,1,68,,
1973,0,70,66.7542795705082,-3.245720429491797
1980,1,87,79.4839832155688,-7.516016784431201
1981,0,84,76.9785418594917,-7.021458140508301
1982,1,77,73.6535542582155,-3.346445741784507
1983,0,67,61.4295491970071,-5.570450802992902
1986,1,68,66.2202781284835,-1.7797218715165002
1989,1,81,76.6589723788236,-4.341027621176394
1995,0,75,70.1187812535994,-4.881218746400606
1997,1,71,60.2238743029771,-10.776125697022898
1998,1,67,63.051996979267,-3.9480030207329975
2003,1,56,47.5608215773757,-8.439178422624302
2019,0,56,55.3699534572924,-0.6300465427076034
2024,1,87,81.8867205332945,-5.113279466705507
2030,1,85,69.5903580371932,-15.409641962806802
2035,1,82,78.9112660078607,-3.0887339921392964
2037,0,68,64.9641815684257,-3.035818431574299
2039,1,75,74.877804735504,-0.12219526449599982
2040,1,81,83.2431563845828,2.2431563845828038
2042,1,79,57.3789797328815,-21.621020267118503
2043,1,63,61.4320879092788,-1.567912090721201
2049,1,59,60.3844366032781,1.3844366032780968
2050,1,77,76.0724587542797,-0.927541245720306
2055,0,78,71.9949204325553,-6.005079567444696
2066,1,80,75.8699198284197,-4.130080171580303
2067,0,82,77.9046537831563,-4.095346216843694
2083,1,75,77.0295703747265,2.0295703747265037
2084,0,79,74.8165739604695,-4.183426039530502
2087,1,76,70.8385984334206,-5.1614015665794
2094,0,70,,
2096,1,59,54.6274510004248,-4.372548999575201
2100,0,76,69.4677390044814,-6.532260995518598
2104,0,80,,
2105,0,76,73.3995949691992,-2.6004050308008004
2106,0,67,58.7916622769234,-8.208337723076603
2109,1,58,62.5804080080978,4.580408008097798
2114,1,76,72.093788084161,-3.9062119158389947
2118,0,56,55.5562021880519,-0.44379781194810164
2119,0,82,72.8793160909805,-9.120683909019505
2123,0,57,51.7189817465431,-5.2810182534568995
2126,1,59,61.3856188753221,2.385618875322102
2127,0,70,52.0337662954324,-17.9662337045676
2129,0,78,69.7303625271581,-8.269637472841893
2133,1,58,51.9019085515065,-6.0980914484934985
2139,1,61,62.8419666373085,1.8419666373085022
2143,1,77,75.4898978541039,-1.5101021458960986
2145,0,58,65.9175532731142,7.917553273114194
2147,1,62,61.5145401406879,-0.4854598593121011
2149,1,81,77.1750737259712,-3.8249262740287975
2150,0,70,59.8024493828364,-10.1975506171636
2163,0,79,81.4276431595597,2.4276431595596932
2165,0,79,65.7084018368628,-13.291598163137195
2167,1,72,68.8565331596094,-3.1434668403906016
2169,1,58,64.6817304507017,6.681730450701707
2170,0,70,68.9893970954858,-1.0106029045142009
2172,0,81,76.3348143373215,-4.665185662678496
2173,0,58,60.5659161539218,2.5659161539217976
2175,0,68,59.1015415151224,-8.898458484877601
2183,0,68,68.4910759414025,0.49107594140249944
2188,0,57,48.7002415295333,-8.2997584704667
2191,0,85,77.2675770762045,-7.732422923795497
2192,0,68,64.5444872783694,-3.4555127216305976
2193,1,76,49.8045788411113,-26.1954211588887
2204,0,87,83.6630055102678,-3.3369944897322057
2206,1,80,75.3036621620931,-4.696337837906896
2208,1,62,49.4088378381655,-12.591162161834497
2212,1,59,53.8117193943795,-5.188280605620498
2214,1,75,71.7333828137766,-3.2666171862233995
2215,1,78,73.8758507126092,-4.124149287390793
2216,1,65,42.2035860817848,-22.7964139182152
2217,1,76,73.1159779671448,-2.8840220328551993
2218,0,73,60.13270436391,-12.867295636089999
2221,1,90,,
2227,0,75,72.7384841401928,-2.2615158598072043
2233,0,79,71.1800204254592,-7.819979574540795
2239,1,88,75.0306391571383,-12.969360842861704
2243,1,55,55.8553110003502,0.8553110003501985
2246,1,67,64.3829234290372,-2.6170765709627943
2251,1,72,70.6250666045653,-1.3749333954346952
2260,1,63,66.4138916672294,3.413891667229393
2263,0,65,59.9678037294478,-5.032196270552198
2264,1,58,52.4238375882048,-5.5761624117952024
2265,0,68,61.9546724798532,-6.045327520146799
2266,1,67,66.6214980165188,-0.37850198348120045
2267,1,56,56.1645136711255,0.16451367112549775
2268,0,85,77.3077585886758,-7.692241411324204
2269,1,70,,
2274,0,63,56.7137573014764,-6.286242698523601
2276,1,87,73.5932772316575,-13.406722768342505
2279,0,63,55.2748012525159,-7.7251987474841
2280,1,63,59.8251137435941,-3.174886256405898
2289,0,79,74.0839521498783,-4.9160478501217
2291,1,58,49.1888047956196,-8.811195204380397
2292,0,67,57.5520751085878,-9.4479248914122
2297,0,78,76.3047878513538,-1.6952121486462062
2299,1,74,75.6692694883135,1.6692694883135033
2300,0,57,77.9144013072452,20.9144013072452
2303,1,86,77.7851481578928,-8.214851842107194
2305,1,60,54.5035398556589,-5.4964601443411
2308,1,73,65.2567880370451,-7.743211962954902
2309,1,62,73.3778932436552,11.377893243655194
2311,0,78,68.1142862716731,-9.885713728326905
2314,0,57,55.3030083182299,-1.6969916817701005
2317,0,82,77.2528772657358,-4.747122734264195
2325,0,63,54.0571158731486,-8.942884126851403
2328,0,56,60.4468267528817,4.446826752881698
2337,0,61,55.397481779502,-5.602518220497998
2339,0,64,66.6003350674235,2.600335067423501
2345,1,79,67.204528354955,-11.795471645044998
2349,1,74,78.1495865762342,4.149586576234199
2362,0,75,65.9714504053583,-9.028549594641703
2363,0,67,63.9302371088078,-3.069762891192198
2368,1,57,53.5400792594383,-3.4599207405616994
2372,1,56,39.825480040086,-16.174519959914
2374,0,59,59.3552559293784,0.35525592937840145
2375,0,75,77.1542601126182,2.1542601126182035
2376,1,60,64.0978060621641,4.097806062164096
2377,0,62,60.3724516990079,-1.6275483009921032
2388,0,63,61.4260387498091,-1.573961250190898
2394,0,77,67.1722786784124,-9.827721321587603
2397,0,59,56.2519650694969,-2.7480349305031027
2400,1,69,74.046831314938,5.046831314938004
2408,1,62,53.5604513089619,-8.439548691038098
2413,0,57,57.187184828677,0.18718482867699748
2414,0,70,64.1745477848975,-5.825452215102501
2416,1,71,62.2220965957042,-8.777903404295799
2421,1,75,63.8185069103682,-11.1814930896318
2429,0,76,71.2574664985135,-4.7425335014865055
2434,0,83,68.4756619347967,-14.524338065203295
2441,0,79,72.076097732259,-6.923902267740999
2443,0,74,76.3691566492304,2.369156649230405
2451,0,67,57.5322538454456,-9.467746154554398
2452,1,85,,
2455,1,68,,
2459,0,57,52.9987407519309,-4.001259248069097
2463,0,55,50.9631039573525,-4.0368960426474985
2464,1,76,72.7881654008265,-3.2118345991735
2467,1,75,72.0433263149997,-2.956673685000297
2468,1,70,69.3247625788117,-0.6752374211882994
2470,0,59,64.7041636195819,5.704163619581905
2472,1,73,58.4097766626251,-14.590223337374901
2473,0,64,55.3482019630351,-8.651798036964898
2474,1,72,62.0351243885067,-9.964875611493298
2484,0,63,63.7134273146829,0.7134273146829031
2487,1,57,53.583233375553,-3.416766624447
2488,0,70,66.3815517695751,-3.618448230424903
2494,1,79,65.4758419155434,-13.524158084456602
2496,1,59,64.5524790834555,5.552479083455495
2504,1,78,78.3427048397938,0.3427048397937966
2507,1,68,61.7453425714011,-6.254657428598897
2509,1,86,77.8416375589083,-8.158362441091697
2510,0,67,69.7263359479094,2.726335947909405
2513,0,62,60.1482495282819,-1.8517504717180984
2519,0,75,68.4333054033937,-6.566694596606297
2523,1,84,72.9015384021423,-11.098461597857707
2527,0,76,70.4304706771904,-5.569529322809601
2533,1,78,77.7925108684441,-0.20748913155590287
2537,1,82,72.7147155418817,-9.285284458118298
2538,0,85,76.9655434410035,-8.034456558996496
2539,0,70,68.4161539476587,-1.5838460523413005
2548,0,58,61.9054640161913,3.905464016191303
2549,0,60,59.7326666695649,-0.26733333043510044
2551,0,62,56.8680766087968,-5.131923391203202
2556,1,67,59.0588003118395,-7.941199688160502
2567,0,78,76.374923106504,-1.6250768934960007
2572,0,61,54.1523590736863,-6.8476409263137015
2573,0,65,56.2332309754676,-8.766769024532401
2574,1,79,70.410099166796,-8.589900833203998
2581,0,63,59.2384469123901,-3.7615530876098973
2582,1,78,70.3597787049219,-7.640221295078106
2590,1,60,51.9054952440507,-8.094504755949302
2593,0,66,62.4740848714634,-3.525915128536603
2598,0,76,73.7550912907294,-2.2449087092706037
2602,0,71,68.5897977344545,-2.410202265545493
2603,0,59,55.6423378789629,-3.3576621210371016
2604,0,67,52.66575128307,-14.334248716929999
2608,0,79,74.5698112597935,-4.430188740206503
2613,1,75,61.0313053214873,-13.968694678512698
2614,0,68,72.3452162065862,4.345216206586201
2615,0,72,68.8005831634796,-3.199416836520399
2616,0,78,69.1472974959434,-8.852702504056595
2626,1,77,62.1585599082811,-14.841440091718901
2632,0,94,80.844865907558,-13.155134092441997
2634,0,67,72.8768661433315,5.8768661433314975
2636,1,68,51.8550007512944,-16.144999248705602
2638,1,65,61.4570937606721,-3.5429062393278983
2639,0,72,66.4272755396613,-5.572724460338705
2648,0,64,61.8855845911792,-2.114415408820797
2650,0,67,72.5914298413897,5.591429841389697
2651,1,71,58.7295586519271,-12.2704413480729
2655,0,56,,
2659,0,66,61.7000406141964,-4.2999593858035965
2660,1,59,56.9878580758998,-2.0121419241001988
2665,1,90,78.8554397945176,-11.144560205482406
2668,1,68,75.106164402656,7.106164402656006
2670,1,71,72.9003776492567,1.900377649256697
2676,1,57,52.2217964992782,-4.778203500721801
2677,1,70,65.683538719859,-4.316461280140999
2680,0,61,65.1890596046458,4.189059604645806
2681,0,57,56.6612973275256,-0.33870267247439756
2685,0,68,63.2219616309453,-4.778038369054698
2687,0,63,61.7360192262082,-1.2639807737918005
2688,1,58,64.382529082621,6.382529082621005
2694,0,80,69.1369245613805,-10.863075438619504
2696,0,75,70.5696932010991,-4.430306798900901
2701,0,59,60.4323150677573,1.432315067757301
2705,1,80,77.3347320868538,-2.665267913146195
2709,0,81,102.824450795125,21.824450795125003
2711,0,64,67.0195949038311,3.0195949038311056
2714,1,77,71.3160255330184,-5.683974466981596
2715,1,87,79.4190302214213,-7.580969778578705
2722,1,74,66.7280886935963,-7.271911306403695
2723,1,64,64.619374576091,0.6193745760910048
2725,1,59,58.2037407249736,-0.7962592750264008
2727,0,74,78.6215274289797,4.621527428979704
2728,1,76,83.7766280511046,7.776628051104595
2729,0,77,69.0348851296988,-7.965114870301207
2735,1,71,54.3449321958613,-16.655067804138703
2738,0,68,,
2739,0,63,47.3390566533922,-15.660943346607802
2747,1,57,55.0656060579599,-1.9343939420401028
2750,0,58,62.5865747751437,4.586574775143703
2752,1,69,67.6990253986577,-1.300974601342304
2757,1,66,53.3096183784563,-12.6903816215437
2759,1,85,80.0281522940784,-4.971847705921604
2762,0,62,53.1021017544322,-8.897898245567802
2764,0,76,70.7335339887551,-5.266466011244901
2771,0,57,52.9582303444766,-4.041769655523403
2772,0,61,52.0968163710094,-8.903183628990597
2780,0,64,56.6901349129674,-7.309865087032598
2781,1,70,76.5174816714967,6.5174816714966965
2787,0,64,71.9642984624081,7.964298462408095
2792,0,76,68.4337764407796,-7.566223559220404
2796,0,81,79.3619702985991,-1.638029701400896
2798,0,76,,
2800,1,76,65.3810303147194,-10.618969685280604
2802,1,61,50.7244651029668,-10.275534897033197
2807,1,60,67.7151552298824,7.715155229882399
2808,0,63,55.0618821265611,-7.938117873438898
2811,1,61,64.9043230914363,3.9043230914362965
2814,0,85,,
2819,1,61,57.9069478269471,-3.0930521730528966
2820,0,56,61.6164614015666,5.616461401566603
2821,0,63,51.1534413031702,-11.846558696829803
2828,0,75,71.2463017331985,-3.753698266801507
2830,1,77,66.5424419862521,-10.4575580137479
2834,1,78,59.0354015755479,-18.9645984244521
2836,0,82,75.0592383647587,-6.9407616352413015
2838,0,72,75.3484171330963,3.348417133096305
2846,0,90,62.4239839094096,-27.5760160905904
2848,0,65,66.0657045498942,1.0657045498942068
2851,0,61,58.4582420704302,-2.5417579295697976
2852,1,74,66.8023451408504,-7.197654859149594
2854,0,65,66.6727871393928,1.6727871393927956
2862,0,55,60.671096470025,5.671096470024999
2863,0,85,80.2173563629025,-4.782643637097493
2868,0,79,72.5946707953152,-6.405329204684804
2876,1,76,69.4860937689354,-6.513906231064595
2877,0,56,38.0869963696159,-17.913003630384097
2879,1,81,72.6532006953094,-8.346799304690606
2880,0,57,58.7793726120965,1.7793726120965019
2881,1,77,71.1667606590991,-5.833239340900903
2887,1,76,74.0752991442023,-1.9247008557976955
2892,0,78,65.4276226043077,-12.5723773956923
2894,1,62,58.561301381875,-3.4386986181250023
2896,1,70,49.338136328943,-20.661863671057
2897,0,55,60.7547019008213,5.754701900821303
2898,1,60,,
2903,0,80,74.2046045956475,-5.795395404352504
2904,1,73,63.8074926832159,-9.192507316784102
2906,1,73,65.4545383518588,-7.545461648141199
2911,0,60,60.1068241233465,0.10682412334649882
2913,0,64,59.2838128891869,-4.716187110813102
2915,0,63,61.7835050460602,-1.216494953939801
2926,0,70,60.5381085686613,-9.4618914313387
2930,1,63,59.0835216080078,-3.9164783919922
2932,0,60,54.705533574844,-5.294466425156003
2933,0,76,71.3224798159018,-4.677520184098199
2934,1,81,81.6554972230507,0.6554972230507019
2938,0,61,56.3287557693561,-4.6712442306439
2941,1,60,62.921362208786,2.9213622087860003
2946,0,58,68.6397089007893,10.639708900789302
2952,1,65,56.5673777313796,-8.432622268620399
2954,1,68,68.7737135415347,0.7737135415347041
2957,0,63,67.1854667021791,4.185466702179099
2958,0,78,65.5765214704678,-12.423478529532204
2961,1,75,71.401696674168,-3.5983033258320063
2966,0,58,57.7591758027105,-0.24082419728949844
2969,1,76,65.9542758560911,-10.045724143908899
2970,0,63,65.0618723999344,2.0618723999344013
2977,0,57,53.1832485503873,-3.8167514496127026
2982,0,55,53.9204810974285,-1.0795189025715004
2987,1,71,76.505573841605,5.505573841604999
2988,1,75,67.2820249491501,-7.717975050849901
2993,0,64,47.9546848998099,-16.045315100190102
2995,1,77,65.0823413744565,-11.917658625543496
2996,1,74,69.8773641252783,-4.122635874721695
2999,0,71,61.3207795151457,-9.679220484854298
3003,0,74,60.5117979207083,-13.488202079291703
3006,0,64,63.9385292015513,-0.061470798448702624
3011,0,56,,
3012,1,84,79.5427143582266,-4.457285641773396
3013,0,64,45.4162766553378,-18.583723344662197
3015,0,66,67.7949297302002,1.7949297302001952
3016,1,64,54.6254620529215,-9.374537947078501
3018,1,87,77.9923455484689,-9.007654451531096
3021,0,75,71.1856804228883,-3.8143195771117036
3024,0,63,62.05588647984,-0.9441135201600019
3025,1,80,76.3127301759746,-3.6872698240254067
3028,0,63,46.3877489637845,-16.612251036215497
3032,0,64,61.6887363450506,-2.3112636549494
3037,0,78,79.933563222738,1.9335632227380017
3040,1,71,65.2750731706514,-5.724926829348604
3042,1,59,64.4047972061325,5.4047972061325
3043,1,83,75.3994707281796,-7.600529271820406
3044,0,75,73.2962561731806,-1.7037438268194052
3048,0,71,67.9304227378715,-3.0695772621285045
3052,1,71,63.9259502410225,-7.074049758977502
3053,1,57,46.6696274507526,-10.3303725492474
3061,0,73,78.4160828502285,5.416082850228506
3066,0,66,54.5327249376598,-11.4672750623402
3068,1,68,65.0966590116833,-2.9033409883166996
3072,0,75,69.5692256263047,-5.4307743736953
3073,0,69,66.9017496391085,-2.098250360891498
3086,0,75,75.7919294343031,0.7919294343030998
3089,0,67,54.926726347096,-12.073273652904
3094,1,85,81.1378698898182,-3.862130110181795
3101,0,64,63.1089768504118,-0.8910231495882002
3102,0,82,78.4730845661199,-3.526915433880106
3104,0,63,68.5632931498244,5.563293149824403
3106,0,79,68.8753958664875,-10.124604133512506
3111,1,66,58.5269809927288,-7.473019007271198
3112,1,57,56.8411880645456,-0.15881193545440198
3113,0,61,66.0418000497863,5.041800049786303
3121,0,65,56.3102306470558,-8.689769352944197
3132,1,57,62.5328854302507,5.532885430250701
3133,0,77,75.8201438610248,-1.1798561389751967
3135,0,58,,
3136,1,73,60.940533657598,-12.059466342401997
3140,0,69,69.1295081098366,0.12950810983660688
3147,0,62,65.9729644767517,3.9729644767516987
3149,1,65,61.9110423783203,-3.088957621679697
3150,0,71,74.4309795756794,3.4309795756794017
3153,0,76,64.9010640020224,-11.098935997977605
3155,0,69,66.4274470326231,-2.572552967376893
3156,0,60,52.9947471190773,-7.005252880922697
3158,1,68,73.3378602890498,5.3378602890498
3168,1,59,51.841889251178,-7.158110748821997
3173,0,86,75.6620668442263,-10.337933155773698
3180,0,75,,
3186,0,62,70.5261022624222,8.5261022624222
3190,1,56,40.4325429941251,-15.5674570058749
3193,0,67,57.3009404754479,-9.699059524552098
3203,0,62,60.6777600829388,-1.3222399170611965
3204,0,76,63.7868820340981,-12.213117965901901
3206,1,70,77.9292116770918,7.9292116770918
3208,0,69,63.0143342344572,-5.985665765542798
3211,0,75,67.9836347974952,-7.016365202504801
3212,0,76,69.1054172886707,-6.894582711329306
3216,0,59,69.0360699111659,10.036069911165896
3218,1,62,49.8379121119294,-12.162087888070602
3223,1,70,61.4442753440644,-8.555724655935599
3224,1,76,71.3326796561518,-4.667320343848203
3236,0,80,63.3006105036245,-16.699389496375503
3239,0,68,66.0088923814116,-1.9911076185884014
3251,0,79,76.7185308798358,-2.2814691201642034
3257,0,70,67.573259690053,-2.426740309946993
3259,0,75,64.1776152424253,-10.822384757574696
3262,0,56,47.0970144098856,-8.902985590114397
3264,0,66,70.4450592140028,4.4450592140027965
3267,0,75,72.4238716603001,-2.576128339699906
3275,1,85,65.8723846669151,-19.127615333084904
3280,1,66,64.5395707714544,-1.4604292285456069
3281,0,75,75.5734043046036,0.5734043046035993
3290,0,72,67.9695606783176,-4.030439321682394
3293,1,81,74.7378827731517,-6.262117226848304
3294,1,62,52.1670061168857,-9.832993883114298
3297,0,62,61.4094145731669,-0.5905854268331012
3298,0,62,51.7751674775732,-10.224832522426802
3299,0,83,81.5888930858404,-1.4111069141596033
3302,0,56,56.4791098267756,0.47910982677559844
3303,1,62,59.1615611239221,-2.838438876077902
3308,1,72,59.8673745347685,-12.132625465231499
3310,1,75,67.3303105219768,-7.6696894780232014
3311,0,88,76.5363503901532,-11.463649609846797
3313,1,59,64.8664060427247,5.866406042724705
3314,1,56,60.4489696276393,4.4489696276393005
3317,0,69,66.8114086199487,-2.1885913800513066
3324,0,82,78.6688030369217,-3.3311969630782983
3332,1,84,81.2898257466061,-2.7101742533939017
3335,0,60,59.8054794023729,-0.19452059762709695
3336,1,64,68.0754720199964,4.075472019996397
3337,0,72,,
3341,0,81,74.8481673558888,-6.151832644111195
3344,0,58,55.6891407409526,-2.3108592590473975
3347,1,59,,
3349,0,63,47.953415483792,-15.046584516208
3352,1,64,57.1185655676114,-6.881434432388602
3354,0,81,75.0863707515224,-5.913629248477605
3356,0,66,67.7838593427482,1.783859342748201
3367,0,73,69.7174834886769,-3.282516511323095
3369,0,79,77.1433718795228,-1.8566281204771968
3373,1,76,,
3375,1,65,60.7664029703589,-4.233597029641103
3377,1,85,77.1510098819821,-7.848990118017895
3378,0,63,59.6179404487417,-3.382059551258301
3382,0,58,48.5527086944314,-9.447291305568598
3387,1,60,64.3043010173299,4.304301017329905
3389,1,58,63.8310165734898,5.831016573489798
3390,0,67,60.7800996131955,-6.219900386804497
3392,0,67,66.3896127849688,-0.6103872150311958
3394,0,66,59.3731901171,-6.626809882899998
3396,0,65,59.4906350445384,-5.509364955461599
3399,0,81,77.1311575603717,-3.8688424396282954
3404,1,73,67.2494494869552,-5.7505505130448
3407,1,81,69.5543718465744,-11.445628153425602
3408,1,64,54.6010877461447,-9.3989122538553
3409,1,58,55.893889644076,-2.1061103559240024
3410,0,72,68.3115267813524,-3.6884732186476015
3413,0,65,71.7648621169386,6.764862116938602
3415,0,58,44.2911559843517,-13.708844015648303
3419,1,59,70.529921558796,11.529921558796005
3423,0,70,70.4200033079023,0.4200033079023058
3426,1,74,73.8898271983545,-0.11017280164550414
3431,0,61,57.2949676467343,-3.7050323532657004
3432,1,67,68.2967983701034,1.296798370103403
3439,1,79,65.1075281680276,-13.8924718319724
3440,0,74,73.655340706825,-0.344659293174999
3441,1,56,53.4189955134268,-2.5810044865731996
3442,0,80,72.0510601533822,-7.9489398466178045
3449,1,67,65.5743915471953,-1.4256084528046955
3452,1,55,53.4309826866671,-1.5690173133328997
3455,1,59,54.2563358029456,-4.7436641970544
3457,0,75,72.3731430428557,-2.626856957144298
3464,1,73,73.9024595363076,0.9024595363076031
3468,0,75,62.2572864782159,-12.742713521784097
3469,0,76,77.6908050372132,1.6908050372131953
3472,0,61,53.1599918493156,-7.8400081506843975
3477,1,76,77.7637625590833,1.763762559083304
3479,1,59,58.6123915859441,-0.3876084140558973
3481,0,79,70.3216973660765,-8.678302633923494
3486,0,78,79.9312415366841,1.931241536684098
3492,1,66,61.3655941820954,-4.6344058179046
3495,1,67,57.5171495987663,-9.482850401233698
3499,0,66,64.2527152550894,-1.7472847449106013
3500,1,56,59.1235364571293,3.1235364571292976
3506,0,77,88.2666758000807,11.266675800080705
3508,0,81,68.7516704013112,-12.248329598688798
3510,1,64,76.1983466866394,12.198346686639397
3516,0,90,82.3391808892701,-7.6608191107299035
3519,0,70,69.6745484507982,-0.3254515492018015
3520,0,56,49.7446246269625,-6.255375373037502
3529,1,74,78.1599769720262,4.1599769720262
3530,0,67,89.1251589469282,22.125158946928195
3533,1,76,57.6090156782881,-18.390984321711898
3537,0,74,72.3258450783321,-1.6741549216679061
3538,0,58,59.9536909279105,1.9536909279105004
3539,0,74,74.3955019318281,0.39550193182809323
3541,0,87,72.8464344095791,-14.153565590420897
3542,0,58,71.5988362467871,13.598836246787101
3543,0,55,57.1099363916135,2.109936391613502
3547,0,82,63.9924643288427,-18.0075356711573
3554,1,77,70.5721700561781,-6.427829943821905
3555,1,72,59.3476856213135,-12.652314378686498
3556,1,57,60.5525895427964,3.5525895427963974
3557,0,79,67.7925188645828,-11.207481135417197
3558,1,70,67.2079135382968,-2.7920864617032066
3560,1,76,,
3561,0,75,69.274683981,-5.7253160190000045
3564,0,69,64.8528765714097,-4.147123428590305
3566,1,71,70.1381711480692,-0.8618288519307953
3570,1,66,71.2816026804719,5.281602680471906
3572,1,69,63.6122490990129,-5.3877509009871005
3575,0,85,81.0012142952337,-3.9987857047663056
3581,0,63,66.1657498786096,3.1657498786096028
3583,0,89,75.5941938263042,-13.405806173695794
3585,1,62,62.0919942524297,0.09199425242969994
3591,1,80,67.9593557200574,-12.040644279942597
3592,1,66,65.0151911604741,-0.9848088395258969
3594,1,67,60.6955609007703,-6.304439099229697
3596,1,69,74.3567353612909,5.356735361290902
3598,0,78,66.1974371554957,-11.802562844504294
3603,1,72,67.294108566602,-4.705891433397994
3604,1,59,51.2579482336622,-7.742051766337802
3612,0,85,70.2848998397396,-14.715100160260405
3622,0,61,64.3208525936874,3.3208525936874054
3625,1,61,54.1216474495028,-6.878352550497198
3629,0,85,72.795931417279,-12.204068582721007
3630,1,76,60.9639116674117,-15.0360883325883
3634,1,61,61.7325663817468,0.7325663817467998
3635,1,65,66.2638060451866,1.2638060451865982
3637,0,67,57.6025536150523,-9.397446384947699
3639,1,68,63.1045617825291,-4.895438217470897
3641,0,65,61.3368971456586,-3.6631028543414033
3647,1,59,57.9311980964566,-1.0688019035434024
3652,1,58,52.4546370069295,-5.545362993070498
3656,0,61,58.6058949627127,-2.3941050372872965
3660,1,61,62.5576701595234,1.557670159523397
3664,0,57,53.9354117883103,-3.0645882116897027
3666,1,78,68.6798847639917,-9.320115236008306
3671,1,57,53.6320607843237,-3.3679392156763015
3674,1,87,73.307838056472,-13.692161943528006
3684,0,76,68.2569452376875,-7.743054762312497
3685,1,71,,
3689,0,60,59.7356054600054,-0.2643945399945977
3690,1,60,60.5597345202096,0.5597345202096022
3692,1,73,66.1388164549054,-6.861183545094605
3693,0,57,60.775560748768,3.775560748768001
3696,0,60,63.7555519583573,3.7555519583573016
3698,1,77,,
3702,0,74,73.0853215992868,-0.9146784007131998
3703,0,71,66.1803171264077,-4.819682873592299
3707,1,61,66.6089656663716,5.608965666371603
3708,0,85,81.2487886236815,-3.751211376318494
3710,0,76,72.2164583985319,-3.7835416014681016
3711,1,74,73.9677336834434,-0.03226631655660128
3712,0,73,54.4712121791463,-18.5287878208537
3717,1,58,61.4949020545845,3.4949020545845
3730,1,84,78.1706393992544,-5.829360600745602
3734,1,73,77.7349247301807,4.734924730180694
3736,0,83,76.0708342375236,-6.929165762476401
3737,1,68,68.7270542911066,0.7270542911065974
3738,1,62,52.0399039844538,-9.960096015546199
3742,0,57,50.4728985958447,-6.527101404155303
3743,0,61,56.523726425953,-4.476273574046999
3745,1,56,57.4108525514598,1.4108525514597972
3750,1,69,53.4057660419394,-15.594233958060599
3751,0,59,48.8646164056487,-10.135383594351303
3754,0,75,69.3724436057221,-5.627556394277903
3760,0,63,58.0843185341248,-4.915681465875203
3761,0,71,62.7975976236832,-8.202402376316797
3770,1,70,70.278465679557,0.2784656795570015
3771,0,64,65.9381285811888,1.9381285811888063
3777,1,58,53.1049705150662,-4.895029484933801
3781,0,71,58.1635441711952,-12.836455828804802
3785,0,60,54.7636137369173,-5.2363862630827
3787,1,67,64.5066949432068,-2.4933050567932042
3793,0,56,47.6651870131719,-8.334812986828098
3795,0,71,77.813352663169,6.813352663168999
3801,0,79,69.935787348744,-9.064212651256
3803,1,63,51.8111814708724,-11.188818529127602
3815,0,65,67.8467348069102,2.846734806910206
3818,0,62,67.3946390257222,5.394639025722199
3819,0,77,,
3822,0,75,65.1622799930142,-9.837720006985805
3823,1,75,63.391763548045,-11.608236451955001
3833,1,64,53.2310352740169,-10.768964725983103
3834,0,58,53.536991144163,-4.463008855837003
3836,0,73,65.0676034546993,-7.932396545300705
3839,1,67,68.1697171209892,1.1697171209892048
3840,1,55,45.1264794861183,-9.8735205138817
3842,0,83,71.8246941669486,-11.175305833051397
3850,1,82,68.0868069120723,-13.913193087927695
3852,1,86,79.8756957950291,-6.124304204970898
3854,0,73,67.2465591955056,-5.753440804494403
3855,0,69,69.1455272279755,0.14552722797550643
3856,1,55,81.8656783800151,26.865678380015098
3861,0,55,63.950828363869,8.950828363869
3865,0,76,76.5221111378402,0.5221111378401986
3867,1,69,69.6445080085496,0.6445080085495931
3873,0,78,55.076230236927,-22.923769763072997
3874,1,69,59.1004300615152,-9.899569938484802
3876,1,62,60.3884442226016,-1.6115557773984008
3886,0,83,80.8735510406683,-2.1264489593316966
3887,0,62,55.7595656830261,-6.2404343169738965
3889,1,59,61.6875028968631,2.6875028968631014
3890,0,63,61.7661514605372,-1.233848539462798
3892,1,64,62.9158688589537,-1.0841311410462993
3894,0,58,54.9993220283385,-3.000677971661503
3897,0,82,73.546802841922,-8.453197158077998
3901,0,60,,
3902,0,90,,
3904,0,57,54.5168044916907,-2.4831955083093007
3906,0,82,73.8945697644642,-8.105430235535806
3913,1,78,70.9182049477916,-7.081795052208406
3914,0,59,48.5461525471452,-10.453847452854802
3917,0,61,61.7498091520882,0.7498091520881971
3918,1,64,65.4303317732664,1.4303317732664027
3920,1,80,73.0232311834479,-6.976768816552095
3921,0,87,83.0362291731006,-3.963770826899406
3924,1,62,69.6864502385846,7.686450238584598
3925,0,59,59.6143974588481,0.6143974588481029
3931,1,57,59.7089340037714,2.7089340037713967
3933,0,73,66.7260331698864,-6.273966830113594
3934,0,75,68.9176439778848,-6.082356022115206
3936,1,65,61.889649630615,-3.110350369385003
3939,1,73,68.6506400674365,-4.349359932563502
3945,0,69,66.1563217126084,-2.8436782873915973
3948,0,68,58.8438118411868,-9.156188158813201
3950,0,68,65.50953286318,-2.4904671368200013
3951,1,73,68.9954593824878,-4.004540617512205
3967,0,65,59.7645030376789,-5.2354969623211005
3971,0,91,78.458058929676,-12.541941070324
3972,0,72,64.3894241929524,-7.610575807047596
3974,1,63,56.1419460208538,-6.858053979146199
3975,0,63,59.8776111919014,-3.1223888080985986
3976,1,60,54.7612726514913,-5.2387273485086965
3980,0,67,63.6947287384393,-3.305271261560698
3987,1,80,77.3600825194489,-2.639917480551105
3992,0,74,73.3991057108594,-0.600894289140598
3993,0,61,,
3996,0,64,59.4022668096452,-4.597733190354802
3997,1,68,60.5043718957039,-7.495628104296102
4000,0,69,72.4546032493735,3.4546032493735055
4003,0,62,64.373170543369,2.3731705433689996
4012,0,61,63.4939141817893,2.4939141817893002
4014,1,92,76.0190852360356,-15.980914763964407
4015,1,84,72.9541901963821,-11.0458098036179
4016,0,75,63.3311156827967,-11.6688843172033
4017,0,62,53.6329404137749,-8.367059586225103
4023,1,63,60.830259540204,-2.169740459796003
4026,1,60,54.4943998359204,-5.505600164079603
4028,1,87,73.3279826739264,-13.6720173260736
4029,0,61,53.5798277636183,-7.420172236381703
4032,0,83,73.8326247974554,-9.167375202544605
4036,0,78,82.7483048400402,4.7483048400402055
4038,0,65,63.6327699457998,-1.3672300542001992
4044,1,56,58.2304587336452,2.2304587336452
4047,1,68,61.3782091153232,-6.621790884676798
4053,0,68,61.5354030780873,-6.464596921912701
4055,0,79,68.5462825059102,-10.453717494089801
4057,1,73,64.385836507114,-8.614163492885993
4062,0,78,89.0814142573359,11.081414257335894
4070,0,57,58.5148448694664,1.5148448694664012
4077,0,64,64.9784984224475,0.9784984224475011
4085,1,68,68.1776429985348,0.17764299853479315
4087,1,57,60.1646516070674,3.1646516070673982
4088,0,59,53.4272245631998,-5.5727754368002
4090,0,59,,
4091,0,56,70.8327647185904,14.832764718590397
4099,1,59,58.1426570389623,-0.8573429610377019
4109,1,63,56.9163422259668,-6.083657774033199
4110,0,87,81.6463213062301,-5.3536786937698935
4111,1,71,70.8171432806439,-0.1828567193560957
4114,1,78,68.8749061133349,-9.125093886665098
4116,0,73,68.5751169376205,-4.424883062379493
4117,0,77,64.2843892013649,-12.715610798635097
4120,0,74,73.1975234744143,-0.8024765255857034
4123,0,84,76.6576705209026,-7.342329479097401
4128,0,65,72.2473423485526,7.247342348552607
4129,0,62,66.1015478242311,4.101547824231105
4137,1,71,67.7356622947464,-3.2643377052535953
4140,0,77,76.9292193107895,-0.07078068921049407
4141,0,64,65.6497529489002,1.6497529489002005
4152,0,61,64.38207885899,3.382078858989999
4157,0,67,65.2449686589572,-1.7550313410427947
4158,1,63,67.6247507793416,4.624750779341596
4163,1,71,67.6215577729556,-3.3784422270444026
4165,0,57,50.3165441411439,-6.6834558588560995
4167,0,77,68.8952066776779,-8.104793322322095
4168,1,92,79.6284193421038,-12.371580657896203
4170,1,57,51.0253246159228,-5.974675384077202
4171,0,67,63.9910681863243,-3.0089318136757015
4173,0,63,58.0625157091419,-4.937484290858102
4174,1,79,72.2280150559956,-6.7719849440044015
4178,0,87,76.6681508592667,-10.331849140733297
4186,1,55,55.2599826719472,0.25998267194719915
4189,1,76,74.5175668503227,-1.4824331496773056
4190,0,80,78.931537515008,-1.068462484991997
4196,0,72,69.701748881263,-2.2982511187369994
4199,0,67,60.8345192276995,-6.165480772300498
4200,1,78,87.4052223000726,9.405222300072595
4203,0,57,53.9768106743167,-3.0231893256832976
4205,1,71,63.3750984181726,-7.624901581827402
4215,1,58,64.2448684109139,6.244868410913895
4216,1,66,72.2822541757826,6.282254175782597
4219,1,91,82.442453945299,-8.557546054701007
4223,0,59,60.4105769070136,1.4105769070135992
4224,1,74,70.2234864828171,-3.776513517182906
4227,0,67,56.3090700517586,-10.690929948241397
4228,0,64,64.2650210837986,0.2650210837986009
4229,1,55,50.3352831306435,-4.6647168693565035
4230,0,58,56.2403099099197,-1.7596900900802979
4232,1,67,56.6837778452928,-10.316222154707198
4236,1,76,78.5513537765737,2.5513537765737055
4240,0,73,81.1787943889269,8.178794388926903
4241,1,79,70.3037622868374,-8.696237713162603
4244,0,79,,
4245,1,67,56.7688748029872,-10.231125197012801
4250,0,65,48.9848461316659,-16.015153868334103
4252,0,69,61.3936212963553,-7.606378703644701
4254,1,57,61.8264673689876,4.8264673689876005
4256,0,63,59.7052038689134,-3.294796131086599
4257,0,69,63.3012111402861,-5.6987888597139005
4258,0,61,66.2116647905752,5.211664790575199
4265,1,57,57.3280394790788,0.3280394790787966
4266,1,62,52.5238489857753,-9.476151014224698
4267,0,77,77.7383095129573,0.7383095129573007
4268,1,59,66.0093455990576,7.009345599057596
4270,1,73,73.7366530492355,0.7366530492354997
4273,0,59,62.4123929914606,3.4123929914605995
4275,0,78,64.1839476114529,-13.816052388547106
4276,0,65,55.0704702800857,-9.9295297199143
4277,0,61,56.7329299692324,-4.267070030767599
4284,1,84,72.5693581499604,-11.430641850039606
4285,0,64,56.5895970141733,-7.4104029858267
4289,0,77,,
4292,0,62,67.225602590103,5.225602590102994
4294,0,76,66.6547967043814,-9.345203295618603
4295,1,81,76.2667073885856,-4.733292611414399
4296,0,81,76.6025644805898,-4.397435519410195
4298,1,82,73.3006005048509,-8.699399495149095
4301,0,64,66.4637537990354,2.463753799035402
4304,0,57,65.676699126161,8.676699126160997
4305,0,69,67.0589652297322,-1.9410347702678052
4308,1,57,47.9680141456209,-9.031985854379101
4309,1,86,73.484554139161,-12.515445860838994
4311,0,57,59.0350546393012,2.035054639301201
4316,0,80,94.7447932035005,14.744793203500507
4318,0,70,67.9104634023179,-2.0895365976820983
4319,1,68,70.3254259828693,2.325425982869305
4322,1,76,70.2456716618892,-5.7543283381107955
4325,1,79,66.3974070276099,-12.602592972390099
4330,0,87,81.278879888569,-5.721120111431006
4332,1,64,52.2476743018121,-11.752325698187903
4333,1,83,86.5805017796811,3.5805017796811
4334,1,82,77.710262862538,-4.289737137461998
4340,0,58,53.9495746518514,-4.0504253481486
4341,1,73,69.2699873921707,-3.730012607829295
4345,0,77,74.94239485627,-2.057605143730001
4352,0,81,81.3570919896121,0.3570919896121012
4366,1,71,62.6165691512526,-8.383430848747402
4367,1,77,71.0989870466273,-5.9010129533727
4375,1,79,58.4684344498508,-20.531565550149203
4379,0,80,73.9507302612478,-6.049269738752201
4383,0,68,71.1671388705699,3.1671388705699
4385,0,61,59.9235411597898,-1.0764588402102007
4389,0,67,62.2282332311204,-4.771766768879601
4393,0,78,80.1066250353536,2.106625035353602
4394,1,70,69.9448210495476,-0.055178950452400954
4396,1,78,74.8829117926721,-3.117088207327896
4406,0,85,73.484740283204,-11.515259716795995
4408,0,91,75.7119484185953,-15.288051581404702
4409,0,74,73.9752254302085,-0.02477456979150361
4410,1,61,81.524147413727,20.524147413726993
4411,0,56,60.745751680874,4.745751680874001
4412,0,70,71.6684789487432,1.6684789487432
4415,1,77,79.0338386779042,2.0338386779041997
4417,1,64,50.4767238947656,-13.523276105234402
4420,0,61,49.163377214643,-11.836622785357001
4428,1,70,70.851822530061,0.8518225300609998
4432,0,57,54.2451515477886,-2.754848452211398
4436,1,68,54.3613036223849,-13.638696377615098
4437,1,62,58.0587571798439,-3.9412428201560985
4443,1,61,65.1512216604807,4.151221660480701
4449,0,74,72.0261803003208,-1.973819699679197
4450,0,56,54.8617015400561,-1.138298459943897
4460,0,63,62.7280410256201,-0.27195897437989913
4461,1,62,65.4308907156025,3.4308907156025015
4462,0,67,58.0211747173734,-8.978825282626602
4465,0,73,70.8338468438894,-2.166153156110596
4469,1,75,62.017276768982,-12.982723231018
4474,1,56,57.7701878968924,1.770187896892402
4476,1,68,71.5206860820887,3.5206860820887016
4477,0,84,79.0409663793393,-4.959033620660705
4478,1,89,73.5139370559331,-15.486062944066902
4479,1,79,74.4465039462165,-4.553496053783505
4480,1,76,70.2325256178367,-5.7674743821633
4484,1,69,73.4680911905028,4.468091190502804
4488,0,55,48.6330600674048,-6.366939932595201
4490,1,67,66.5259552148796,-0.47404478512039816
4492,0,71,77.5531197039458,6.5531197039457965
4493,0,76,72.0481627289539,-3.9518372710461023
4495,0,92,86.5188538113468,-5.481146188653199
4496,0,58,61.8989689148024,3.8989689148024027
4497,1,69,68.1388044979043,-0.861195502095697
4499,0,73,73.9842665342205,0.9842665342204953
4500,0,83,78.3354246849715,-4.6645753150285
4501,0,62,62.9229693442506,0.9229693442506033
4506,0,56,37.5697292390688,-18.4302707609312
4508,0,61,61.529755478494,0.5297554784940033
4511,0,80,67.6238501576103,-12.376149842389694
4512,0,85,84.9954777615315,-0.004522238468496198
4514,0,80,65.0583945872219,-14.941605412778102
4515,1,66,73.1924883151012,7.192488315101201
4520,0,61,65.8797692731344,4.8797692731344
4527,1,74,70.7512985665035,-3.2487014334965068
4529,1,60,48.9360362050805,-11.063963794919502
4535,0,70,63.4637773037791,-6.5362226962208965
4538,0,71,64.6553695513256,-6.344630448674394
4541,0,71,52.1934859882679,-18.806514011732098
4544,1,55,56.1427719126714,1.1427719126713995
4545,1,57,70.1381278804297,13.138127880429707
4552,1,69,65.6660660869205,-3.3339339130795054
4554,1,74,67.2544804075197,-6.745519592480306
4555,1,56,58.0121434716433,2.0121434716432987
4557,0,65,63.5331917565702,-1.4668082434298029
4561,1,74,60.2838513655752,-13.716148634424798
4563,1,65,63.5835120787362,-1.4164879212638013
4570,1,72,69.1755037776365,-2.824496222363507
4575,0,63,,
4576,1,62,54.9691841627808,-7.030815837219201
4577,0,68,70.5732492231581,2.5732492231581006
4579,0,74,65.8625358198017,-8.137464180198293
4580,1,72,71.4280636325987,-0.5719363674013067
4582,0,58,64.4983991619566,6.498399161956598
4584,1,69,63.7430386411632,-5.256961358836797
4588,0,69,68.0920257499031,-0.907974250096899
4590,0,60,60.3207093827597,0.32070938275970207
4592,0,73,68.2509581122673,-4.749041887732702
4597,0,79,75.404943333576,-3.595056666424
4598,0,59,72.6262669418074,13.626266941807401
4600,0,77,74.608540888229,-2.391459111770999
4611,1,82,70.5719680465953,-11.428031953404698
4612,0,75,67.0926074217188,-7.907392578281204
4614,1,76,64.7196588948758,-11.280341105124194
4615,1,72,74.5353668555364,2.5353668555363953
4617,0,67,67.1640532254616,0.1640532254616005
4618,1,87,78.3491230869182,-8.650876913081802
4622,0,61,66.4880305898092,5.488030589809199
4623,1,74,69.5138990848486,-4.486100915151397
4624,1,62,49.8754914701176,-12.124508529882398
4627,0,61,66.4921536560713,5.492153656071295
4635,0,82,76.1985483998923,-5.801451600107697
4638,0,64,51.7076101082706,-12.2923898917294
4641,1,68,58.0751041429662,-9.924895857033803
4642,0,64,63.1450300329447,-0.8549699670552968
4648,1,85,70.6732339488789,-14.326766051121098
4649,1,71,50.0292690854649,-20.970730914535103
4650,1,62,57.9269163422905,-4.073083657709503
4658,0,84,73.8866982885419,-10.113301711458107
4661,0,86,,
4662,0,77,77.2752542005982,0.27525420059819794
4667,0,73,63.5165880044654,-9.483411995534603
4668,0,75,70.5732738837837,-4.426726116216301
4671,1,66,67.4076249034925,1.4076249034925041
4675,0,86,71.9424696015291,-14.057530398470902
4677,0,66,67.7681419003164,1.7681419003163938
4682,0,68,75.0287669514856,7.0287669514855935
4683,1,57,65.8345575527655,8.834557552765503
4701,0,70,74.997668103569,4.997668103568998
4706,1,80,76.27657808263,-3.723421917370004
4715,0,64,71.751850533279,7.751850533278997
4720,1,65,78.0855505532502,13.0855505532502
4723,0,77,66.061643942,-10.938356057999997
4728,0,64,69.0645491914901,5.0645491914901015
4729,0,60,52.9037226556653,-7.096277344334702
4730,0,75,72.9352104101267,-2.0647895898732997
4731,0,63,64.8457245478235,1.8457245478234938
4732,1,64,64.1469354109037,0.14693541090369422
4734,1,66,71.2618079342733,5.261807934273307
4750,1,59,61.079148645534,2.079148645533998
4756,1,62,60.786615428851,-1.2133845711489997
4759,0,71,61.0622707049509,-9.937729295049103
4760,1,82,81.1308953815828,-0.8691046184171967
4763,0,94,88.5136848064758,-5.486315193524206
4765,0,58,56.0641996920931,-1.9358003079069022
4772,0,62,63.4582502154143,1.4582502154143029
4774,1,73,67.893008051193,-5.106991948807007
4777,1,82,76.1831161082713,-5.816883891728693
4778,0,78,71.3410289524436,-6.658971047556406
4782,0,65,68.6338287079134,3.633828707913395
4783,1,61,55.7236695682176,-5.276330431782398
4786,0,68,71.7237625785258,3.7237625785257933
4789,0,69,62.4125894862419,-6.587410513758101
4794,0,86,77.89180975484,-8.108190245160003
4795,0,56,62.4189884226311,6.418988422631102
4805,1,61,53.0048348310636,-7.995165168936403
4806,0,59,48.3535684050491,-10.646431594950897
4808,0,77,67.5293626410443,-9.470637358955699
4815,1,57,43.4628550076755,-13.5371449923245
4816,1,67,62.7170820121936,-4.2829179878064
4820,1,65,51.3395115551476,-13.660488444852398
4822,0,75,75.7450696477492,0.7450696477492045
4826,1,75,67.5859591588727,-7.414040841127303
4830,0,56,49.3778159087606,-6.622184091239397
4831,0,57,56.4602819646755,-0.5397180353244977
4839,0,81,69.066359355481,-11.933640644519002
4842,0,64,59.9419122584286,-4.0580877415713985
4846,1,82,81.0530570513513,-0.9469429486486973
4849,1,61,65.1739104137239,4.1739104137239025
4854,0,62,62.4278142734032,0.4278142734032002
4860,1,67,65.7347260250613,-1.2652739749386939
4861,0,61,60.3818976751648,-0.6181023248351991
4864,1,63,60.2547376487922,-2.745262351207799
4865,0,64,62.118459274031,-1.8815407259690033
4873,1,74,70.5423581903425,-3.4576418096575026
4875,0,64,56.6003438070644,-7.399656192935602
4878,0,74,68.018404935227,-5.981595064773003
4880,0,79,75.1655038792636,-3.8344961207364037
4886,1,78,78.2846172450966,0.284617245096598
4888,0,71,66.2786350261872,-4.721364973812797
4892,0,60,55.7277609248008,-4.272239075199202
4895,0,74,74.2097508782636,0.2097508782636055
4912,1,77,79.9385639007322,2.9385639007322055
4918,0,74,70.0758849986996,-3.924115001300393
4928,0,60,53.1632783335633,-6.836721666436702
4929,1,63,56.4622293240879,-6.5377706759121
4935,0,56,59.5993199276914,3.599319927691397
4939,1,63,59.1144982142865,-3.885501785713501
4947,1,64,61.2633897504762,-2.7366102495237996
4948,0,82,80.8944417665388,-1.1055582334611955
4950,1,75,67.3977620054372,-7.602237994562799
4951,0,59,56.0425977756407,-2.9574022243592992
4958,0,65,62.6578117214802,-2.3421882785197994
4961,1,68,69.6687830538579,1.6687830538578936
4969,0,80,62.5913732691372,-17.4086267308628
4974,0,63,58.1100901077227,-4.889909892277302
4980,0,62,62.9457632963366,0.945763296336601
4989,0,59,55.9666297410594,-3.0333702589406
4994,0,80,71.4004174777335,-8.599582522266502
4995,0,86,76.8442644278286,-9.155735572171395
4998,1,71,72.0394550451105,1.0394550451105005
5000,0,89,83.3837814488433,-5.616218551156706
5001,1,64,65.7546140872189,1.7546140872188971
5002,0,75,63.4877829282858,-11.512217071714197
5006,0,75,76.6130792535836,1.6130792535836065
5007,1,58,56.3442853206877,-1.6557146793122968
5009,0,74,76.9365751556388,2.9365751556388062
5011,0,77,65.7261890547182,-11.273810945281795
5017,0,88,82.4486854303167,-5.551314569683299
5029,1,63,52.8931072677701,-10.106892732229902
5031,0,55,57.3300666387758,2.330066638775797
5033,1,68,64.3482578769702,-3.6517421230298055
5038,1,62,56.9622316487183,-5.037768351281699
5040,0,70,57.326730530726,-12.673269469273997
5047,1,67,65.9287483721032,-1.0712516278967996
5053,0,75,68.9756003605827,-6.024399639417297
5056,0,73,67.2029315432134,-5.797068456786604
5063,1,84,73.9308447162149,-10.069155283785094
5067,1,55,43.6449866947859,-11.3550133052141
5072,0,71,71.7109413600683,0.7109413600683041
5073,1,94,86.277328816141,-7.722671183859006
5075,1,57,46.5443263700486,-10.455673629951399
5077,0,61,55.7162675092627,-5.2837324907373
5079,1,71,69.0960901366287,-1.9039098633712968
5092,1,56,65.4705325180973,9.4705325180973
5096,0,68,64.772294241257,-3.2277057587429994
5097,0,77,64.7434696243868,-12.256530375613195
5101,1,67,61.6245536395891,-5.375446360410898
5103,0,80,68.885005240675,-11.114994759325
5104,0,75,69.2376185204741,-5.762381479525899
5108,0,59,47.4152338761819,-11.584766123818099
5117,0,80,77.8259360030331,-2.1740639969668933
5118,0,69,65.4051056542359,-3.5948943457641036
5119,0,83,57.7189665755542,-25.281033424445802
5121,0,59,59.7067109203397,0.7067109203397024
5127,0,59,53.622502547374,-5.377497452626002
5129,1,60,72.6650328119831,12.665032811983096
5131,0,66,64.4247647139376,-1.5752352860623944
5134,0,87,71.137334133929,-15.862665866070998
5135,1,64,45.6394369398379,-18.3605630601621
5137,1,63,65.0600047055308,2.060004705530801
5148,1,84,77.2018336600346,-6.798166339965405
5149,1,73,65.0982599992141,-7.901740000785907
5151,1,58,56.3552917479046,-1.6447082520953984
5155,1,82,78.7867993291682,-3.213200670831796
5157,1,75,63.4522427264049,-11.547757273595103
5162,1,78,76.8785714077229,-1.1214285922770983
5163,1,60,61.2855132398072,1.2855132398072016
5166,0,76,70.1637531837165,-5.836246816283506
5167,0,67,67.8958086374474,0.8958086374474021
5169,0,69,67.9607916426666,-1.0392083573333935
5173,0,65,62.3561213978135,-2.643878602186497
5177,0,68,56.9909197459439,-11.009080254056101
5179,0,61,55.973808153208,-5.026191846792003
5182,1,84,68.2114825479802,-15.788517452019803
5187,1,58,57.928400897354,-0.07159910264599745
5195,1,73,77.4449882040245,4.444988204024497
5196,0,78,71.833053707757,-6.166946292242997
5199,0,88,,
5201,0,67,85.5113189056042,18.5113189056042
5202,1,81,67.8277731510316,-13.172226848968407
5203,1,84,72.9936721407203,-11.006327859279693
5208,1,79,80.4126472137784,1.4126472137783992
5214,0,83,76.9090014675303,-6.090998532469698
5219,1,66,64.5667954201743,-1.4332045798256985
5221,1,83,75.141108122434,-7.858891877565995
5224,0,63,61.902398279447,-1.0976017205530013
5231,1,67,65.8419185114299,-1.1580814885701045
5232,1,61,53.3562771152122,-7.643722884787799
5234,1,81,71.8844558983469,-9.1155441016531
5238,0,66,,
5239,1,71,73.0712728729564,2.071272872956399
5240,0,61,62.8758196346433,1.8758196346432996
5241,0,62,62.2870552368708,0.28705523687079904
5243,0,68,70.2185378610045,2.2185378610045063
5255,1,61,58.6206646006537,-2.379335399346303
5259,1,81,68.8741001893216,-12.125899810678405
5261,1,65,60.3023826517461,-4.6976173482539
5267,0,66,66.0954826322527,0.09548263225269693
5268,0,71,67.4319768530073,-3.568023146992701
5272,1,65,60.5212136694706,-4.4787863305294024
5273,0,69,57.3288997102711,-11.671100289728898
5274,0,55,63.37409884077,8.374098840770003
5276,1,66,61.0673587989688,-4.932641201031203
5277,0,74,74.7001011868087,0.7001011868086948
5281,1,57,48.4123391505884,-8.587660849411598
5283,0,61,59.619920229181,-1.3800797708190018
5284,0,57,,
5287,1,76,58.2224386198802,-17.7775613801198
5292,0,62,54.2550246535161,-7.744975346483898
5295,0,77,73.9262813008516,-3.073718699148401
5298,1,75,70.1834318042435,-4.816568195756503
5299,1,57,55.9714796454633,-1.0285203545367025
5300,0,74,70.2011190970973,-3.7988809029026953
5302,1,66,72.0704673828745,6.070467382874497
5303,1,67,70.6142851474922,3.614285147492197
5304,1,63,67.0357478209978,4.035747820997798
5308,1,88,83.9192170704909,-4.080782929509098
5309,1,74,66.3561846920885,-7.643815307911495
5311,1,60,46.8869852976099,-13.113014702390103
5316,1,84,82.0102560057654,-1.9897439942346011
5318,0,56,61.4406438174002,5.4406438174002005
5326,1,59,66.6434969455617,7.643496945561694
5328,1,63,58.8383271835215,-4.1616728164785
5331,1,63,73.9187311354372,10.918731135437199
5332,1,61,61.7284807329143,0.7284807329142993
5339,1,91,84.5247198714037,-6.475280128596296
5343,0,66,74.0798749187651,8.0798749187651
5351,0,80,70.2252466877551,-9.774753312244897
5353,1,64,55.4371897418312,-8.562810258168803
5354,1,69,65.0386799808371,-3.9613200191628977
5357,1,79,77.2279122774492,-1.7720877225507934
5358,1,63,63.5428596916289,0.5428596916288981
5362,0,64,63.6010881726059,-0.3989118273941017
5364,0,62,63.0338634175052,1.0338634175052022
5365,1,68,70.7504430406104,2.7504430406104063
5366,0,79,66.3374708596548,-12.6625291403452
5369,1,80,69.0595167243221,-10.940483275677906
5372,0,77,66.4405253603143,-10.559474639685703
5373,1,76,76.6204734628906,0.620473462890601
5381,1,84,78.9507384370382,-5.049261562961803
5387,1,72,72.0306970535084,0.030697053508404792
5390,0,67,66.5953203020691,-0.4046796979309022
5393,0,56,50.0770798448808,-5.922920155119201
5395,1,82,73.7699753909795,-8.230024609020504
5396,0,81,81.0688755869864,0.06887558698639396
5397,1,61,44.9697473440639,-16.030252655936103
5402,0,62,57.1629192158438,-4.8370807841562
5405,1,66,70.227888063777,4.2278880637770015
5409,1,64,59.7658715167293,-4.234128483270702
5414,1,73,75.0591743591679,2.0591743591678977
5423,1,69,66.3628592430948,-2.637140756905197
5427,0,75,73.088835090952,-1.9111649090479972
5429,1,89,77.4653706260311,-11.534629373968897
5431,1,76,75.2374825923799,-0.7625174076200949
5433,1,61,53.7270475222805,-7.2729524777195
5438,1,75,65.771339107133,-9.228660892866998
5440,1,69,56.5435320931631,-12.456467906836899
5443,0,60,60.4774346940334,0.47743469403339844
5447,1,89,86.7807191658595,-2.2192808341405055
5450,0,67,68.3887749951921,1.3887749951920938
5451,1,70,67.1550420215628,-2.8449579784371934
5457,1,82,67.7898597740997,-14.210140225900304
5463,0,56,45.4106633596604,-10.589336640339603
5464,1,87,67.6612491603143,-19.3387508396857
5469,0,67,63.8928329358634,-3.107167064136597
5472,1,85,70.4074148882871,-14.592585111712907
5474,1,86,77.9047561621934,-8.095243837806606
5475,0,76,75.4073271112462,-0.5926728887537962
5476,1,62,59.0636680915815,-2.9363319084185022
5479,0,75,74.4587477459598,-0.5412522540402023
5480,1,75,72.7326345540649,-2.2673654459350985
5489,0,59,69.0562396759374,10.056239675937405
5491,1,58,57.1332468196753,-0.8667531803247002
5494,0,83,62.4240595510058,-20.575940448994203
5496,0,65,67.3236428504641,2.323642850464097
5499,1,67,62.4182281050911,-4.581771894908897
5500,1,56,41.5996910355142,-14.400308964485802
5503,0,69,70.2502220896136,1.250222089613601
5510,0,55,49.9102640800146,-5.089735919985401
5513,1,63,62.9580764465407,-0.041923553459298546
5514,1,77,66.9425495857901,-10.057450414209896
5518,1,69,67.4819306374758,-1.5180693625242014
5522,1,72,61.1543074960561,-10.845692503943901
5527,1,62,58.7364567556435,-3.263543244356498
5529,0,67,57.7915345578308,-9.2084654421692
5532,0,67,62.614443121029,-4.385556878971002
5537,0,71,65.202393775216,-5.797606224784005
5543,1,85,81.755582331095,-3.244417668905001
5550,0,63,55.8263027120701,-7.1736972879298975
5551,0,56,50.2204244739952,-5.779575526004798
5555,0,57,52.1848510079636,-4.815148992036399
5557,0,71,67.5371001161192,-3.4628998838807945
5559,1,78,69.3222469432944,-8.677753056705598
5563,0,68,58.2497335650212,-9.750266434978798
5565,1,60,57.4464230090229,-2.553576990977099
5568,0,66,61.4057479057283,-4.5942520942717024
5570,1,77,69.6101744970887,-7.389825502911293
5574,1,61,61.7981672993225,0.7981672993225004
5577,0,67,63.0023694204026,-3.9976305795973985
5580,1,60,66.3185833038715,6.318583303871506
5581,0,65,66.2282852379748,1.2282852379748022
5582,1,77,77.3430430376285,0.3430430376285045
5586,1,87,81.2882076975754,-5.711792302424598
5592,1,71,65.75449725161,-5.245502748389995
5596,0,65,64.8835622737935,-0.11643772620649884
5599,0,77,75.7936469547392,-1.2063530452607978
5603,1,66,74.8571458210425,8.857145821042494
5606,0,75,73.3533913232447,-1.6466086767553065
5608,1,68,59.309403528431,-8.690596471569002
5617,0,68,62.099943618535,-5.900056381464999
5619,0,64,74.1497872093117,10.149787209311697
5621,0,72,62.6374264732502,-9.362573526749799
5622,0,61,63.3162441028059,2.3162441028059035
5623,1,68,56.786829513063,-11.213170486937003
5627,0,73,68.6016369793642,-4.398363020635799
5631,1,67,59.09311635863,-7.906883641370001
5632,0,75,70.0611378304275,-4.938862169572502
5635,1,68,66.153546829487,-1.8464531705130014
5654,0,89,80.8508953234446,-8.149104676555396
5656,0,71,64.0592259510109,-6.940774048989098
5658,0,60,58.4880121033381,-1.5119878966618998
5659,1,58,64.3793018977347,6.379301897734706
5660,0,65,62.0762655189902,-2.9237344810098023
5662,0,87,77.1995886695072,-9.800411330492807
5665,0,55,52.8531442206315,-2.146855779368501
5669,1,65,60.6912371012762,-4.308762898723799
5673,0,61,58.1917092376034,-2.8082907623966022
5677,0,58,65.9456200655242,7.945620065524196
5680,0,83,,
5686,0,67,66.1667656411131,-0.833234358886898
5692,1,66,60.3893277735581,-5.610672226441899
5695,0,72,69.8954508615413,-2.104549138458694
5696,1,57,,
5697,0,76,70.8252721195522,-5.174727880447804
5703,1,66,65.89085672989,-0.10914327010999614
5704,0,56,65.7721775046699,9.772177504669898
5706,1,73,66.4515385851945,-6.548461414805502
5708,1,74,71.6172236115988,-2.382776388401197
5714,1,63,54.6831438635515,-8.3168561364485
5716,0,70,59.1947841051461,-10.805215894853902
5721,0,80,57.5629887207982,-22.437011279201798
5722,0,56,52.1950127448145,-3.8049872551855017
5733,0,73,62.319947087894,-10.680052912106
5734,1,75,75.0379837185247,0.03798371852469984
5737,1,62,61.0008179327409,-0.999182067259099
5740,0,64,64.0431948618258,0.04319486182579624
5748,0,70,81.5747751655984,11.574775165598396
5749,0,67,72.6064265326494,5.606426532649394
5753,0,58,57.9604533830199,-0.03954661698009687
5754,1,58,59.8051264105178,1.8051264105178007
5759,0,76,85.9167284964247,9.916728496424696
5775,1,57,54.7536736386082,-2.2463263613918016
5777,1,77,71.4662615733865,-5.533738426613496
5780,0,58,62.8176233056815,4.817623305681501
5782,1,61,61.2111213539159,0.2111213539158996
5784,1,74,70.3091823259897,-3.6908176740103045
5786,1,71,70.8626740989209,-0.1373259010790946
5788,0,66,54.8789662199798,-11.121033780020198
5789,1,65,56.6740025464893,-8.325997453510702
5792,1,64,53.3559353690882,-10.6440646309118
5793,1,58,62.9072768675488,4.907276867548802
5796,1,72,60.3877585093453,-11.612241490654696
5797,0,72,60.3067041683713,-11.693295831628703
5798,0,82,76.5038063824109,-5.4961936175891
5801,1,92,81.1327011051079,-10.867298894892102
5805,1,56,50.1866399398912,-5.813360060108799
5806,0,69,60.6161485183048,-8.383851481695203
5810,0,74,71.3858644178642,-2.614135582135802
5814,0,57,51.5290188910572,-5.4709811089428015
5821,1,55,61.2332319819599,6.2332319819598965
5827,0,60,69.5557574120317,9.555757412031696
5828,1,83,80.6115915901167,-2.388408409883297
5830,0,73,74.3770719226339,1.3770719226339025
5831,0,65,60.4182165809644,-4.581783419035602
5832,0,61,64.9951386263921,3.995138626392105
5837,1,57,51.9383311023373,-5.061668897662699
5838,0,60,58.0703940906627,-1.9296059093372975
5841,1,74,76.1297008156577,2.1297008156576993
5842,0,75,88.2945939201115,13.294593920111495
5845,0,67,51.9737846849078,-15.026215315092202
5846,0,62,59.7126808289257,-2.2873191710743015
5847,0,62,60.3926648668267,-1.6073351331733008
5851,1,65,55.938219584602,-9.061780415397998
5854,0,60,45.8602988237476,-14.139701176252402
5857,0,66,64.9064837195962,-1.0935162804038043
5858,1,63,51.7649312304362,-11.235068769563803
5864,1,78,78.1260890509622,0.12608905096219303
5868,1,58,65.9520516235006,7.952051623500594
5869,0,77,76.9955796797421,-0.004420320257906951
5871,0,75,77.2867294233205,2.2867294233204944
5875,1,66,71.47981219668,5.479812196680001
5876,0,81,82.4268013474622,1.4268013474622023
5877,0,87,82.7310423445896,-4.268957655410404
5881,0,62,49.5621201325788,-12.437879867421202
5882,0,67,61.4606934140786,-5.539306585921402
5884,0,73,,
5885,0,88,72.4361273295804,-15.563872670419599
5886,1,62,61.0480233001193,-0.9519766998807029
5887,1,65,66.3028012866739,1.3028012866738976
5888,1,64,65.3090415193948,1.3090415193947962
5890,0,75,68.2909089289365,-6.709091071063497
5891,0,90,83.9038781701316,-6.096121829868395
5896,1,57,57.5710352292507,0.5710352292506968
5897,0,67,66.5329065670084,-0.46709343299160366
5899,0,67,63.158597348927,-3.841402651072997
5906,0,58,58.4346256443893,0.43462564438929974
5907,0,63,66.6662380794109,3.6662380794109026
5909,1,60,54.0257018854307,-5.974298114569301
5911,0,69,67.8687168437298,-1.1312831562702002
5921,1,60,66.6467953103485,6.6467953103484945
5924,1,74,69.8360514258756,-4.1639485741244044
5932,0,71,67.4594432711686,-3.5405567288314046
5939,1,76,72.8101273898248,-3.1898726101752004
5942,0,63,51.3641266466068,-11.635873353393201
5945,0,83,78.5263505522681,-4.473649447731901
5947,0,59,57.5212448580982,-1.4787551419018001
5954,0,62,54.9996089165207,-7.0003910834793
5955,1,59,61.8722982249749,2.872298224974898
5957,1,86,77.8945379993362,-8.105462000663806
5958,1,70,68.2735794289568,-1.7264205710432066
5969,1,65,56.8963873154955,-8.103612684504498
5970,1,59,54.6141667224501,-4.385833277549899
5977,0,64,64.1878617452111,0.18786174521109444
5980,0,55,48.6877350851459,-6.312264914854097
5982,0,64,55.7365566830363,-8.263443316963702
5983,1,75,73.2983399736573,-1.7016600263426938
5986,0,73,70.1472403650904,-2.852759634909603
5988,1,56,53.513619276277,-2.486380723723002
5990,0,61,64.9594480600508,3.9594480600508035
5993,0,74,72.094102346859,-1.9058976531409968
5995,0,80,74.8118043689191,-5.188195631080902
5998,1,60,61.5741999412598,1.5741999412597991
6000,0,63,50.2592462230202,-12.740753776979801
6001,0,65,61.3453681519537,-3.6546318480463
6002,1,76,75.067660919134,-0.9323390808660008
6003,0,54,52.2002447927497,-1.7997552072502998
6005,0,62,55.0976505726256,-6.9023494273744035
6009,0,73,63.7145067778889,-9.2854932221111
6011,1,68,63.5172185270147,-4.482781472985302
6015,0,79,74.4260106026917,-4.573989397308296
6019,0,81,80.7179773552128,-0.2820226447872045
6020,1,66,56.9728739906902,-9.027126009309796
6022,1,84,69.2988064945182,-14.701193505481797
6024,0,63,62.8806305858761,-0.11936941412390212
6027,0,63,54.471613462984,-8.528386537015997
6029,1,63,52.7195481500573,-10.2804518499427
6036,0,93,83.5608568804597,-9.439143119540304
6037,1,76,79.2203939244,3.2203939243999997
6039,0,83,83.02463245417,0.02463245417000337
6043,1,83,57.1378638493563,-25.8621361506437
6047,1,62,47.4936815777497,-14.506318422250303
6050,0,71,65.4436614612548,-5.5563385387451945
6052,0,74,86.1995723226836,12.199572322683593
6053,1,63,60.2145530379264,-2.7854469620735998
6064,0,86,78.7277415634586,-7.2722584365414065
6065,1,76,75.030446029115,-0.9695539708850021
6067,1,72,73.3313425310502,1.331342531050197
6071,1,64,64.0422286063805,0.04222860638050463
6072,0,72,69.0029584375492,-2.9970415624508036
6073,1,66,62.9686377892883,-3.0313622107116984
6074,1,78,67.3758475866943,-10.624152413305694
6075,1,66,71.8111521932709,5.8111521932709
6076,0,60,49.6533124965029,-10.346687503497101
6077,0,91,87.3208353884923,-3.6791646115077015
6081,0,72,60.9234657692073,-11.076534230792703
6087,0,76,63.696830430989,-12.303169569010997
6088,0,87,73.8952900636433,-13.104709936356699
6091,1,64,59.2692089158393,-4.7307910841607
6095,0,70,67.0438921979323,-2.956107802067706
6097,1,56,60.6124146776048,4.6124146776047965
6099,0,92,82.5901753643147,-9.409824635685297
6106,1,59,65.9102463458309,6.910246345830899
6115,0,69,70.3625662670426,1.3625662670425953
6117,1,85,66.3781944245284,-18.621805575471598
6119,1,68,68.9252767273643,0.9252767273643059
6123,0,64,68.3993621579566,4.3993621579566025
6128,0,70,77.6980941026832,7.6980941026832
6131,0,89,76.2776367882999,-12.722363211700099
6132,0,60,53.8495481654192,-6.1504518345807995
6136,0,80,69.1523223979301,-10.847677602069894
6138,1,58,54.3984073890737,-3.6015926109263035
6139,0,73,60.3001006853548,-12.6998993146452
6140,1,81,81.1508984593676,0.15089845936759616
6145,1,83,80.5820974065497,-2.417902593450293
6151,1,66,65.9150169797231,-0.0849830202768942
6155,0,56,52.845435262611,-3.154564737389002
6156,1,57,59.3008982681628,2.300898268162797
6157,1,78,92.481074395588,14.481074395587996
6160,0,77,71.9454415198846,-5.0545584801154035
6172,1,61,56.1399024127704,-4.860097587229603
6174,1,69,57.5527090616433,-11.447290938356701
6176,1,58,55.8007670220216,-2.1992329779783972
6180,1,57,62.6654335262168,5.665433526216802
6183,0,69,59.300725021923,-9.699274978077
6193,1,67,65.5601416519019,-1.4398583480980989
6195,0,71,65.5034337170145,-5.496566282985498
6202,1,59,65.0008874581921,6.000887458192096
6205,1,70,58.3425440368948,-11.6574559631052
6209,0,58,55.2597620375698,-2.7402379624302
6215,0,88,79.087677971338,-8.912322028662004
6217,0,75,76.9208974174464,1.9208974174463975
6221,0,64,59.1462239204512,-4.853776079548801
6223,1,90,80.0572251278068,-9.942774872193198
6224,0,71,63.2842097330978,-7.7157902669021965
6226,0,70,62.8676659326491,-7.132334067350897
6230,0,73,72.1245213810509,-0.8754786189491028
6236,0,65,60.063618855395,-4.936381144605001
6238,0,62,64.5815117641617,2.5815117641617036
6240,1,64,56.3456676193024,-7.654332380697603
6244,1,89,74.6923286958187,-14.307671304181298
6245,1,68,68.6233553386756,0.6233553386755943
6248,1,82,77.0257229888933,-4.974277011106693
6252,0,56,57.3208613099645,1.3208613099644992
6261,1,62,69.7631206288907,7.763120628890704
6262,0,61,64.5548091176141,3.5548091176140986
6263,1,61,50.258509766644,-10.741490233355997
6266,0,78,68.2140265364081,-9.785973463591901
6274,0,63,52.1865427651575,-10.813457234842502
6278,0,82,82.0795775205707,0.07957752057069456
6279,1,77,71.4992720140249,-5.500727985975104
6280,1,65,65.8801729202231,0.880172920223103
6281,0,64,61.9188639236847,-2.0811360763153033
6286,0,83,77.1892115260382,-5.810788473961793
6288,0,81,77.6282479905543,-3.3717520094457
6290,1,58,72.3579565591728,14.357956559172806
6291,0,82,72.0147298047759,-9.985270195224103
6292,1,55,61.6484717004658,6.648471700465798
6295,1,77,72.2090441266881,-4.790955873311901
6296,1,67,62.707319721961,-4.2926802780390005
6298,1,67,54.7039497052154,-12.2960502947846
6300,0,89,76.3451347688857,-12.6548652311143
6306,1,63,65.1309119935957,2.130911993595703
6308,1,80,72.3624799405511,-7.637520059448903
6309,0,62,64.3409173532848,2.3409173532847944
6311,0,74,69.1019865293362,-4.898013470663798
6313,0,66,61.3635749141822,-4.636425085817798
6314,0,61,53.4085750052771,-7.5914249947228996
6316,1,66,65.5578333564404,-0.44216664355960233
6317,0,59,62.0871319730119,3.0871319730119
6318,1,66,68.4991564621094,2.499156462109397
6320,0,61,62.6372155802242,1.6372155802242006
6321,0,73,70.1345226702496,-2.865477329750405
6322,0,61,60.3124784795678,-0.6875215204321989
6323,1,77,71.7025520834998,-5.297447916500204
6330,1,80,71.0135200732101,-8.986479926789897
6331,0,60,45.7654043121229,-14.234595687877103
6333,1,71,69.7966744209327,-1.2033255790672968
6335,0,67,58.0269926441147,-8.9730073558853
6336,0,55,58.348609765702,3.348609765702001
6337,1,56,63.3557888832958,7.355788883295801
6340,0,63,58.9807000803779,-4.0192999196220995
6350,1,65,70.4119787850597,5.411978785059702
6351,0,62,,
6353,0,65,52.0900716115943,-12.909928388405703
6362,1,89,79.7215869084682,-9.278413091531803
6366,1,62,59.5874714533553,-2.412528546644701
6367,0,67,61.5443423272174,-5.4556576727826
6370,0,59,57.7147633656389,-1.2852366343610981
6372,1,67,65.0271290308047,-1.9728709691952986
6374,0,79,74.0067297844264,-4.993270215573602
6376,0,80,79.4757069075184,-0.5242930924815994
6382,1,57,68.6604193636385,11.660419363638496
6383,0,62,53.9536042810411,-8.046395718958898
6384,0,68,68.908326711019,0.9083267110190008
6385,1,59,61.5793249598592,2.5793249598592
6390,1,88,77.2702155988231,-10.7297844011769
6401,0,83,79.0375567914426,-3.962443208557403
6410,0,62,52.4411846398958,-9.558815360104198
6413,1,65,59.5333386058373,-5.466661394162699
6414,0,77,73.5815463695568,-3.418453630443196
6415,1,78,78.2333363196778,0.23333631967780377
6416,1,74,56.7791414335756,-17.220858566424397
6417,1,81,92.1846467553277,11.184646755327705
6419,0,73,51.2596041590044,-21.740395840995603
6422,0,81,72.1173232742745,-8.882676725725503
6424,0,69,42.6732302337155,-26.3267697662845
6430,1,58,61.3925879245661,3.392587924566101
6431,1,67,66.1837706657073,-0.8162293342927001
6432,0,60,58.9747272110189,-1.0252727889810984
6433,0,76,63.455046108654,-12.544953891345997
6435,0,70,71.5941447932958,1.594144793295797
6438,0,61,50.0585737954944,-10.941426204505603
6440,1,85,80.1291459481657,-4.8708540518343
6442,1,88,79.8636424892291,-8.136357510770907
6444,1,63,62.3647402295838,-0.635259770416198
6445,0,60,62.052125013815,2.052125013815001
6447,0,69,60.325398299304,-8.674601700696002
6450,0,67,62.4874099744003,-4.5125900255997
6452,1,75,61.5495806451305,-13.450419354869503
6454,1,65,60.4889197433326,-4.511080256667398
6460,0,57,64.6255454615862,7.625545461586199
6462,0,58,64.523647003327,6.5236470033269995
6467,1,60,55.0289026837456,-4.971097316254401
6471,0,62,65.9866390833912,3.9866390833911964
6475,1,63,61.559045724484,-1.440954275515999
6476,0,83,73.8335882895524,-9.166411710447605
6477,1,57,52.581407005212,-4.418592994788
6482,1,72,69.8503174387224,-2.1496825612776007
6485,1,71,64.3695436204699,-6.630456379530102
6491,1,64,73.4822834845791,9.4822834845791
6492,1,88,77.7183727143229,-10.281627285677104
6493,1,61,67.2949449611256,6.294944961125594
6500,1,67,65.5740215991245,-1.4259784008754934
6501,1,64,57.5051299177116,-6.494870082288401
6502,0,74,69.7259801814021,-4.274019818597907
6503,0,60,63.2373709218445,3.2373709218445015
6505,0,63,58.0606973176962,-4.939302682303797
6506,0,64,60.3801114712673,-3.6198885287327016
6509,0,76,68.6431129586973,-7.3568870413026985
6514,0,76,83.7503880153917,7.750388015391707
6516,1,80,73.2288581250224,-6.771141874977602
6521,1,76,75.7987305619133,-0.2012694380866975
6527,0,59,51.4131178624951,-7.586882137504901
6528,0,60,59.5886798674126,-0.41132013258739875
6538,1,82,68.3409823729762,-13.6590176270238
6549,1,65,65.1778048480276,0.17780484802760554
6557,1,58,57.5493826493318,-0.4506173506682032
6566,0,77,78.9322763569162,1.932276356916205
6567,1,70,60.0867925526643,-9.9132074473357
6568,0,58,66.1638362098409,8.163836209840895
6577,0,71,66.0336566415252,-4.966343358474802
6582,0,78,78.4461869716378,0.4461869716378004
6583,0,78,61.2744958804791,-16.7255041195209
6593,0,58,42.6870152486831,-15.312984751316897
6599,1,68,64.2375012339467,-3.762498766053298
6607,0,70,64.3288146281707,-5.671185371829296
6610,0,74,71.2055725709253,-2.7944274290747018
6614,1,77,65.7421930001677,-11.257806999832297
6616,1,74,51.4196204613653,-22.580379538634702
6619,0,69,69.28451641622,0.2845164162200007
6621,0,58,58.0293708832549,0.029370883254898672
6622,0,82,65.9696616762049,-16.030338323795107
6627,0,64,69.9923556427074,5.992355642707395
6629,0,78,74.3401954493889,-3.659804550611099
6630,0,77,69.4469956731739,-7.553004326826098
6632,0,83,80.0529611981608,-2.9470388018391986
6641,0,87,81.8526819189682,-5.147318081031798
6646,1,73,68.5859887458892,-4.414011254110804
6648,1,66,61.5686499862944,-4.431350013705597
6653,1,61,57.0875220850882,-3.912477914911797
6655,0,74,79.9571882561798,5.957188256179805
6656,1,65,54.0956697311952,-10.904330268804799
6657,0,57,,
6663,1,68,59.2767545122963,-8.7232454877037
6671,1,58,59.3000071013393,1.3000071013392969
6672,1,90,85.6922454457142,-4.307754554285793
6680,0,69,67.8719633452865,-1.1280366547134975
6682,1,70,73.9796983308606,3.9796983308606
6685,1,69,80.6754460022567,11.675446002256706
6686,0,74,72.2375847738438,-1.7624152261561932
6693,0,62,,
6695,1,55,52.7010135463883,-2.298986453611697
6697,1,65,68.5696697007999,3.5696697007999063
6704,1,86,73.5116315656289,-12.488368434371097
6707,0,82,75.7070210978099,-6.2929789021901
6709,0,85,79.6565960120521,-5.3434039879478945
6722,0,61,59.6817611354219,-1.318238864578099
6723,1,58,57.978388960541,-0.021611039459003223
6726,0,63,46.1780630937702,-16.8219369062298
6727,0,71,59.0641683569233,-11.935831643076703
6730,0,60,45.5095038228614,-14.490496177138603
6734,0,61,55.18449079243,-5.815509207570003
6737,1,62,73.389313986465,11.389313986464998
6739,0,77,65.5447209484996,-11.455279051500398
6741,1,81,74.7115921930358,-6.2884078069642015
6746,0,71,65.3263483403889,-5.673651659611096
6751,1,68,56.3905105925819,-11.609489407418103
6754,1,62,69.8151383440732,7.815138344073205
6755,0,63,63.0037356022983,0.0037356022982990567
6756,0,71,63.8096856296799,-7.1903143703201025
6757,0,73,62.274172616189,-10.725827383811001
6759,0,63,63.6821377089716,0.6821377089716023
6773,0,60,57.4756203036084,-2.5243796963915983
6781,1,66,70.4969907670776,4.496990767077605
6783,0,85,68.7541658158693,-16.2458341841307
6784,0,78,71.509102833635,-6.490897166365002
6786,0,60,60.1429464428668,0.14294644286680125
6788,0,59,77.179768974518,18.179768974517998
6789,1,74,60.9662586234454,-13.033741376554602
6790,1,72,68.1812219063568,-3.8187780936432034
6792,1,62,78.6925111300304,16.692511130030397
6795,0,63,61.8982456742485,-1.1017543257515001
6796,0,55,51.7753816943807,-3.224618305619302
6802,0,65,57.9231134705428,-7.076886529457198
6804,0,77,77.323426401723,0.3234264017229975
6807,1,60,49.9157898674995,-10.084210132500502
6810,1,77,70.6090283573644,-6.390971642635606
6811,1,79,67.0248418314991,-11.975158168500897
6812,0,68,63.918736575336,-4.081263424664002
